year,month,yearmonth,_b_log_scope1,_b_log_scope2,_b_log_total_emissions,_b_log_energy_consumption,_b_change_scope1,_b_change_scope2,_b_change_total_emissions,_b_change_energy_consumption,_b_scope1_int,_b_scope2_int,_b_total_emissions_int,_b_energy_consumption_int,year-month,MKTRF,HML,SMB,CMA,MOM,BAB
2009,8,200908,-0.0558190608328415,0.0323847277965535,0.0075691416405823,0.0315730412070137,,,,,-0.0001413307369938,0.0002648130082565,-4.63176944632e-11,-1.26814291263e-06,200908.0,1.64,-5.1,3.97,-3.17,-4.49,0.1544
2009,9,200909,-0.0022903728507557,-0.0052815568701132,-0.0057309555862855,-0.0083811424581646,,,,,6.50278138954e-06,7.43721746365e-05,6.78314598166e-13,1.97779607548e-06,200909.0,8.7,0.52,0.28,-2.86,-0.26,0.1262
2009,10,200910,0.0088804899720051,0.0044962776086498,0.0075825627448829,0.0097112300763673,,,,,-1.87946477069e-05,-0.0002284039646375,1.30200770038e-11,-3.36435031188e-06,200910.0,1.25,2.16,1.66,1.64,1.25,0.0663
2009,11,200911,-0.0001886210234702,0.0155387716443078,0.0133821607226577,0.0164378131959829,,,,,4.60130384456e-05,0.0001913869749655,7.55094427854e-12,1.89435553867e-06,200911.0,2.65,-2.57,1.67,-0.46,1.25,0.0333
2009,12,200912,0.0131392939765096,-0.0011347862957953,0.0059823480312995,0.0031749974508581,,,,,1.42215344315e-05,-0.0002551651851332,2.10173673301e-11,-4.88704160469e-07,200912.0,2.45,1.5,-0.41,0.62,0.67,0.009
2010,1,201001,0.0202738208736668,-0.0101415587548235,-0.0006787512047863,0.005163296948112,-1.07494222948e-07,-6.40361355597e-07,-1.3080900994799999e-14,7.68487920144e-09,-1.60776772488e-06,0.0006325334248916,-3.59928039505e-11,8.17258207126e-07,201001.0,-6.25,-0.02,4.52,1.69,-2.71,0.0416
2010,2,201002,-0.0007665849472981,-0.0136230224211853,-0.0071572117559495,-0.0097596555279058,1.4393836879e-08,-8.10725252345e-07,5.25046293301e-15,-3.47766551874e-09,-2.88762810172e-05,0.0002811686536829,1.13036268974e-11,-1.66387150198e-06,201002.0,2.63,1.57,-2.08,-1.2,1.0,0.001
2010,3,201003,0.0582083156246282,0.0053146153373975,0.0244766574288495,0.0118447919614433,3.52014282302e-08,-3.82161803938e-07,4.4300547765199995e-15,-5.39044930315e-10,5.0213989514e-05,0.0009809295419164,5.331198510680001e-12,1.71186820714e-06,201003.0,7.65,1.21,-0.42,-2.04,1.67,-0.004
2010,4,201004,-0.0008403886361561,-0.0006779652834473,-0.0065428937857461,-0.0011985941780147,-8.18011481993e-08,1.62819343395e-07,-9.52377586753e-15,4.0706924456e-09,-3.27617135293e-05,0.0002566909572684,-2.52027813954e-11,-6.91497433433e-07,201004.0,0.76,-0.87,3.94,2.34,0.42,0.0155
2010,5,201005,0.0173770470671526,0.0237078275222102,0.0140210419994879,0.0087928429669383,8.68547319834e-08,9.40998171562e-10,9.529769786439999e-15,-4.80520657432e-09,1.87371831285e-05,0.0001498635493488,1.34748634107e-11,8.43033995077e-07,201005.0,-12.22,1.56,-3.06,2.66,-3.97,-0.0448
2010,6,201006,0.0311709631841177,0.0283146149446281,0.0440131773810553,0.0215853642126056,,,,,6.70904776804e-05,0.0002592385198735,1.95608518659e-11,2.80989331714e-06,201006.0,-0.2,1.3,-1.05,1.18,-1.91,0.0287
2010,7,201007,0.0104282351171072,-0.0168444978659448,-0.0066723662597692,-0.0021867278468397,-8.12647176844e-08,-1.78133728548e-06,-3.23427376357e-15,2.71059796615e-09,-1.79445909752e-05,-9.46545025131e-05,-1.9433729502e-12,-1.01023862906e-06,201007.0,9.56,-0.91,-1.08,1.45,0.56,0.0259
2010,8,201008,-0.0453411600963812,0.0033480764722204,-0.0207672042780345,-0.0654899440133449,2.98389784102e-07,2.08631880498e-06,3.7356023598e-14,-2.81369789863e-08,-1.25148224836e-05,-0.0006671897177369,4.6633815503700005e-12,-1.20093671904e-06,201008.0,-0.79,0.47,-0.07,0.26,3.42,0.0302
2010,9,201009,0.0261897787342145,-0.0099203811813044,0.0009525488096322,0.0467630742027616,,,,,-3.87663933739e-05,0.0002128484651966,-3.95057295029e-11,-2.32824461086e-06,201009.0,12.84,-0.8,1.64,0.26,-1.23,0.0292
2010,10,201010,0.0115660887570443,0.0526887509722029,-0.0022857120079314,0.0048852951071541,-2.01456516886e-07,-5.12176064162e-07,-2.99762255406e-14,2.74736799537e-08,-7.31864070458e-05,0.0003008751518559,-4.51360207009e-11,-4.12727575919e-06,201010.0,3.7,-2.32,1.44,0.86,1.32,0.0631
2010,11,201011,0.011137190033516,-0.0369685674928233,0.005662108004743,0.0120852878108695,-4.84038976685e-08,-4.78595457747e-07,-7.40250245122e-15,5.49709645844e-09,2.28396152081e-05,0.0004025280732385,6.470036487180001e-12,9.31372427031e-07,201011.0,-1.15,0.66,1.08,1.58,5.14,0.0385
2010,12,201012,0.0294374991850541,-0.0216937125826568,0.0211223608870608,0.0219448776137052,-1.90508427132e-08,-4.62275898475e-07,-2.9631254174999997e-15,8.37621784005e-09,2.27320927829e-05,0.0004607610425326,2.27757225904e-11,8.00285020866e-07,201012.0,6.76,-2.82,2.45,-0.36,0.21,0.0329
2011,1,201101,-0.0273915828816828,0.0208080741219341,-0.0047274129623245,-0.0300478948892574,4.61906379867e-07,3.21291717599e-06,1.69282063455e-13,8.16477896434e-09,-1.0491378289e-06,0.0001014717100459,8.473657568120001e-12,-2.0211189341e-08,201101.0,-0.79,3.0,-0.89,1.98,0.41,0.0093
2011,2,201102,0.0122680986893705,0.0108516871315397,0.0087489407413055,0.0137963725555429,-5.03862574205e-07,-1.76226978224e-06,-9.36459652574e-14,-3.38518422852e-09,-3.45099979736e-05,0.0001828459467188,-1.50408038125e-11,-1.58573818378e-06,201102.0,-0.07,-4.36,0.31,-0.66,1.15,0.044
2011,3,201103,-0.00563075866412,0.0327272487983439,0.0102545588583364,0.0098899750682854,,,,,-3.38699728835e-05,-0.0002330227683081,4.664725572280001e-12,-1.06581426447e-06,201103.0,2.08,-1.68,-0.76,-1.46,0.31,0.0248
2011,4,201104,-0.0006166241143895,-0.0439180796575079,-0.0232736574818928,-0.0049146288387134,,,,,2.28877662174e-06,-0.0006932783031994,-7.698295155970001e-12,2.72448797838e-07,201104.0,4.77,-0.53,-0.61,-0.66,2.12,0.0381
2011,5,201105,0.0168060583136407,0.0017645212325474,0.0073955392478243,0.0257608516707152,4.84486697421e-09,-3.53909610633e-07,-4.42218646824e-15,-1.47655929521e-10,-1.42681110736e-05,0.0001665079645228,-1.42008412066e-11,-3.44415840818e-07,201105.0,-2.53,2.01,-1.98,0.94,4.31,-0.0209
2011,6,201106,-0.0026120698512702,0.0029579234540686,-0.0021075220312246,-0.0015619871065147,-1.15585642663e-07,-9.53991752469e-07,-2.8399537472999997e-14,-1.4202324298e-09,-3.35051785896e-05,-0.0001137684946308,-1.36670880379e-11,-9.93523213918e-07,201106.0,-2.32,-0.06,-1.98,-0.86,0.15,0.0207
2011,7,201107,0.0424598890488173,-0.0146655475014343,0.0170423466585938,0.0380956043396778,,,,,4.02064369094e-05,0.0004587860719102,-2.1356901328900003e-12,1.3958758199e-06,201107.0,1.29,-1.06,1.25,-0.68,4.37,-0.0149
2011,8,201108,-0.0298271653763527,-0.0433878281486653,-0.0241146258579676,-0.0096445755597792,-3.92751912988e-07,-1.4199535988e-06,-2.50406119824e-14,-1.43214975743e-09,4.73406265126e-05,-0.0007497669654084,-2.07325345087e-11,2.49788233178e-06,201108.0,-6.67,-1.88,-2.16,0.8,1.0,-0.0013
2011,9,201109,-0.0258611723299507,-0.0034014541639567,-0.0052123873409239,2.87840437436e-05,-3.21142691456e-07,-1.96925216662e-06,-3.5621715710599994e-14,-1.8669195483e-09,-3.18379483343e-05,-0.0001010217918817,-9.495846776290001e-12,-7.83268402824e-07,201109.0,-15.79,1.92,-0.18,3.76,-3.52,-0.0092
2011,10,201110,0.0255185792898081,0.0417579456651221,0.0235382653877498,0.010666895827235,6.75098218961e-07,1.43168844304e-06,3.18953992139e-14,1.81794790955e-09,-3.60410227325e-05,0.0015309903181331,1.68625909875e-11,-1.15771570106e-06,201110.0,13.98,-0.89,-2.74,0.39,-1.1,0.0536
2011,11,201111,-0.0305419578098916,-0.0424685007938841,-0.0244628261253665,-0.0138105889223739,-5.70989035081e-07,-1.54740021307e-06,-4.6861857835899995e-14,-2.51546209051e-09,3.68292892233e-05,-0.0008702697095983,-3.47459693866e-11,1.14128120128e-06,201111.0,-6.53,-1.07,0.97,1.38,5.4,0.0034
2011,12,201112,-0.0062553290166703,-0.0099356708675089,-0.0034965473397549,-0.0122023214549107,2.7430907477e-07,1.64812877675e-06,3.94078613589e-14,2.13032540999e-09,-1.81542663619e-05,0.0002826540982035,1.10395214593e-11,-9.55366112956e-07,201112.0,-1.04,1.2,-1.67,0.39,-0.11,0.0025
2012,1,201201,0.0066548052998245,-0.0089993570058396,-0.0052790245703778,-0.0052353208984326,-3.18604193041e-10,3.58157497383e-08,-3.37022226621e-16,1.59361853102e-10,-2.40323112176e-06,0.0006885665906793,7.54449028386e-12,-5.26683963029e-07,201201.0,9.86,0.69,-2.27,-3.3,-5.38,-0.0034
2012,2,201202,-0.0002890821687271,0.0082203414799408,-0.0004972487362214,-0.0007858594481985,-5.78951980186e-09,-3.50719154417e-07,-5.326249259349999e-15,-3.2737277256e-10,-2.13766758454e-05,0.0003982726691056,-3.33362818599e-11,-1.72897588997e-06,201202.0,5.28,0.8,2.99,-0.19,-4.2,0.0169
2012,3,201203,0.0081961951792369,0.0161481054339667,0.0091804234578814,0.0135805046658573,5.5824444817e-09,4.29492232984e-07,5.19823537797e-15,5.12834265126e-10,2.93347839634e-05,-0.0002360924323113,4.15485885297e-11,2.71617099919e-06,201203.0,-2.16,-0.12,0.65,2.5,5.37,-0.0166
2012,4,201204,0.0101994080909594,-0.0025481498085036,0.0019505035690159,0.0002310734401171,3.00992284732e-09,2.90042264037e-07,2.8255029548899998e-15,3.08224150012e-10,7.26169477959e-06,-0.0002017635141266,2.52122064026e-11,5.40958555461e-07,201204.0,1.16,1.32,-1.98,0.45,1.94,0.0145
2012,5,201205,-0.007317231696172,3.2170943533e-06,-0.0020859902430584,0.0007628160183004,1.85367240985e-09,6.31832169006e-08,1.68990173335e-15,-4.36856018891e-12,1.29891196929e-05,0.0003962339095756,1.82117487383e-11,1.05491802338e-06,201205.0,-11.42,3.62,0.63,1.76,4.74,-0.0041
2012,6,201206,-0.0086697383205535,-0.009886975135396,-0.0051563593462046,-0.0001192772621921,1.86675013162e-09,2.51232881988e-07,1.7247334246899998e-15,-2.39825471824e-10,-2.77595690625e-06,-0.0007010957166765,-7.70736903139e-12,7.53145655521e-09,201206.0,4.47,1.26,-3.08,0.86,3.94,0.0522
2012,7,201207,-0.0029094625847618,-0.007711245176464,-0.0042206152236233,-0.0087112002416025,-5.67981499717e-09,-4.11974472863e-07,-5.25356564036e-15,-3.41800111725e-10,5.22899353763e-06,0.0003412793379174,-2.9142617391e-11,-2.30531346987e-07,201207.0,4.76,1.48,-3.59,3.26,3.91,0.0616
2012,8,201208,-0.0041486870422425,-0.0096892728562387,-0.0068417357767713,-0.0110677747455891,,,,,4.99021749488e-05,-0.0009268273693193,5.37965710283e-11,-3.79865973827e-07,201208.0,1.14,0.23,0.75,-0.54,1.99,-0.0093
2012,9,201209,0.0139249356312716,0.0004783236273365,0.0039809383605573,0.0052039515714801,-1.4887732877e-07,1.31342355519e-06,6.566624294e-13,3.77208290804e-09,7.81243352292e-05,0.0007028207619564,1.63813349791e-10,7.86777610259e-06,201209.0,4.46,1.61,0.98,-1.91,-1.13,0.0194
2012,10,201210,0.0672163748998482,-0.1588696338594282,-0.1821077354821448,0.0911915911194043,,,,,0.00076184600667,-0.0007032574303807,5.08446655928e-10,4.3908620913e-05,201210.0,1.77,-0.64,-0.57,1.3,-0.16,0.0132
2012,11,201211,,,,,,,,,,,,,201211.0,1.61,2.89,-2.67,0.59,5.05,0.0262
2012,12,201212,,,,,,,,,,,,,201212.0,2.84,0.85,1.78,0.52,-1.16,-0.0002
2013,1,201301,,,,,,,,,,,,,201301.0,5.54,2.94,1.51,-0.92,1.76,0.0057
2013,2,201302,,,,,,,,,,,,,201302.0,1.15,1.44,-0.48,2.06,3.56,0.0279
2013,3,201303,,,,,,,,,,,,,201303.0,-0.31,-0.88,-0.39,1.24,6.52,0.0367
2013,4,201304,,,,,,,,,,,,,201304.0,2.46,2.16,-5.36,3.49,7.99,0.0385
2013,5,201305,,,,,,,,,,,,,201305.0,-6.2,3.11,2.16,-3.62,-1.01,-0.0419
2013,6,201306,,,,,,,,,,,,,201306.0,-6.22,1.5,-0.29,3.38,3.53,-0.0282
2013,7,201307,-0.0374193289984248,0.0777349313918325,0.0080901862231144,-0.054167749896564,,,,,0.0001682721168877,0.0013587701973192,3.53202982519e-10,1.84731104631e-05,201307.0,3.47,-2.91,1.87,-1.47,0.81,-0.0448
2013,8,201308,0.0274299299493868,0.0134268124407053,0.0202555935193236,0.0371673437242328,2.15183328973e-08,1.45331140636e-06,9.72404838273e-16,1.00469072883e-10,0.000113086304565,0.0003561292302331,9.77122115031e-11,1.2214257665e-05,201308.0,-0.22,-1.75,1.11,-0.47,0.92,0.0129
2013,9,201309,-0.0072894148787771,-0.0169477469731567,-0.0155434678378507,-0.0085260206482114,8.92542427711e-08,7.20173451698e-07,2.9102686616799997e-15,1.24567408898e-09,-8.364672956e-05,-0.000267255648641,-8.68714726946e-11,-6.97419813191e-06,201309.0,6.78,-1.98,0.39,0.54,1.53,0.0936
2013,10,201310,-0.0052105699465168,-0.0009475067255422,-0.0002599409164954,-0.0089449585977341,2.9080684696e-08,4.36664577435e-07,8.12125303888e-16,3.91636713938e-10,-1.48575036211e-05,-6.16750897276e-05,-3.1832291047200003e-12,-3.69896616848e-06,201310.0,3.49,0.74,-2.34,-0.1,1.89,0.0756
2013,11,201311,-0.0144230223950448,0.0087924895293021,0.0024820767804004,0.0061228783132288,3.3260689177e-08,6.11296946571e-07,1.1114491287699999e-15,3.66900373777e-10,1.08264102574e-05,0.0001830306735699,-3.660969056540001e-12,2.72954010302e-06,201311.0,-2.21,1.75,-0.36,0.64,5.2,0.0351
2013,12,201312,0.0043501997109507,0.0003731487954529,-0.0001103582026689,0.0013995754577161,-4.22566593809e-08,-4.14791511195e-07,-1.2502095526099999e-15,-5.5141262351e-10,3.81674581885e-07,0.0001740144336873,1.4789931800200002e-12,1.71038602086e-07,201312.0,-0.2,-1.19,0.86,-0.52,3.41,-0.0175
2014,1,201401,0.0244550592741976,0.0323225173165693,0.009583616341178,0.039339948816747,-1.3307358907e-07,1.99399170816e-07,-2.27583822092e-14,-1.04476820164e-08,7.39977177657e-05,0.0002114192764927,5.79864720334e-11,1.0857292543e-05,201401.0,-4.44,-1.2,3.88,0.98,1.14,-0.02
2014,2,201402,0.0039470327896207,0.0417568360934086,-0.0045626377535659,0.0079694848102827,-1.35692838525e-07,-2.66675658492e-07,-3.4638618435e-14,-1.01869295961e-08,1.20537673507e-05,2.02567415354e-05,4.917708617050001e-12,1.23642653897e-06,201402.0,5.49,-1.06,-1.71,0.58,1.9,0.0374
2014,3,201403,0.0018721388323676,-0.0154826180981672,-0.010945548371524,-0.0046586964469592,-7.0931344138e-08,-6.40877996812e-07,-4.14126065245e-14,-4.88443451631e-09,9.53842173012e-06,-0.0006681281151613,2.0375702849e-11,-3.15183098401e-06,201403.0,1.66,0.7,-0.24,1.72,-2.12,0.0558
2014,4,201404,0.0067064650535832,0.0213155331635062,0.0063279204760496,0.0100465189757895,-9.30660248525e-08,-4.73596773594e-07,-7.317485727519999e-14,-9.29969812335e-09,9.60311774882e-06,-0.0004259422791579,2.45641902064e-11,-2.138730431e-06,201404.0,1.42,2.57,-3.74,0.26,-2.9,0.0046
2014,5,201405,0.0013789830312474,0.0333557480747904,0.0190385681669913,0.0024848379651456,9.67463569525e-08,1.25488945493e-06,8.859704980659999e-14,9.32183703946e-09,-1.19680086675e-05,0.0003851409904287,-2.51337275815e-11,1.25467575832e-06,201405.0,1.75,1.59,-0.54,0.96,1.42,0.0409
2014,6,201406,0.0062285096197197,-0.0197182413814299,-0.001273039605699,0.0084644004987633,4.65158790478e-09,-7.90313488805e-07,-6.09197892335e-15,-3.43059677412e-10,9.338534175e-06,9.1018346285e-06,9.279596280410002e-12,3.23813574228e-06,201406.0,0.13,0.79,1.35,-0.09,0.99,0.0006
2014,7,201407,-0.0034498060045727,0.0239246453495117,-0.0007124250833668,-0.0021797453955275,6.9163785048e-08,1.78900310663e-07,2.87218816877e-14,6.36536347845e-09,-4.58984788275e-05,0.0002087145126836,-3.86505384354e-11,-3.87755462278e-06,201407.0,3.32,2.77,0.11,-0.42,-0.26,-0.0339
2014,8,201408,-0.0101777850346276,0.0111704655639373,0.0013743971727712,-0.0041595358583539,-4.28308268821e-08,-1.0305973173e-06,-8.70373799522e-14,-6.96336234134e-09,1.16517535918e-05,-5.55254339679e-05,1.74976035423e-11,1.93805391154e-06,201408.0,-0.14,-0.08,2.08,1.32,-1.94,0.0119
2014,9,201409,0.0030617477123405,0.0206156223835556,-0.0008029213515686,0.0050888824606674,-7.11110121917e-08,-7.69738178913e-07,-8.456023560809999e-14,-7.3794302165e-09,8.33382425291e-06,0.000169765759995,7.50489502148e-13,7.23078849644e-07,201409.0,-8.15,3.9,2.02,1.99,-0.5,-0.0131
2014,10,201410,-0.0057265030389653,0.042349409377599,0.0132009122535675,-0.0022067976553739,1.51770563023e-07,1.33778151915e-07,5.61256570455e-14,1.25405797481e-08,-3.24761587901e-05,6.34954280272e-05,-4.65846978361e-11,-1.33841114595e-06,201410.0,3.56,-1.98,-4.49,1.07,2.38,0.0261
2014,11,201411,-0.00752479587862,-0.0188304361480496,-0.0148984331723065,-0.013026305669372,-8.85496665734e-08,-1.01048908671e-06,-8.869992770389999e-14,-1.04200552514e-08,7.0149818256e-06,5.78097771636e-05,7.6940593169e-12,4.65359306248e-07,201411.0,-2.72,2.24,0.23,0.07,4.94,0.0158
2014,12,201412,0.0080066989985618,-0.0296419517108846,-0.0051882181511673,0.0124231395930359,-7.80595747058e-08,-2.35539631347e-07,-3.10832540369e-14,-4.94958481697e-09,7.93658169174e-05,-0.0010233527657902,6.53809784435e-11,5.69762798323e-06,201412.0,-3.1,0.8,-2.0,-0.14,4.54,-0.0076
2015,1,201501,0.0105262818596571,0.0381152467331673,0.0398519241045535,0.0312662426569872,,,,,1.42113768476e-05,0.0012385369087894,3.42547621133e-11,1.47052684778e-06,201501.0,0.38,4.42,-2.92,-0.27,5.03,-0.0176
2015,2,201502,0.0122457450497956,-0.0258903323091817,0.0045286132724898,0.0190539954952032,1.08441623948e-09,5.73675172027e-08,1.01900866457e-15,1.67087397433e-10,2.69771931448e-05,-0.0003780840379204,1.22425447167e-11,3.45519190134e-06,201502.0,3.25,-3.19,-0.41,-0.31,0.46,0.0304
2015,3,201503,0.0191737147198816,-0.0006641192124935,0.0139096392479832,0.0202361742355259,3.77165682947e-09,-2.62201938362e-08,3.72939210499e-15,5.13253818072e-10,2.58041321812e-05,0.0001741302086435,2.47835130201e-11,2.57617721863e-06,201503.0,-0.83,1.08,0.56,0.32,6.45,0.0494
2015,4,201504,-0.0129640422381039,0.0067221965548794,-0.0059337522888797,-0.0129817814701039,1.17488903711e-08,1.03797459693e-06,1.1666779459899999e-14,1.64383330273e-09,-2.45008775694e-06,9.37280714433e-05,3.15372172357e-11,-1.86040328789e-06,201504.0,6.22,0.52,10.33,-2.89,5.6,0.0086
2015,5,201505,0.0038377564706447,0.0203543244085909,0.0115495092724622,0.0106990249912386,,,,,1.28652053875e-05,0.0002136118100027,3.35362741037e-11,7.04717340849e-07,201505.0,-1.55,0.64,8.59,1.33,5.84,-0.0079
2015,6,201506,0.0057109922204363,-0.0046784626246605,0.0060824995315674,0.0073525092224318,-1.37503736993e-09,-2.96083744945e-07,-1.4122886046e-15,-1.9181435364e-10,3.92344646453e-06,-8.87177423732e-05,-4.56772041952e-13,4.64956183452e-07,201506.0,-4.47,-0.26,1.14,1.78,3.77,-0.0204
2015,7,201507,0.0187360091325993,-0.0121486274369893,-0.0021741939023992,0.0301405369009381,-3.99733324834e-09,-7.74296813493e-07,-4.03299658976e-15,-5.60210464688e-10,1.23074978697e-05,-0.0003405315856038,-7.713499720720001e-12,2.42919986359e-06,201507.0,-3.45,-2.77,-6.1,1.75,-5.45,0.001
2015,8,201508,-0.0009946657107066,0.0249538057933985,0.0022059990549891,0.0034817889680732,3.51244820325e-09,5.51352390792e-07,3.53584353026e-15,4.89181662123e-10,-8.08241983755e-06,0.0001351628321486,1.1273343154e-11,-1.29808498535e-06,201508.0,-10.81,0.78,-1.02,-0.48,-0.09,-0.0137
2015,9,201509,-0.020435398196013,0.0377700038699689,0.0075151516840113,-0.0330536685276158,-6.66092247925e-09,-2.41307719575e-07,-6.45498564581e-15,-9.3963791327e-10,-3.94201715717e-05,0.000282223047666,-3.37034429236e-11,-4.24202523937e-06,201509.0,-3.09,-0.31,2.85,1.11,4.57,0.0103
2015,10,201510,0.0003405598267113,0.0065625007546475,-0.0060061528470774,0.0021704599134719,1.16223962515e-09,3.97855710077e-07,1.28294593977e-15,1.50467559327e-10,1.05976242845e-05,8.00173837674e-05,4.46098352674e-13,1.15145359928e-06,201510.0,7.3,1.17,-1.28,-0.1,-3.37,-0.0181
2015,11,201511,-0.0019968474148934,0.0301557696332328,-0.0095597201500314,-0.0023617882498068,-4.20232288696e-09,-1.75857880187e-07,-4.02104746668e-15,-6.04833438749e-10,-3.60628174283e-05,-1.98700525386e-05,-4.05271544317e-11,-3.97691455809e-06,201511.0,-2.08,-2.92,2.19,0.51,4.05,0.0567
2015,12,201512,-0.0151565694768644,0.0482317619742019,0.029854601514258,-0.0146039921627209,4.7443911746e-09,2.03175578966e-07,4.6849455287199996e-15,6.61563843098e-10,3.13637643513e-05,0.000478627407578,4.16038454328e-11,3.73711542167e-06,201512.0,1.88,-2.65,-0.1,1.26,2.59,0.0863
2016,1,201601,0.0060860079633663,0.0045886394516312,0.0128385637249577,0.0053632748356066,1.6726708594e-09,-3.33015397548e-08,6.223648713809999e-16,2.44096577462e-10,-1.6170758013e-05,0.0002944314851359,-1.20498564809e-11,-3.42143331826e-06,201601.0,-9.03,-0.35,-0.71,2.12,-0.7,0.0038
2016,2,201602,-0.0192061329908253,-0.0452801236099973,-0.0227588874614286,-0.03266067520584,-1.75365347707e-08,4.77953781707e-07,4.09738396439e-16,-2.1528003785e-09,-1.4036752839e-05,4.5743887356e-05,-6.9856681506900005e-12,-7.55614144826e-07,201602.0,0.76,3.21,-0.66,1.44,-1.28,-0.0665
2016,3,201603,-0.0039525349020116,-0.026638385411803,-0.0035068478406776,-0.0068353821147547,-1.52244605474e-08,-8.09745765144e-07,-1.99263906885e-15,-2.25736121138e-09,-1.45540367912e-05,-0.0003204714704837,-1.43761419437e-11,-1.22483654398e-06,201603.0,10.65,1.05,-2.25,1.41,-4.04,0.0578
2016,4,201604,-0.0074480903523771,0.0891092504504369,0.0003701628637615,-0.0046990740572639,-5.41184226243e-10,8.46327080376e-07,-3.29496862495e-15,2.35727979245e-10,-7.70023032132e-06,0.0004881921195109,-2.71206316806e-11,-7.26291324833e-07,201604.0,1.44,1.95,1.72,1.18,-0.64,-0.0352
2016,5,201605,-0.0042688063503814,-0.0044629443903296,-0.0158710271891047,-0.0103661355016922,9.27212467396e-09,1.96531898906e-07,2.54214191992e-15,1.29165862408e-09,3.91678753326e-05,-0.0001781651304356,7.04132714119e-11,4.87046202514e-06,201605.0,-1.79,-2.04,0.35,-1.56,3.42,0.0368
2016,6,201606,-0.0185271720528009,,-0.0024373675228898,-0.0240938226433505,,,,,-3.7118399916e-05,0.0005722591872346,-4.40461009006e-11,-3.14669963435e-06,201606.0,0.44,1.03,0.78,-0.48,3.58,0.028
2016,7,201607,-0.0061932759950036,0.0638603058530363,-0.0106492951324881,-0.0062867681184442,2.42588113009e-08,6.57417815216e-07,-1.5961200411399998e-15,3.48587550841e-09,3.09559236464e-05,-0.0002086940536088,4.72071668122e-12,2.71421455897e-06,201607.0,5.87,1.94,-3.83,-0.16,3.42,-0.0139
2016,8,201608,-0.0304897687257668,,-0.0108223682713894,-0.0445907506805898,,,,,-2.62839603178e-05,-0.0006210815141371,-1.7966455809100002e-12,-5.86751745281e-06,201608.0,-0.45,1.89,1.32,-0.64,-2.0,0.013
2016,9,201609,0.0024994142949877,0.0381938384256584,-0.0021464373277282,0.0058985603231777,1.55509413696e-09,5.89500883018e-07,-2.90893141047e-15,3.23669448725e-10,1.63353856917e-05,0.000263797656493,-1.63479907765e-11,2.50189322907e-06,201609.0,2.68,0.6,1.37,0.69,-1.14,0.0214
2016,10,201610,0.0086901334838607,-0.0126184213039537,-0.0225730025896641,0.0190627532491046,8.48886208631e-09,3.32470237658e-07,-6.88888407745e-16,1.23327138655e-09,6.07974127923e-05,-0.0002034033902914,2.0488656078e-11,8.84759425473e-06,201610.0,-1.45,2.81,1.31,2.57,-1.57,0.0023
2016,11,201611,-0.026088040615414,-0.0195513961251814,-0.0267013507058043,-0.0337672003301439,-9.15678500533e-09,-4.03895043161e-07,3.2432645399799998e-15,-9.94877591345e-10,1.41620033875e-06,-0.000410676119316,2.45988581391e-11,9.59922361678e-07,201611.0,-0.29,0.94,-1.74,0.36,-4.41,-0.0064
2016,12,201612,0.0220820076473218,-0.0050955315918706,0.0106802388828287,0.0273924757175024,1.09860568126e-08,5.61312214619e-07,-6.09395089547e-16,1.77491842947e-09,1.95815125502e-05,0.0001503999279349,2.28031991461e-12,2.54059843769e-06,201612.0,-1.9,1.19,0.82,0.52,-0.68,-0.0284
2017,1,201701,0.0123194623759637,0.032680152045147,0.0198595476457392,0.0240031642508735,2.96178565359e-07,1.03606291102e-06,5.0730638644999997e-14,1.66427737076e-08,-1.97472808798e-05,0.0002889936536205,2.23817264339e-11,-2.19603188829e-06,201701.0,5.9,3.33,-1.54,2.73,2.96,0.034
2017,2,201702,0.0075259889515591,0.0116775734245399,0.0079216132411623,0.0015390502429971,2.75483118572e-07,1.66106504308e-07,2.1870838553899997e-14,1.71385189769e-08,3.65965175752e-06,0.0001512248565662,1.46979200546e-11,-1.29425060318e-06,201702.0,2.23,2.62,-1.46,-0.14,-1.92,0.0107
2017,3,201703,0.025284802614547,-0.001315626309074,0.0114035789927058,0.0362282055428021,3.33561349619e-08,-3.44471697011e-07,-1.3505555373899998e-14,7.99355748664e-09,2.84310474989e-05,-7.74271168286e-05,1.00801339513e-11,3.26352330174e-06,201703.0,2.82,-1.06,-2.38,0.48,1.89,0.0358
2017,4,201704,0.0053564545325948,-0.0095117703660202,-0.0003226233918035,-0.0004374050144647,-1.65133895545e-07,3.74941917443e-07,-3.1950515216399996e-14,-1.15923464421e-08,-5.92753298597e-06,0.0003307140469278,-1.57698575227e-11,-1.89138034634e-07,201704.0,0.27,1.25,-1.55,-1.27,0.56,-0.0142
2017,5,201705,-0.0029843873840649,-0.0189086819849682,-0.0063593695015945,-0.0180480857924079,3.1932923454e-10,1.48237464e-06,-1.2520630202499998e-14,-8.78673290549e-09,-2.0555047697e-05,7.1314365776e-05,-1.24158776165e-11,-4.13014454692e-06,201705.0,-0.21,0.69,-0.82,0.61,0.11,-0.0259
2017,6,201706,0.0044516982722152,0.0174433477418802,0.0056667748118093,0.0118437939147883,3.50676396316e-07,7.7907916142e-09,4.3431346606799995e-14,2.58888368771e-08,1.50968629567e-05,-7.21578791727e-05,2.30302898073e-11,2.02116094648e-06,201706.0,1.91,-0.92,-1.33,-0.86,0.85,0.0132
2017,7,201707,-0.0119542982080211,-0.0234258339627532,-0.009257500249326,-0.0111874267741661,-9.33071117189e-09,-4.88150286856e-07,1.2446311231e-13,-2.44631635123e-09,-2.09822459372e-07,-0.0007860791371645,-2.0000673480100002e-12,-6.35154595843e-07,201707.0,3.21,2.57,0.03,2.17,1.3,0.0766
2017,8,201708,-0.0002642419291332,0.0410890324974846,0.0066247971666573,0.0007699907337179,-2.03958460866e-07,1.55427690439e-06,-3.98420447861e-13,-1.39197129883e-08,-1.93278959105e-05,0.0001112890292223,-1.18704561358e-11,-3.03383274863e-06,201708.0,0.59,1.76,-0.92,1.05,1.6,0.0124
2017,9,201709,0.0066885497115163,0.0412230118776329,0.0076035890109135,0.0114416346240697,4.31805577046e-07,-2.41591864201e-07,5.81550736553e-13,1.62621498168e-08,1.42222327952e-05,0.0007325658726058,1.4549428163e-11,2.03111376701e-06,201709.0,-0.21,-1.81,1.54,-0.43,1.6,0.0207
2017,10,201710,0.0300895241041785,0.0656548828979115,0.0217047583655159,0.0385326533064181,4.844634268e-07,-4.01623536242e-06,6.35561646315e-13,2.07811940606e-08,4.2628140271e-05,0.0008638506588105,3.85776235611e-11,6.26603997109e-06,201710.0,1.52,1.27,1.69,-0.65,2.27,0.0511
2017,11,201711,-0.00902466054413,-0.0035255424228358,-0.00443630456525,-0.0136603906510255,-7.76203905074e-07,-1.04640754883e-06,-6.55356025285e-13,-4.34076130905e-08,-3.90209107059e-05,0.0012847993237237,-3.66417129018e-11,-4.36081523491e-06,201711.0,1.0,-0.82,-1.59,-1.21,1.18,0.0178
2017,12,201712,-0.0167736226573316,-0.0255016782824242,0.0006287167516588,-0.0217792306012559,-2.84356162498e-07,3.74014708621e-06,-2.09113290567e-13,-1.4173036415e-08,-1.62547126782e-05,-0.000357072540488,-1.52940233184e-11,-2.79779431377e-06,201712.0,3.03,-3.63,0.63,-0.45,0.06,0.0263
2018,1,201801,-0.0391780956974808,0.0971200171673565,-0.0170804361257422,-0.0224961615158003,2.21455123514e-07,1.50390800326e-06,3.35844191955e-13,3.94771822342e-08,-2.01980945151e-05,0.0010526337412098,-1.93613377498e-11,-2.43996104784e-06,201801.0,4.12,1.26,-1.49,-0.65,0.99,0.0306
2018,2,201802,0.0336705234628802,-0.102940307079972,-0.0026662654984788,-0.011666521037769,2.61725869695e-07,-2.31460932856e-06,1.2108760562e-13,2.95322159202e-08,-2.66651315287e-05,-3.04757977084e-05,-2.47664056834e-11,-4.15702945374e-06,201802.0,-3.15,0.26,-0.4,-0.49,1.92,-0.0175
2018,3,201803,0.0253004481876502,-0.0450859360272382,0.0078119818577242,0.0235994534822503,-1.54447192575e-07,-7.03558740969e-07,5.80433826732e-16,-1.89903437531e-08,2.1244215953e-05,-0.0004098592701713,2.19785859897e-11,2.3635399475e-06,201803.0,-3.36,0.66,1.45,-0.39,0.95,-0.0044
2018,4,201804,-0.0028445398418144,-0.0195507409390903,-0.0073972523541661,-0.0057851423127451,-4.23728799423e-07,-4.34405233404e-07,-4.37336211785e-13,-6.43887057149e-08,2.89973495607e-05,-0.0001422579628053,3.21760274683e-11,3.54034578852e-06,201804.0,1.83,2.19,-4.48,0.91,1.7,-0.0404
2018,5,201805,-0.0078444627512235,-0.0642881679087181,-0.0313629266490248,0.0056596408591176,-1.00301007677e-07,2.46013468788e-07,-1.3858884696e-13,-5.58875619279e-09,3.90871806362e-05,-0.0007949198913324,3.30569619979e-11,5.32378974115e-06,201805.0,0.26,-2.69,0.77,-1.18,0.96,-0.0082
2018,6,201806,0.0155882799106477,0.0225410778015829,0.0210383493747013,0.0250270216179311,-1.64710459162e-07,-8.92498764665e-07,-1.72768032446e-13,-2.02714689339e-08,6.24433167562e-06,6.75357613452e-05,1.64622273135e-11,-4.25472597195e-07,201806.0,-3.0,-0.58,-1.29,0.05,-1.38,-0.0579
2018,7,201807,-0.0033300737765437,-7.78186479137e-05,0.0034607737491059,-0.0131753265310774,7.32052347964e-08,1.60939182854e-06,2.80802567585e-15,8.03832641837e-09,-1.99485411526e-05,-0.0001990706970712,-1.59555953096e-11,-3.43299104995e-06,201807.0,1.17,1.35,-2.78,0.52,-0.91,0.0145
2018,8,201808,-0.0097104930912263,-0.0064634763913231,-0.00804246405993,-0.0134313667421957,2.463848357e-08,5.12521398524e-07,2.0906278384399998e-15,1.04222542252e-08,-7.72945093351e-06,0.0001731259089623,-1.56277423486e-11,8.90938898593e-07,201808.0,-2.43,-3.02,-1.31,-0.63,0.33,-0.0332
2018,9,201809,-0.0042322911828625,-0.0309644903319113,-0.0090708374700715,-0.0117481123049628,2.47392020956e-07,1.93312713552e-07,-2.39696316767e-16,1.75592123953e-08,9.98214624656e-07,-0.0003376321538219,-1.9425081273e-11,1.97455622505e-06,201809.0,-0.82,3.15,0.07,1.4,-0.19,0.0094
2018,10,201810,-0.0177925424651499,-0.026013801408677,-0.016052439638119,-0.0278872958013581,-7.64137249751e-08,3.17025817904e-07,3.04552543272e-15,1.92286557538e-12,-6.33588368337e-07,-1.14420790619e-05,-2.76470019931e-11,-2.92967173602e-06,201810.0,-9.4,1.52,0.56,2.18,-1.83,-0.0013
2018,11,201811,0.0010804573989493,-0.0353846856278754,-0.0052810361839152,0.0002726927902363,-2.19066751026e-07,-2.19652533795e-07,-1.8666065074600002e-13,-2.57094904351e-08,3.01212111605e-06,5.44312767162e-05,4.95739513253e-11,6.79985160407e-06,201811.0,3.36,-1.21,-1.49,-2.87,-3.28,0.037
2018,12,201812,0.0072182461653041,-0.0114618792762591,-0.0015862361564558,0.0002486254838338,-3.21414072377e-07,-1.16054714019e-06,3.76715835091e-15,-1.44336985044e-08,3.68372598683e-06,6.02980077578e-05,2.30560302018e-11,3.12000752276e-06,201812.0,-2.6,1.17,-2.32,-0.51,0.99,-0.028
2019,1,201901,-0.0012018063017096,0.0346730625540639,0.0039307621514031,0.00208803102247,-8.52929918187e-08,6.11957518954e-08,2.09976981359e-14,7.50454561305e-09,6.96598907894e-07,0.0001208396992542,5.929034726330001e-12,-6.94538024036e-07,201901.0,6.4,0.94,-4.7,0.0,-0.42,0.0099
2019,2,201902,-0.0027949147648074,-0.0235695370757951,-0.0122813019697005,-0.0255389714806527,3.46953251718e-07,1.50506212346e-07,9.27003134483e-14,1.85011344071e-08,-4.80329631079e-05,0.0002727392619426,-4.41618975989e-11,-4.23384673643e-06,201902.0,3.34,-0.18,-1.13,-0.8,-0.62,-0.0567
2019,3,201903,-0.0188192861200655,0.0185716678035023,-0.0028677505372101,-0.0080052390958332,-3.14429068119e-08,1.49028227518e-07,6.2158299909e-14,1.67511836477e-08,4.79051913462e-06,0.0001395007708705,1.4252669301e-11,1.33300104828e-06,201903.0,0.75,1.27,-0.16,0.02,3.79,0.0349
2019,4,201904,0.0032432334454435,-0.0132373671065388,-0.0010414124625109,0.002394660599889,,,,,1.44848649016e-05,-0.0004174322250074,9.423684351480001e-12,1.78662905051e-06,201904.0,1.61,-2.37,-0.46,0.01,-0.3,-0.0153
2019,5,201905,-0.0066016469977891,-0.0306182342957689,-0.0092649750623839,-0.0152890687586167,1.40885183199e-07,-1.69230791103e-07,1.77227533088e-13,1.02479131986e-08,-1.78451279442e-05,-0.0007546198751295,-3.65204341476e-11,-6.62237659762e-07,201905.0,-4.3,-1.79,0.4,1.29,5.99,0.0075
2019,6,201906,-0.0001249403671325,-0.0315575746469426,-0.0108026610508186,-0.0149903971692137,1.99002105489e-07,-8.81403863015e-07,1.96345227795e-13,1.24834097387e-08,-2.71744565741e-05,-0.0002618861224218,-3.72181443085e-11,-3.06448457681e-06,201906.0,5.07,0.11,-4.21,0.19,3.25,0.0091
2019,7,201907,-0.0077851300804442,0.0205624961074728,-0.0002437390377388,0.0082858546441461,-2.44532108587e-07,-7.88586084745e-08,-1.83297140452e-13,-1.42524904872e-08,2.19726848853e-05,0.0002486397008574,2.76523238369e-11,3.02949148462e-06,201907.0,-1.44,-3.53,1.35,-1.7,-0.16,-0.026
2019,8,201908,-0.028765013053635,-0.0112562081001051,-0.0274596163393809,-0.0369701943749915,,,,,-4.7097589877e-06,-0.0001129478816297,-3.43300500584e-13,-1.7737162482e-06,201908.0,-6.27,-3.04,1.55,-1.21,2.37,0.0034
2019,9,201909,0.0012148033858346,0.0215699553541436,0.0058971935148755,0.0072984383672887,,,,,-3.12772602316e-06,0.000397181410433,3.0786834115500003e-12,-2.16526959743e-07,201909.0,1.16,0.38,1.3,-0.49,-1.34,0.0029
2019,10,201910,0.0014895298778479,-0.0333442587957275,-0.0121973497099112,0.0036028338814532,5.17023380588e-08,-7.09093922214e-07,1.24684725718e-13,-1.35899427752e-08,1.41962003557e-05,-0.0010825371760892,5.326333530520001e-12,2.65879759589e-06,201910.0,2.81,-0.31,-2.39,-1.62,1.46,0.0403
2019,11,201911,0.0026537491943486,-0.0026293906652237,-0.0003699048443622,-0.0054543031352186,-1.97396684407e-07,-1.32422689458e-06,-2.59120080205e-13,1.68286438973e-08,-3.10929454638e-06,-0.0004902597295211,-2.4573371237200003e-12,-1.47548443474e-06,201911.0,-0.19,-0.37,-1.44,-0.42,-0.75,-0.0304
2019,12,201912,-0.0026191656952768,0.0015278698742298,0.0001291427427138,0.0036406244562626,9.59372370893e-08,-3.21443429093e-07,1.3575524856800001e-13,1.53999449581e-08,5.64400883697e-06,7.73357564057e-05,9.530582287980001e-12,8.27913033983e-07,201912.0,2.99,1.02,1.44,-0.98,1.93,0.052
2020,1,202001,-0.0054555230145272,-0.0110211266999505,-0.006475058921551,-0.0148381637275371,2.89326598071e-08,-1.44592362599e-06,1.06843148412e-16,2.90324775049e-09,-1.8465191266e-05,0.0001252553178243,-2.08370533251e-11,-2.83892985258e-06,202001.0,-2.87,-2.96,-1.44,-0.62,3.72,-0.0157
2020,2,202002,0.0064550255988933,0.0226323485853097,0.006471149925553,0.0012104290504866,-1.08130604322e-07,9.22056422595e-07,-1.9460053289799997e-14,-9.18003443793e-09,5.81647277366e-06,0.0004315715237547,4.29653761874e-12,-5.5852259365e-08,202002.0,-6.79,3.57,-1.93,0.2,-3.15,0.0107
2020,3,202003,-0.0005247970069764,0.0236824444754129,0.0115333787240219,-0.0013494085467376,1.58262659115e-07,-3.00034864138e-07,2.2978004413499997e-14,5.36626195951e-09,-2.07677307493e-05,0.0002027034317364,-1.23768854549e-11,-3.91239542427e-06,202003.0,-19.08,1.17,-2.48,1.89,-2.79,-0.0931
2020,4,202004,0.0027511144199177,-0.0014552216712023,-0.0025933599563364,0.0110578308180238,1.81037727628e-07,6.81545711788e-06,3.3402457093899997e-15,1.60952368354e-08,-1.62797968703e-05,-3.39604771741e-05,-1.7814285736e-11,-1.85353807866e-06,202004.0,11.12,-5.66,1.13,-3.55,4.86,-0.0149
2020,5,202005,-0.0046570743669287,-0.0132433421495117,-0.00537858716219,-0.0027884373880684,3.4181628395e-07,2.00067132575e-06,6.23480090218e-14,1.02950084953e-08,-1.78626946514e-05,-0.0002060667989329,-2.52960147811e-11,-2.4389884968e-06,202005.0,0.32,-8.65,5.61,-2.84,0.47,0.0141
2020,6,202006,-0.0009815034379307,0.0154987771772987,0.0027251190723351,0.0125931200057326,1.02825595853e-07,1.45618000851e-06,3.26217028182e-14,1.74761090358e-09,1.5562203581e-05,0.0004335085203147,2.48905783938e-11,2.49173008727e-06,202006.0,7.58,1.3,-2.96,-0.83,3.09,0.0713
2020,7,202007,-0.0034114757519458,0.0065900555986618,0.0002249456315726,0.0051634672495907,2.53857509503e-07,1.93163058172e-06,4.6638465585499994e-14,1.36328468037e-08,-3.68147476641e-05,7.00537980833e-05,-3.51425265292e-11,-3.14165697013e-06,202007.0,2.32,-6.0,2.34,-0.74,7.65,0.0418
2020,8,202008,-0.0058212403696594,0.0018152124500146,-0.0039938040987183,-0.0135780937314031,2.73092039825e-07,3.08495329252e-07,3.0769815182999997e-14,1.55655168466e-08,-3.33481258357e-05,-3.21960295935e-05,-4.0080461628e-11,-4.58270239365e-06,202008.0,6.42,-3.91,0.41,-5.11,3.42,0.0789
2020,9,202009,-0.0007572416174872,0.0094180953495722,0.0044298321747077,-0.0019649401163486,6.41558045076e-08,-1.54408944204e-06,-5.25527179311e-15,1.3182291496e-09,-5.62310080839e-06,0.0003107451749038,-2.42980841863e-12,3.94813843352e-07,202009.0,-4.98,0.14,2.87,-1.55,0.71,0.0357
2020,10,202010,0.0112484186890623,0.0084417199723668,0.0078772729953698,0.0157479011121011,-7.16933474577e-08,-3.8291184338e-06,-4.04347324898e-14,-1.62165889644e-09,-9.41866819197e-06,0.0002334168365119,-1.17017603651e-13,-1.11449824713e-06,202010.0,-0.03,-0.11,-0.43,0.41,0.39,0.0086
2020,11,202011,-0.0017964082964533,-0.0110550209801745,-0.0067023736694671,-0.0061840765717149,1.54224684513e-07,2.85724931958e-06,-2.4177495724399998e-14,7.74486571352e-09,-1.28990777096e-05,-0.0004856610464858,-3.20834549343e-11,-2.00209678808e-06,202011.0,13.52,2.0,-1.93,1.6,-8.37,-0.0248
2020,12,202012,-0.0026952465567169,-0.0215160262599624,-0.0062782779719798,-0.0060859478562186,,,,,-2.87801345982e-05,0.0002057260883581,-1.56972729936e-11,-4.13653472383e-06,202012.0,5.25,-2.56,1.3,-0.04,6.1,0.0485
2021,1,202101,-0.0100990022547648,-0.0113960107412134,-0.0087336757711865,0.0010569004664769,-4.76694802969e-08,3.55444084639e-07,-5.71449771565e-14,2.16884285843e-09,-1.17761650025e-06,-6.58036885099e-05,-5.19110617138e-11,4.77470189816e-07,202101.0,1.16,0.77,1.81,0.71,5.82,0.0303
2021,2,202102,-0.0040714013469765,0.0066091497527115,0.0015465068377956,-0.0038285900081459,2.96427368808e-08,1.32937686491e-06,1.9048332079099997e-14,3.44656267546e-09,-9.50450508796e-07,-2.5832494642e-05,-1.66903809474e-11,-6.13726357595e-06,202102.0,3.87,4.91,1.63,2.89,-0.72,0.075
2021,3,202103,-0.0158776580290726,0.0127317821778409,-0.003335023284147,-0.0212835504983106,8.1951011417e-08,1.39805552067e-06,9.569265333429999e-14,1.77109505611e-08,1.63870474997e-06,7.61833572952e-05,1.49194315398e-11,2.7955757578e-06,202103.0,1.14,4.11,-2.29,1.41,-3.84,0.0039
2021,4,202104,0.0149115190557612,0.003640407102727,0.0073309833541481,0.0049887186438058,1.4849487908e-07,8.65315274245e-07,1.68079353863e-13,1.86439663887e-08,-4.20058503396e-07,-6.60746080989e-06,-5.26258873488e-11,-8.26008961498e-06,202104.0,4.34,-1.59,2.08,-2.31,6.71,0.0161
2021,5,202105,-0.0048863734166968,0.0103784680833502,0.0005102054205057,-0.0021438387048972,-2.68857083787e-09,-3.66404760644e-07,-6.78482425207e-15,7.18274075765e-10,-3.54296321749e-07,-1.35665428178e-05,-1.03946080774e-11,-2.71684796655e-06,202105.0,1.75,1.19,-0.43,2.01,-2.36,-0.0041
2021,6,202106,0.0132598898752808,-0.0160588019924506,0.0019231541853621,0.0157610786084327,-4.63954144301e-08,2.60529892686e-07,-6.93908267885e-14,-3.0500951083e-09,5.53737994726e-07,1.65351910625e-05,1.7915216423e-11,7.9746523394e-06,202106.0,-0.87,-0.98,0.6,-1.71,0.85,-0.0062
