year,nger_name,morningstar_name,ticker,match_score,matched,scope1,scope2,energy_consumption,total_emissions
2009,abb grain,abb grain,ABB1,100.0,1.0,89433.0,72922.0,1889997.0,8943372922.0
2009,aditya birla minerals,aditya birla minerals,ABY1,100.0,1.0,90939.0,45322.0,1833655.0,9093945322.0
2009,agl energy,agl energy,AGL,100.0,1.0,1623746.0,52883.0,40763207.0,162374652883.0
2009,amp,amp,AMP,100.0,1.0,8066.0,183534.0,793474.0,8066183534.0
2009,arrow energy,arrow energy,AOE,100.0,1.0,328702.0,39375.0,4076740.0,32870239375.0
2009,asciano,asciano,AIO,100.0,1.0,1026045.0,85100.0,15039983.0,102604585100.0
2009,babcock & brown infrastructure,babcock & brown infrastructure,BBI,100.0,1.0,131076.0,3615.0,151659.0,1310763615.0
2009,bluescope steel,bluescope steel,BSL,100.0,1.0,7950369.0,1281441.0,188113354.0,79503691281441.0
2009,boral,boral,BLD,100.0,1.0,2753283.0,574427.0,,2753283574427.0
2009,bradken,bradken,BKN,100.0,1.0,35901.0,101106.0,1098748.0,35901101106.0
2009,brickworks,brickworks,BKW,100.0,1.0,299365.0,126543.0,6382464.0,299365126543.0
2009,centennial coal company,centennial coal company,CEY,100.0,1.0,2354677.0,263939.0,1651200.0,2354677263939.0
2009,centro properties,centro properties,CEP,100.0,1.0,3750.0,170509.0,699740.0,3750170509.0
2009,coca-cola amatil,coca-cola amatil,CCL,100.0,1.0,58404.0,126119.0,1503201.0,58404126119.0
2009,commonwealth bank of australia,commonwealth bank of australia,CBA,100.0,1.0,24319.0,418865.0,1975729.0,24319418865.0
2009,csr,csr,CSR,100.0,1.0,644541.0,433382.0,57925158.0,644541433382.0
2009,dexus,dexus,DXS,100.0,1.0,8831.0,179236.0,804691.0,8831179236.0
2009,downer edi,downer edi,DOW,100.0,1.0,200453.0,45291.0,9939461.0,20045345291.0
2009,energy developments,energy developments,ENE1,100.0,1.0,763914.0,2991.0,17299642.0,7639142991.0
2009,envestra,envestra,ENV1,100.0,1.0,627161.0,45.0,193.0,62716145.0
2009,felix resources,felix resources,FLX1,100.0,1.0,1331988.0,35222.0,2325517.0,133198835222.0
2009,fortescue metals,fortescue metals,FMG,100.0,1.0,324263.0,37159.0,4854016.0,32426337159.0
2009,foster's,foster's,FGL1,100.0,1.0,66601.0,168848.0,1694945.0,66601168848.0
2009,goodman fielder,goodman fielder,GFF,100.0,1.0,99057.0,96464.0,1937518.0,9905796464.0
2009,graincorp,graincorp,GNC,100.0,1.0,16958.0,115041.0,616164.0,16958115041.0
2009,grange resources,grange resources,GRR,100.0,1.0,191493.0,27716.0,3955186.0,19149327716.0
2009,harvey norman,harvey norman,HVN,100.0,1.0,7835.0,154188.0,674100.0,7835154188.0
2009,hrl,hrl,HRL,100.0,1.0,2423970.0,177470.0,32759413.0,2423970177470.0
2009,iluka resources,iluka resources,ILU,100.0,1.0,913321.0,534110.0,13389297.0,913321534110.0
2009,incitec pivot,incitec pivot,IPL,100.0,1.0,1015938.0,217339.0,24763196.0,1015938217339.0
2010,aditya birla minerals,aditya birla minerals,ABY1,100.0,1.0,83786.0,26550.0,1650346.0,8378626550.0
2010,amp,amp,AMP,100.0,1.0,7360.0,173098.0,737234.0,7360173098.0
2010,arrow energy,arrow energy,AOE,100.0,1.0,394246.0,40304.0,3740091.0,39424640304.0
2010,asciano,asciano,AIO,100.0,1.0,1023720.0,108494.0,15100720.0,1023720108494.0
2010,bega cheese,bega cheese,BGA,100.0,1.0,41346.0,94877.0,1349124.0,4134694877.0
2010,bluescope steel,bluescope steel,BSL,100.0,1.0,10791351.0,1424605.0,129555224.0,107913511424605.0
2010,bradken,bradken,BKN,100.0,1.0,29817.0,89723.0,944418.0,2981789723.0
2010,brickworks,brickworks,BKW,100.0,1.0,293363.0,127345.0,6322368.0,293363127345.0
2010,centennial coal company,centennial coal company,CEY,100.0,1.0,1985142.0,239621.0,1552207.0,1985142239621.0
2010,centro properties,centro properties,CEP,100.0,1.0,2890.0,151880.0,622973.0,2890151880.0
2010,coca-cola amatil,coca-cola amatil,CCL,100.0,1.0,54639.0,130757.0,1482864.0,54639130757.0
2010,commonwealth bank of australia,commonwealth bank of australia,CBA,100.0,1.0,25054.0,407569.0,1898167.0,25054407569.0
2010,crane,crane,CRG,100.0,1.0,15697.0,98938.0,657891.0,1569798938.0
2010,csr,csr,CSR,100.0,1.0,631392.0,431932.0,52212722.0,631392431932.0
2010,david jones,david jones,DJS,100.0,1.0,4850.0,104448.0,419571.0,4850104448.0
2010,dexus,dexus,DXS,100.0,1.0,7871.0,133822.0,612409.0,7871133822.0
2010,downer edi,downer edi,DOW,100.0,1.0,209004.0,45462.0,10139177.0,20900445462.0
2010,energy developments,energy developments,ENE1,100.0,1.0,1045811.0,2806.0,23655245.0,10458112806.0
2010,envestra,envestra,ENV1,100.0,1.0,607017.0,42.0,197.0,60701742.0
2010,fairfax media,fairfax media,FXJ,100.0,1.0,7197.0,89997.0,459563.0,719789997.0
2010,felix resources,felix resources,FLX1,100.0,1.0,162530.0,22113.0,1248912.0,16253022113.0
2010,fortescue metals,fortescue metals,FMG,100.0,1.0,444705.0,39714.0,6663106.0,44470539714.0
2010,foster's,foster's,FGL1,100.0,1.0,78223.0,155676.0,1683584.0,78223155676.0
2010,goodman fielder,goodman fielder,GFF,100.0,1.0,75569.0,93240.0,1573545.0,7556993240.0
2010,graincorp,graincorp,GNC,100.0,1.0,51269.0,133760.0,1341051.0,51269133760.0
2010,grange resources,grange resources,GRR,100.0,1.0,196376.0,53398.0,4065160.0,19637653398.0
2010,harvey norman,harvey norman,HVN,100.0,1.0,26095.0,153927.0,939392.0,26095153927.0
2010,healthscope,healthscope,HSO,100.0,1.0,11372.0,99888.0,606950.0,1137299888.0
2010,hrl,hrl,HRL,100.0,1.0,2474092.0,179180.0,32129829.0,2474092179180.0
2010,iluka resources,iluka resources,ILU,100.0,1.0,633799.0,243839.0,8745443.0,633799243839.0
2010,kagara,kagara,KZL,100.0,1.0,41442.0,48708.0,789798.0,4144248708.0
2011,aditya birla minerals,aditya birla minerals,ABY1,100.0,1.0,89473.0,22166.0,2156212.0,8947322166.0
2011,agl energy,agl energy,AGL,100.0,1.0,1545278.0,51062.0,48878147.0,154527851062.0
2011,amp,amp,AMP,100.0,1.0,11903.0,182787.0,840663.0,11903182787.0
2011,ardent leisure,ardent leisure,ALG,100.0,1.0,1744.0,50447.0,224869.0,174450447.0
2011,arrow energy,arrow energy,AOE,100.0,1.0,895391.0,45413.0,17385492.0,89539145413.0
2011,asciano,asciano,AIO,100.0,1.0,986020.0,138340.0,14668557.0,986020138340.0
2011,automotive,automotive,AHG,100.0,1.0,28236.0,36022.0,558101.0,2823636022.0
2011,bega cheese,bega cheese,BGA,100.0,1.0,41891.0,88647.0,1357158.0,4189188647.0
2011,bluescope steel,bluescope steel,BSL,100.0,1.0,11371293.0,1565953.0,239263572.0,113712931565953.0
2011,boral,boral,BLD,100.0,1.0,2448146.0,549468.0,,2448146549468.0
2011,bradken,bradken,BKN,100.0,1.0,35844.0,104031.0,1124537.0,35844104031.0
2011,brickworks,brickworks,BKW,100.0,1.0,289588.0,125546.0,6162594.0,289588125546.0
2011,cbh resources,cbh resources,CBH1,100.0,1.0,6633.0,61844.0,346135.0,663361844.0
2011,centennial coal company,centennial coal company,CEY,100.0,1.0,2095478.0,261822.0,1535072.0,2095478261822.0
2011,centro properties,centro properties,CEP,100.0,1.0,2964.0,144582.0,602592.0,2964144582.0
2011,charter hall,charter hall,CHC,100.0,1.0,4858.0,96374.0,424717.0,485896374.0
2011,coca-cola amatil,coca-cola amatil,CCL,100.0,1.0,52463.0,122591.0,1383391.0,52463122591.0
2011,commonwealth bank of australia,commonwealth bank of australia,CBA,100.0,1.0,20736.0,387520.0,1812799.0,20736387520.0
2011,csl,csl,CSL,100.0,1.0,11997.0,63067.0,416833.0,1199763067.0
2011,csr,csr,CSR,100.0,1.0,510497.0,349813.0,39058202.0,510497349813.0
2011,david jones,david jones,DJS,100.0,1.0,5009.0,101602.0,411895.0,5009101602.0
2011,dexus,dexus,DXS,100.0,1.0,8702.0,123421.0,586741.0,8702123421.0
2011,downer edi,downer edi,DOW,100.0,1.0,217793.0,47768.0,9670981.0,21779347768.0
2011,eastern star gas,eastern star gas,ESG,100.0,1.0,80517.0,198.0,794794.0,80517198.0
2011,elders,elders,ELD,100.0,1.0,24166.0,40759.0,511465.0,2416640759.0
2011,energy developments,energy developments,ENE1,100.0,1.0,707245.0,2595.0,21030161.0,7072452595.0
2011,envestra,envestra,ENV1,100.0,1.0,403693.0,51.0,256.0,40369351.0
2011,erm power,erm power,EPW,100.0,1.0,63970.0,2732.0,1263529.0,639702732.0
2011,fairfax media,fairfax media,FXJ,100.0,1.0,9078.0,84873.0,457701.0,907884873.0
2011,fortescue metals,fortescue metals,FMG,100.0,1.0,601533.0,40242.0,9476747.0,60153340242.0
2011,foster's,foster's,FGL1,100.0,1.0,61074.0,132154.0,1391830.0,61074132154.0
2011,gloucester coal,gloucester coal,GCL,100.0,1.0,61811.0,21266.0,783972.0,6181121266.0
2011,goodman fielder,goodman fielder,GFF,100.0,1.0,72290.0,88547.0,1525171.0,7229088547.0
2011,graincorp,graincorp,GNC,100.0,1.0,49777.0,154782.0,1452064.0,49777154782.0
2011,grange resources,grange resources,GRR,100.0,1.0,168228.0,64452.0,3483113.0,16822864452.0
2011,gunns,gunns,GNS,100.0,1.0,8787.0,50069.0,2093937.0,878750069.0
2011,harvey norman,harvey norman,HVN,100.0,1.0,5041.0,163641.0,705504.0,5041163641.0
2011,hrl,hrl,HRL,100.0,1.0,2457380.0,182455.0,32659072.0,2457380182455.0
2011,iluka resources,iluka resources,ILU,100.0,1.0,642775.0,181379.0,9015295.0,642775181379.0
2011,incitec pivot,incitec pivot,IPL,100.0,1.0,994797.0,158876.0,23355394.0,994797158876.0
2011,investa property,investa property,IPG2,100.0,1.0,2867.0,72789.0,325866.0,286772789.0
2011,kagara,kagara,KZL,100.0,1.0,44969.0,45556.0,966478.0,4496945556.0
2011,lindsay australia,lindsay australia,LAU,100.0,1.0,89726.0,4370.0,1301405.0,897264370.0
2011,redbank energy,redbank energy,AEJ,100.0,1.0,1174312.0,1728.0,13580181.0,11743121728.0
2012,aditya birla minerals,aditya birla minerals,ABY1,100.0,1.0,107175.0,37710.0,2667221.0,10717537710.0
2012,agl energy,agl energy,AGL,100.0,1.0,21741632.0,303574.0,274972535.0,21741632303574.0
2012,amp,amp,AMP,100.0,1.0,7989.0,178503.0,780363.0,7989178503.0
2012,ardent leisure,ardent leisure,ALG,100.0,1.0,2646.0,51914.0,253491.0,264651914.0
2012,arrow energy,arrow energy,AOE,100.0,1.0,745955.0,44509.0,14547812.0,74595544509.0
2012,asciano,asciano,AIO,100.0,1.0,1027562.0,130234.0,15223518.0,1027562130234.0
2012,automotive,automotive,AHG,100.0,1.0,69131.0,41317.0,1170396.0,6913141317.0
2012,bega cheese,bega cheese,BGA,100.0,1.0,46437.0,93086.0,1509708.0,4643793086.0
2012,bluescope steel,bluescope steel,BSL,100.0,1.0,7527149.0,1087624.0,174189540.0,75271491087624.0
2012,boral,boral,BLD,100.0,1.0,2411909.0,523503.0,20652101.0,2411909523503.0
2012,bradken,bradken,BKN,100.0,1.0,37243.0,102060.0,1149004.0,37243102060.0
2012,brickworks,brickworks,BKW,100.0,1.0,213638.0,99481.0,4618974.0,21363899481.0
2012,cbh resources,cbh resources,CBH1,100.0,1.0,8592.0,71017.0,415224.0,859271017.0
2012,centennial coal company,centennial coal company,CEY,100.0,1.0,1868672.0,266253.0,1507706.0,1868672266253.0
2012,central norseman gold,central norseman gold,CNG1,100.0,1.0,46319.0,28518.0,818169.0,4631928518.0
2012,centro properties,centro properties,CEP,100.0,1.0,1763.0,58259.0,253071.0,176358259.0
2012,centro retail,centro retail,CER,100.0,1.0,1825.0,73474.0,308909.0,182573474.0
2012,charter hall,charter hall,CHC,100.0,1.0,5237.0,94481.0,415898.0,523794481.0
2012,coca-cola amatil,coca-cola amatil,CCL,100.0,1.0,52803.0,132019.0,1438899.0,52803132019.0
2012,commonwealth bank of australia,commonwealth bank of australia,CBA,100.0,1.0,24811.0,364306.0,1766884.0,24811364306.0
2012,csl,csl,CSL,100.0,1.0,11475.0,62839.0,408962.0,1147562839.0
2012,csr,csr,CSR,100.0,1.0,361838.0,273915.0,7226473.0,361838273915.0
2012,david jones,david jones,DJS,100.0,1.0,5017.0,93541.0,386994.0,501793541.0
2012,dexus,dexus,DXS,100.0,1.0,7881.0,113273.0,527572.0,7881113273.0
2012,downer edi,downer edi,DOW,100.0,1.0,139679.0,46643.0,2733978.0,13967946643.0
2012,elders,elders,ELD,100.0,1.0,20345.0,39628.0,455560.0,2034539628.0
2012,energy developments,energy developments,ENE1,100.0,1.0,1053143.0,3674.0,23755519.0,10531433674.0
2012,envestra,envestra,ENV1,100.0,1.0,415295.0,62.0,329.0,41529562.0
2012,erm power,erm power,EPW,100.0,1.0,143519.0,3488.0,2597094.0,1435193488.0
2012,evolution mining,evolution mining,EVN,100.0,1.0,67364.0,163230.0,1698708.0,67364163230.0
2012,fairfax media,fairfax media,FXJ,100.0,1.0,8182.0,76795.0,416358.0,818276795.0
2012,focus minerals,focus minerals,FML,100.0,1.0,19435.0,39439.0,482589.0,1943539439.0
2012,fortescue metals,fortescue metals,FMG,100.0,1.0,1062109.0,57264.0,16880078.0,106210957264.0
2012,foster's,foster's,FGL1,100.0,1.0,42398.0,89007.0,1077420.0,4239889007.0
2012,gloucester coal,gloucester coal,GCL,100.0,1.0,310811.0,51271.0,1303808.0,31081151271.0
2012,goodman fielder,goodman fielder,GFF,100.0,1.0,67548.0,87026.0,1435112.0,6754887026.0
2012,graincorp,graincorp,GNC,100.0,1.0,57648.0,167959.0,1666760.0,57648167959.0
2012,grange resources,grange resources,GRR,100.0,1.0,199591.0,71275.0,4120060.0,19959171275.0
2012,harvey norman,harvey norman,HVN,100.0,1.0,4958.0,155552.0,681256.0,4958155552.0
2012,hrl,hrl,HRL,100.0,1.0,2388137.0,176326.0,32857070.0,2388137176326.0
2012,iluka resources,iluka resources,ILU,100.0,1.0,596774.0,182533.0,8862922.0,596774182533.0
2012,incitec pivot,incitec pivot,IPL,100.0,1.0,1070161.0,199125.0,26213822.0,1070161199125.0
2012,integra mining,integra mining,IGR,100.0,1.0,24877.0,28889.0,487460.0,2487728889.0
2012,investa property,investa property,IPG2,100.0,1.0,3781.0,81540.0,379051.0,378181540.0
2012,kagara,kagara,KZL,100.0,1.0,34872.0,48221.0,769325.0,3487248221.0
2012,lindsay australia,lindsay australia,LAU,100.0,1.0,83327.0,4891.0,1212549.0,833274891.0
2012,redbank energy,redbank energy,AEJ,100.0,1.0,1095354.0,1921.0,12650175.0,10953541921.0
2013,aditya birla minerals,aditya birla minerals,ABY1,100.0,1.0,100243.0,36601.0,2094919.0,10024336601.0
2013,agl energy,agl energy,AGL,100.0,1.0,20236397.0,314529.0,171615419.0,20236397314529.0
2013,amp,amp,AMP,100.0,1.0,12120.0,154462.0,743541.0,12120154462.0
2013,ardent leisure,ardent leisure,ALG,100.0,1.0,2685.0,55944.0,273758.0,268555944.0
2013,arrow energy,arrow energy,AOE,100.0,1.0,790407.0,46614.0,11496622.0,79040746614.0
2013,asciano,asciano,AIO,100.0,1.0,1088013.0,145499.0,16184679.0,1088013145499.0
2013,atlas iron,atlas iron,AGO,100.0,1.0,60863.0,384.0,881299.0,60863384.0
2013,aurizon,aurizon,AZJ,100.0,1.0,755100.0,466584.0,12814546.0,755100466584.0
2013,automotive,automotive,AHG,100.0,1.0,81645.0,45137.0,1366012.0,8164545137.0
2013,beach energy,beach energy,BPT,100.0,1.0,94915.0,623.0,346965.0,94915623.0
2013,bega cheese,bega cheese,BGA,100.0,1.0,47004.0,91709.0,1431644.0,4700491709.0
2013,bluescope steel,bluescope steel,BSL,100.0,1.0,6031331.0,933104.0,72414261.0,6031331933104.0
2013,boral,boral,BLD,100.0,1.0,2259470.0,503478.0,19502843.0,2259470503478.0
2013,bradken,bradken,BKN,100.0,1.0,35319.0,93995.0,1069983.0,3531993995.0
2013,brickworks,brickworks,BKW,100.0,1.0,218289.0,99545.0,4423339.0,21828999545.0
2013,cbh resources,cbh resources,CBH1,100.0,1.0,10250.0,82794.0,490824.0,1025082794.0
2013,centennial coal company,centennial coal company,CEY,100.0,1.0,1677347.0,279687.0,1613810.0,1677347279687.0
2013,charter hall,charter hall,CHC,100.0,1.0,5838.0,99484.0,435573.0,583899484.0
2013,coca-cola amatil,coca-cola amatil,CCL,100.0,1.0,51039.0,143571.0,1457625.0,51039143571.0
2013,commonwealth bank of australia,commonwealth bank of australia,CBA,100.0,1.0,22860.0,333827.0,1627533.0,22860333827.0
2013,csl,csl,CSL,100.0,1.0,12268.0,66874.0,439604.0,1226866874.0
2013,csr,csr,CSR,100.0,1.0,361216.0,259123.0,6916369.0,361216259123.0
2013,david jones,david jones,DJS,100.0,1.0,7090.0,86925.0,366980.0,709086925.0
2013,dexus,dexus,DXS,100.0,1.0,9126.0,101382.0,499051.0,9126101382.0
2013,downer edi,downer edi,DOW,100.0,1.0,156804.0,48934.0,2939595.0,15680448934.0
2013,elders,elders,ELD,100.0,1.0,21675.0,31020.0,444263.0,2167531020.0
2013,energy developments,energy developments,ENE1,100.0,1.0,1095328.0,3232.0,17559241.0,10953283232.0
2013,envestra,envestra,ENV1,100.0,1.0,456035.0,61.0,24760.0,45603561.0
2013,erm power,erm power,EPW,100.0,1.0,47704.0,4322.0,645817.0,477044322.0
2013,evolution mining,evolution mining,EVN,100.0,1.0,109377.0,217212.0,2531991.0,109377217212.0
2013,fairfax media,fairfax media,FXJ,100.0,1.0,9103.0,70071.0,409845.0,910370071.0
2013,federation,federation,FDR1,100.0,1.0,3118.0,119462.0,504948.0,3118119462.0
2013,focus minerals,focus minerals,FML,100.0,1.0,37865.0,31569.0,691332.0,3786531569.0
2013,fortescue metals,fortescue metals,FMG,100.0,1.0,1331339.0,99522.0,20442388.0,133133999522.0
2013,foster's,foster's,FGL1,100.0,1.0,43620.0,87804.0,1085717.0,4362087804.0
2013,goodman fielder,goodman fielder,GFF,100.0,1.0,29196.0,59741.0,790228.0,2919659741.0
2013,graincorp,graincorp,GNC,100.0,1.0,103653.0,186720.0,2488495.0,103653186720.0
2013,grange resources,grange resources,GRR,100.0,1.0,173721.0,58961.0,3643328.0,17372158961.0
2013,harvey norman,harvey norman,HVN,100.0,1.0,5451.0,148170.0,680228.0,5451148170.0
2013,hillgrove resources,hillgrove resources,HGO,100.0,1.0,27700.0,26079.0,551205.0,2770026079.0
2013,hrl,hrl,HRL,100.0,1.0,615268.0,68883.0,12310943.0,61526868883.0
2013,iluka resources,iluka resources,ILU,100.0,1.0,367178.0,115940.0,5892448.0,367178115940.0
2013,incitec pivot,incitec pivot,IPL,100.0,1.0,1215654.0,185887.0,28867726.0,1215654185887.0
2013,inova  resources,inova resources,IVA,97.0,1.0,55333.0,0.0,933382.0,553330.0
2013,investa property,investa property,IPG2,100.0,1.0,5514.0,90418.0,449190.0,551490418.0
2013,lindsay australia,lindsay australia,LAU,100.0,1.0,89896.0,0.0,1306202.0,898960.0
2013,redbank energy,redbank energy,AEJ,100.0,1.0,1138648.0,97.0,9336003.0,113864897.0
2014,aditya birla minerals,aditya birla minerals,ABY1,100.0,1.0,81805.0,6011.0,1592253.0,818056011.0
2014,agl energy,agl energy,AGL,100.0,1.0,19622185.0,306355.0,165131979.0,19622185306355.0
2014,amp,amp,AMP,100.0,1.0,8841.0,133992.0,635474.0,8841133992.0
2014,ardent leisure,ardent leisure,ALG,100.0,1.0,2817.0,52915.0,271635.0,281752915.0
2014,arrow energy,arrow energy,AOE,100.0,1.0,1009399.0,41821.0,14287139.0,100939941821.0
2014,asaleo care,asaleo care,AHY,100.0,1.0,47720.0,154553.0,1402255.0,47720154553.0
2014,asciano,asciano,AIO,100.0,1.0,1064681.0,166054.0,15974369.0,1064681166054.0
2014,atlas iron,atlas iron,AGO,100.0,1.0,95595.0,4067.0,1403587.0,955954067.0
2014,aurizon,aurizon,AZJ,100.0,1.0,765258.0,427317.0,12785920.0,765258427317.0
2014,ausnet services,ausnet services,AST,100.0,1.0,156726.0,574905.0,2043304.0,156726574905.0
2014,automotive,automotive,AHG,100.0,1.0,173779.0,73359.0,2793490.0,17377973359.0
2014,beach energy,beach energy,BPT,100.0,1.0,62696.0,614.0,446972.0,62696614.0
2014,bega cheese,bega cheese,BGA,100.0,1.0,48193.0,94810.0,1537676.0,4819394810.0
2014,bluescope steel,bluescope steel,BSL,100.0,1.0,5699865.0,917908.0,69324056.0,5699865917908.0
2014,boral,boral,BLD,100.0,1.0,1979924.0,443323.0,17015736.0,1979924443323.0
2014,bradken,bradken,BKN,100.0,1.0,27683.0,72440.0,839387.0,2768372440.0
2014,brickworks,brickworks,BKW,100.0,1.0,224005.0,96020.0,4596110.0,22400596020.0
2014,cbh resources,cbh resources,CBH1,100.0,1.0,10248.0,84972.0,501215.0,1024884972.0
2014,centennial coal company,centennial coal company,CEY,100.0,1.0,1302610.0,282518.0,1615454.0,1302610282518.0
2014,charter hall,charter hall,CHC,100.0,1.0,6007.0,103724.0,476254.0,6007103724.0
2014,coca-cola amatil,coca-cola amatil,CCL,100.0,1.0,47223.0,144555.0,1409997.0,47223144555.0
2014,commonwealth bank of australia,commonwealth bank of australia,CBA,100.0,1.0,11691.0,158881.0,828400.0,11691158881.0
2014,crown resorts,crown resorts,CWN,100.0,1.0,33748.0,140991.0,1028316.0,33748140991.0
2014,csl,csl,CSL,100.0,1.0,13910.0,70803.0,487385.0,1391070803.0
2014,csr,csr,CSR,100.0,1.0,308605.0,226040.0,5933439.0,308605226040.0
2014,david jones,david jones,DJS,100.0,1.0,5013.0,82690.0,355277.0,501382690.0
2014,dexus,dexus,DXS,100.0,1.0,10745.0,118875.0,591107.0,10745118875.0
2014,downer edi,downer edi,DOW,100.0,1.0,155319.0,44406.0,2996080.0,15531944406.0
2014,energy developments,energy developments,ENE1,100.0,1.0,1275026.0,2385.0,19042697.0,12750262385.0
2014,erm power,erm power,EPW,100.0,1.0,92966.0,5622.0,1326378.0,929665622.0
2014,evolution mining,evolution mining,EVN,100.0,1.0,75487.0,206214.0,2054394.0,75487206214.0
2014,fairfax media,fairfax media,FXJ,100.0,1.0,8357.0,60572.0,361801.0,835760572.0
2014,federation,federation,FDR1,100.0,1.0,3073.0,103185.0,448470.0,3073103185.0
2014,fortescue metals,fortescue metals,FMG,100.0,1.0,1563779.0,289920.0,24205083.0,1563779289920.0
2014,foster's,foster's,FGL1,100.0,1.0,39741.0,82611.0,1016698.0,3974182611.0
2014,goodman fielder,goodman fielder,GFF,100.0,1.0,26433.0,55199.0,726327.0,2643355199.0
2014,graincorp,graincorp,GNC,100.0,1.0,104691.0,177598.0,2455325.0,104691177598.0
2014,grange resources,grange resources,GRR,100.0,1.0,206635.0,48325.0,4250339.0,20663548325.0
2014,harvey norman,harvey norman,HVN,100.0,1.0,5797.0,139417.0,666727.0,5797139417.0
2014,hillgrove resources,hillgrove resources,HGO,100.0,1.0,32048.0,27046.0,723354.0,3204827046.0
2014,hrl,hrl,HRL,100.0,1.0,487922.0,57942.0,10960751.0,48792257942.0
2014,iluka resources,iluka resources,ILU,100.0,1.0,93738.0,78402.0,1785305.0,9373878402.0
2014,incitec pivot,incitec pivot,IPL,100.0,1.0,1316973.0,185229.0,29456294.0,1316973185229.0
2014,investa property,investa property,IPG2,100.0,1.0,2919.0,90121.0,421182.0,291990121.0
2014,lindsay australia,lindsay australia,LAU,100.0,1.0,93611.0,0.0,1360838.0,936110.0
2015,aditya birla minerals,aditya birla minerals,ABY1,100.0,1.0,73376.0,4229.0,1417985.0,733764229.0
2015,aeris resources,aeris resources,AIS,100.0,1.0,17815.0,65459.0,528890.0,1781565459.0
2015,agl energy,agl energy,AGL,100.0,1.0,38346476.0,495693.0,300106540.0,38346476495693.0
2015,amp,amp,AMP,100.0,1.0,9021.0,112962.0,563253.0,9021112962.0
2015,ardent leisure,ardent leisure,ALG,100.0,1.0,2677.0,55581.0,283328.0,267755581.0
2015,arrow energy,arrow energy,AOE,100.0,1.0,1727037.0,33451.0,24713923.0,172703733451.0
2015,asaleo care,asaleo care,AHY,100.0,1.0,44016.0,156334.0,1331875.0,44016156334.0
2015,asciano,asciano,AIO,100.0,1.0,1034029.0,167760.0,15556729.0,1034029167760.0
2015,atlas iron,atlas iron,AGO,100.0,1.0,58604.0,6195.0,883268.0,586046195.0
2015,aurizon,aurizon,AZJ,100.0,1.0,693224.0,429103.0,11856702.0,693224429103.0
2015,ausnet services,ausnet services,AST,100.0,1.0,152652.0,640784.0,2200014.0,152652640784.0
2015,automotive,automotive,AHG,100.0,1.0,191147.0,76417.0,3057307.0,19114776417.0
2015,beach energy,beach energy,BPT,100.0,1.0,52725.0,354.0,354152.0,52725354.0
2015,bega cheese,bega cheese,BGA,100.0,1.0,48447.0,95577.0,1560227.0,4844795577.0
2015,bluescope steel,bluescope steel,BSL,100.0,1.0,5588003.0,946532.0,68341573.0,5588003946532.0
2015,boral,boral,BLD,100.0,1.0,1712259.0,388936.0,14116876.0,1712259388936.0
2015,bradken,bradken,BKN,100.0,1.0,21865.0,52782.0,658296.0,2186552782.0
2015,brickworks,brickworks,BKW,100.0,1.0,236645.0,103271.0,5124454.0,236645103271.0
2015,broadspectrum,broadspectrum,BRS,100.0,1.0,52619.0,23265.0,911374.0,5261923265.0
2015,cbh resources,cbh resources,CBH1,100.0,1.0,9179.0,76132.0,452456.0,917976132.0
2015,centennial coal company,centennial coal company,CEY,100.0,1.0,1459834.0,279808.0,1568924.0,1459834279808.0
2015,charter hall,charter hall,CHC,100.0,1.0,5965.0,83916.0,395789.0,596583916.0
2015,cimic,cimic,CIM,100.0,1.0,77412.0,72142.0,1434467.0,7741272142.0
2015,cleanaway waste management,cleanaway waste management,CWY,100.0,1.0,456756.0,31841.0,3260839.0,45675631841.0
2015,coca-cola amatil,coca-cola amatil,CCL,100.0,1.0,49239.0,147631.0,1489707.0,49239147631.0
2015,commonwealth bank of australia,commonwealth bank of australia,CBA,100.0,1.0,8108.0,101125.0,546060.0,8108101125.0
2015,crown resorts,crown resorts,CWN,100.0,1.0,23991.0,153602.0,942440.0,23991153602.0
2015,csl,csl,CSL,100.0,1.0,15078.0,73814.0,518084.0,1507873814.0
2015,csr,csr,CSR,100.0,1.0,348304.0,233714.0,6563445.0,348304233714.0
2015,david jones,david jones,DJS,100.0,1.0,5321.0,82204.0,362380.0,532182204.0
2015,dexus,dexus,DXS,100.0,1.0,15012.0,133574.0,703284.0,15012133574.0
2015,downer edi,downer edi,DOW,100.0,1.0,162624.0,49979.0,2970344.0,16262449979.0
2015,energy developments,energy developments,ENE1,100.0,1.0,1318296.0,2425.0,19988311.0,13182962425.0
2015,erm power,erm power,EPW,100.0,1.0,387164.0,5210.0,5551029.0,3871645210.0
2015,event hospitality and entertainment,event hospitality and entertainment,EVT,100.0,1.0,11505.0,135897.0,788311.0,11505135897.0
2015,evolution mining,evolution mining,EVN,100.0,1.0,80619.0,203565.0,2093446.0,80619203565.0
2015,fairfax media,fairfax media,FXJ,100.0,1.0,6241.0,43900.0,279427.0,624143900.0
2015,fortescue metals,fortescue metals,FMG,100.0,1.0,1550294.0,374074.0,24361575.0,1550294374074.0
2015,foster's,foster's,FGL1,100.0,1.0,40439.0,79944.0,933357.0,4043979944.0
2015,graincorp,graincorp,GNC,100.0,1.0,107651.0,170025.0,2431588.0,107651170025.0
2015,grange resources,grange resources,GRR,100.0,1.0,202473.0,49990.0,4274178.0,20247349990.0
2015,harvey norman,harvey norman,HVN,100.0,1.0,6478.0,133619.0,649783.0,6478133619.0
2015,healthscope,healthscope,HSO,100.0,1.0,14394.0,94821.0,676661.0,1439494821.0
2015,hillgrove resources,hillgrove resources,HGO,100.0,1.0,36504.0,27833.0,827994.0,3650427833.0
2015,hrl,hrl,HRL,100.0,1.0,100878.0,20335.0,1990469.0,10087820335.0
2015,iluka resources,iluka resources,ILU,100.0,1.0,161457.0,93549.0,2680733.0,16145793549.0
2015,incitec pivot,incitec pivot,IPL,100.0,1.0,1438290.0,180953.0,30740146.0,1438290180953.0
2015,lindsay australia,lindsay australia,LAU,100.0,1.0,104604.0,0.0,1540892.0,1046040.0
2016,aeris resources,aeris resources,AIS,100.0,1.0,18485.0,66775.0,548389.0,1848566775.0
2016,agl energy,agl energy,AGL,100.0,1.0,43258798.0,526700.0,337701422.0,43258798526700.0
2016,alkane resources,alkane resources,ALK,100.0,1.0,23841.0,31252.0,474460.0,2384131252.0
2016,amp,amp,AMP,100.0,1.0,10881.0,106203.0,564924.0,10881106203.0
2016,ardent leisure,ardent leisure,ALG,100.0,1.0,2753.0,56447.0,296078.0,275356447.0
2016,arrow energy,arrow energy,AOE,100.0,1.0,947288.0,32785.0,14435135.0,94728832785.0
2016,asaleo care,asaleo care,AHY,100.0,1.0,44193.0,152667.0,1341220.0,44193152667.0
2016,asciano,asciano,AIO,100.0,1.0,1015514.0,150377.0,15134018.0,1015514150377.0
2016,atlas iron,atlas iron,AGO,100.0,1.0,61089.0,7680.0,926009.0,610897680.0
2016,aurizon,aurizon,AZJ,100.0,1.0,656639.0,434712.0,11070293.0,656639434712.0
2016,ausnet services,ausnet services,AST,100.0,1.0,174761.0,556481.0,2033433.0,174761556481.0
2016,automotive,automotive,AHG,100.0,1.0,213504.0,70700.0,3335263.0,21350470700.0
2016,bega cheese,bega cheese,BGA,100.0,1.0,48124.0,93343.0,1516764.0,4812493343.0
2016,bluescope steel,bluescope steel,BSL,100.0,1.0,6033921.0,1005847.0,72126029.0,60339211005847.0
2016,boral,boral,BLD,100.0,1.0,1555334.0,363846.0,12200574.0,1555334363846.0
2016,bradken,bradken,BKN,100.0,1.0,22168.0,44762.0,637486.0,2216844762.0
2016,brickworks,brickworks,BKW,100.0,1.0,258843.0,107365.0,5785901.0,258843107365.0
2016,capral,capral,CAA,100.0,1.0,11868.0,40522.0,409400.0,1186840522.0
2016,cbh resources,cbh resources,CBH1,100.0,1.0,8590.0,67052.0,413445.0,859067052.0
2016,centennial coal company,centennial coal company,CEY,100.0,1.0,1717700.0,229636.0,1232896.0,1717700229636.0
2016,central petroleum,central petroleum,CTP,100.0,1.0,54362.0,0.0,901375.0,543620.0
2016,charter hall,charter hall,CHC,100.0,1.0,6784.0,79608.0,389934.0,678479608.0
2016,cimic,cimic,CIM,100.0,1.0,50639.0,32910.0,884558.0,5063932910.0
2016,cleanaway waste management,cleanaway waste management,CWY,100.0,1.0,671897.0,29331.0,3299004.0,67189729331.0
2016,coca-cola amatil,coca-cola amatil,CCL,100.0,1.0,49170.0,141916.0,1473280.0,49170141916.0
2016,commonwealth bank of australia,commonwealth bank of australia,CBA,100.0,1.0,7732.0,94615.0,520850.0,773294615.0
2016,crown resorts,crown resorts,CWN,100.0,1.0,25399.0,144038.0,946885.0,25399144038.0
2016,csl,csl,CSL,100.0,1.0,15603.0,71936.0,530014.0,1560371936.0
2016,csr,csr,CSR,100.0,1.0,447471.0,266814.0,8378476.0,447471266814.0
2016,david jones,david jones,DJS,100.0,1.0,2951.0,81551.0,363034.0,295181551.0
2016,dexus,dexus,DXS,100.0,1.0,17033.0,135910.0,739216.0,17033135910.0
2016,downer edi,downer edi,DOW,100.0,1.0,159627.0,39321.0,2816937.0,15962739321.0
2016,erm power,erm power,EPW,100.0,1.0,400810.0,5258.0,5780306.0,4008105258.0
2016,event hospitality and entertainment,event hospitality and entertainment,EVT,100.0,1.0,11231.0,132530.0,784592.0,11231132530.0
2016,evolution mining,evolution mining,EVN,100.0,1.0,157586.0,472257.0,4405491.0,157586472257.0
2016,fortescue metals,fortescue metals,FMG,100.0,1.0,1409410.0,362778.0,22570952.0,1409410362778.0
2016,foster's,foster's,FGL1,100.0,1.0,41360.0,75374.0,931714.0,4136075374.0
2016,graincorp,graincorp,GNC,100.0,1.0,112159.0,172550.0,2510670.0,112159172550.0
2016,grange resources,grange resources,GRR,100.0,1.0,195633.0,28800.0,4102168.0,19563328800.0
2016,harvey norman,harvey norman,HVN,100.0,1.0,6415.0,130255.0,652311.0,6415130255.0
2016,healthscope,healthscope,HSO,100.0,1.0,11354.0,89179.0,616576.0,1135489179.0
2016,hillgrove resources,hillgrove resources,HGO,100.0,1.0,30733.0,26019.0,724458.0,3073326019.0
2016,iluka resources,iluka resources,ILU,100.0,1.0,324239.0,69970.0,4378595.0,32423969970.0
2016,incitec pivot,incitec pivot,IPL,100.0,1.0,1504131.0,176296.0,31036289.0,1504131176296.0
2016,lendlease,lendlease,LLC,100.0,1.0,71956.0,115039.0,1466691.0,71956115039.0
2016,lindsay australia,lindsay australia,LAU,100.0,1.0,105711.0,7788.0,1535154.0,1057117788.0
2017,a.c.n. 004 410 833,a.c.n 004 410 833,ARI,97.0,1.0,2744046.0,990321.0,37121263.0,2744046990321.0
2017,aeris resources,aeris resources,AIS,100.0,1.0,16998.0,66533.0,526243.0,1699866533.0
2017,agl energy,agl energy,AGL,100.0,1.0,43441666.0,488753.0,341135726.0,43441666488753.0
2017,alkane resources,alkane resources,ALK,100.0,1.0,28893.0,31231.0,546293.0,2889331231.0
2017,amp,amp,AMP,100.0,1.0,8455.0,98203.0,545408.0,845598203.0
2017,arrow energy,arrow energy,AOE,100.0,1.0,547567.0,33584.0,7977600.0,54756733584.0
2017,asaleo care,asaleo care,AHY,100.0,1.0,37857.0,129417.0,1159502.0,37857129417.0
2017,atlas iron,atlas iron,AGO,100.0,1.0,54431.0,5046.0,821266.0,544315046.0
2017,aurizon,aurizon,AZJ,100.0,1.0,644134.0,410064.0,10841024.0,644134410064.0
2017,ausnet services,ausnet services,AST,100.0,1.0,179528.0,531348.0,1996894.0,179528531348.0
2017,automotive,automotive,AHG,100.0,1.0,214474.0,82194.0,3490268.0,21447482194.0
2017,bega cheese,bega cheese,BGA,100.0,1.0,44560.0,87574.0,1426555.0,4456087574.0
2017,bluescope steel,bluescope steel,BSL,100.0,1.0,6366721.0,1033886.0,75442428.0,63667211033886.0
2017,boral,boral,BLD,100.0,1.0,1604426.0,372708.0,12318123.0,1604426372708.0
2017,bradken,bradken,BKN,100.0,1.0,18060.0,43169.0,546335.0,1806043169.0
2017,brickworks,brickworks,BKW,100.0,1.0,243889.0,98325.0,5152746.0,24388998325.0
2017,cbh resources,cbh resources,CBH1,100.0,1.0,12443.0,68218.0,474397.0,1244368218.0
2017,centennial coal company,centennial coal company,CEY,100.0,1.0,2039720.0,240789.0,1289158.0,2039720240789.0
2017,central petroleum,central petroleum,CTP,100.0,1.0,60249.0,77.0,967678.0,6024977.0
2017,charter hall,charter hall,CHC,100.0,1.0,7386.0,74326.0,378558.0,738674326.0
2017,cimic,cimic,CIM,100.0,1.0,68295.0,53534.0,1233835.0,6829553534.0
2017,cleanaway waste management,cleanaway waste management,CWY,100.0,1.0,660883.0,28835.0,2612420.0,66088328835.0
2017,coca-cola amatil,coca-cola amatil,CCL,100.0,1.0,39772.0,128081.0,1261599.0,39772128081.0
2017,commonwealth bank of australia,commonwealth bank of australia,CBA,100.0,1.0,7468.0,83891.0,476508.0,746883891.0
2017,crown resorts,crown resorts,CWN,100.0,1.0,27153.0,142066.0,1042415.0,27153142066.0
2017,csl,csl,CSL,100.0,1.0,16226.0,70421.0,545113.0,1622670421.0
2017,csr,csr,CSR,100.0,1.0,459936.0,264388.0,8530097.0,459936264388.0
2017,cudeco,cudeco,CDU,100.0,1.0,54708.0,229.0,783978.0,54708229.0
2017,david jones,david jones,DJS,100.0,1.0,3722.0,78596.0,358672.0,372278596.0
2017,dexus,dexus,DXS,100.0,1.0,19848.0,129955.0,735561.0,19848129955.0
2017,downer edi,downer edi,DOW,100.0,1.0,227467.0,79862.0,4052643.0,22746779862.0
2017,erm power,erm power,EPW,100.0,1.0,190991.0,5316.0,2748164.0,1909915316.0
2017,event hospitality and entertainment,event hospitality and entertainment,EVT,100.0,1.0,11849.0,132755.0,801584.0,11849132755.0
2017,evolution mining,evolution mining,EVN,100.0,1.0,167740.0,430994.0,4389995.0,167740430994.0
2017,fortescue metals,fortescue metals,FMG,100.0,1.0,1382868.0,334992.0,22100166.0,1382868334992.0
2017,foster's,foster's,FGL1,100.0,1.0,41006.0,73548.0,903268.0,4100673548.0
2017,graincorp,graincorp,GNC,100.0,1.0,97618.0,175944.0,2339800.0,97618175944.0
2017,grange resources,grange resources,GRR,100.0,1.0,163881.0,22996.0,3364426.0,16388122996.0
2017,harvey norman,harvey norman,HVN,100.0,1.0,6117.0,123558.0,629006.0,6117123558.0
2017,healthscope,healthscope,HSO,100.0,1.0,12339.0,94222.0,670373.0,1233994222.0
2017,hillgrove resources,hillgrove resources,HGO,100.0,1.0,36294.0,22526.0,811149.0,3629422526.0
2017,iluka resources,iluka resources,ILU,100.0,1.0,282603.0,59698.0,4099739.0,28260359698.0
2017,incitec pivot,incitec pivot,IPL,100.0,1.0,1452807.0,172928.0,30950558.0,1452807172928.0
2017,jb hi-fi,jb hi-fi,JBH,100.0,1.0,574.0,51994.0,225057.0,57451994.0
2017,lendlease,lendlease,LLC,100.0,1.0,75462.0,138770.0,1627039.0,75462138770.0
2017,lindsay australia,lindsay australia,LAU,100.0,1.0,109327.0,8092.0,1588438.0,1093278092.0
2018,aeris resources,aeris resources,AIS,100.0,1.0,17220.0,65305.0,527512.0,1722065305.0
2018,agl energy,agl energy,AGL,100.0,1.0,43097142.0,478207.0,338571588.0,43097142478207.0
2018,alkane resources,alkane resources,ALK,100.0,1.0,19255.0,30879.0,409133.0,1925530879.0
2018,amp,amp,AMP,100.0,1.0,8117.0,108970.0,599526.0,8117108970.0
2018,arrow energy,arrow energy,AOE,100.0,1.0,411192.0,31090.0,6341097.0,41119231090.0
2018,asaleo care,asaleo care,AHY,100.0,1.0,39924.0,131647.0,1211196.0,39924131647.0
2018,aurizon,aurizon,AZJ,100.0,1.0,578614.0,367371.0,9920177.0,578614367371.0
2018,ausnet services,ausnet services,AST,100.0,1.0,181120.0,518683.0,4997935.0,181120518683.0
2018,australian pacific coal,australian pacific coal,AQC,100.0,1.0,89453.0,4891.0,21685.0,894534891.0
2018,automotive,automotive,AHG,100.0,1.0,211660.0,78543.0,3440610.0,21166078543.0
2018,beach energy,beach energy,BPT,100.0,1.0,495946.0,23800.0,5457159.0,49594623800.0
2018,bega cheese,bega cheese,BGA,100.0,1.0,55633.0,100246.0,1697960.0,55633100246.0
2018,bluescope steel,bluescope steel,BSL,100.0,1.0,6456020.0,984483.0,76427460.0,6456020984483.0
2018,boral,boral,BLD,100.0,1.0,1611015.0,372446.0,12606293.0,1611015372446.0
2018,bounty mining,bounty mining,B2Y,100.0,1.0,70948.0,8696.0,57787.0,709488696.0
2018,bradken,bradken,BKN,100.0,1.0,14876.0,38459.0,463740.0,1487638459.0
2018,brickworks,brickworks,BKW,100.0,1.0,247306.0,92655.0,5220194.0,24730692655.0
2018,capral,capral,CAA,100.0,1.0,11934.0,38785.0,405489.0,1193438785.0
2018,cbh resources,cbh resources,CBH1,100.0,1.0,8969.0,92226.0,532603.0,896992226.0
2018,centennial coal company,centennial coal company,CEY,100.0,1.0,2683911.0,253265.0,3476321.0,2683911253265.0
2018,central petroleum,central petroleum,CTP,100.0,1.0,60207.0,53.0,1123820.0,6020753.0
2018,charter hall,charter hall,CHC,100.0,1.0,7872.0,75106.0,386935.0,787275106.0
2018,cimic,cimic,CIM,100.0,1.0,128057.0,113591.0,2336472.0,128057113591.0
2018,cleanaway waste management,cleanaway waste management,CWY,100.0,1.0,712087.0,27779.0,3873252.0,71208727779.0
2018,coca-cola amatil,coca-cola amatil,CCL,100.0,1.0,43032.0,125655.0,1316693.0,43032125655.0
2018,commonwealth bank of australia,commonwealth bank of australia,CBA,100.0,1.0,7313.0,77183.0,448671.0,731377183.0
2018,crown resorts,crown resorts,CWN,100.0,1.0,25591.0,137772.0,1012894.0,25591137772.0
2018,csl,csl,CSL,100.0,1.0,17636.0,77032.0,595973.0,1763677032.0
2018,csr,csr,CSR,100.0,1.0,444294.0,257120.0,8377891.0,444294257120.0
2018,cudeco,cudeco,CDU,100.0,1.0,71108.0,29.0,896898.0,7110829.0
2018,david jones,david jones,DJS,100.0,1.0,3421.0,79795.0,367132.0,342179795.0
2018,dexus,dexus,DXS,100.0,1.0,18939.0,130427.0,720510.0,18939130427.0
2018,downer edi,downer edi,DOW,100.0,1.0,272463.0,84660.0,4798516.0,27246384660.0
2018,erm power,erm power,EPW,100.0,1.0,201482.0,5000.0,2824213.0,2014825000.0
2018,event hospitality and entertainment,event hospitality and entertainment,EVT,100.0,1.0,11321.0,125018.0,762577.0,11321125018.0
2018,evolution mining,evolution mining,EVN,100.0,1.0,159058.0,394144.0,4075496.0,159058394144.0
2018,fortescue metals,fortescue metals,FMG,100.0,1.0,1469724.0,324121.0,23225077.0,1469724324121.0
2018,graincorp,graincorp,GNC,100.0,1.0,79957.0,98117.0,1809898.0,7995798117.0
2018,grange resources,grange resources,GRR,100.0,1.0,203945.0,32572.0,4174585.0,20394532572.0
2018,harvey norman,harvey norman,HVN,100.0,1.0,5982.0,120848.0,619728.0,5982120848.0
2018,healthscope,healthscope,HSO,100.0,1.0,13863.0,95112.0,717589.0,1386395112.0
2018,hillgrove resources,hillgrove resources,HGO,100.0,1.0,41802.0,21712.0,917389.0,4180221712.0
2018,iluka resources,iluka resources,ILU,100.0,1.0,312654.0,42866.0,4505846.0,31265442866.0
2018,incitec pivot,incitec pivot,IPL,100.0,1.0,1553460.0,169105.0,31045289.0,1553460169105.0
2018,jb hi-fi,jb hi-fi,JBH,100.0,1.0,383.0,61880.0,265521.0,38361880.0
2018,lendlease,lendlease,LLC,100.0,1.0,111367.0,171597.0,2391809.0,111367171597.0
2018,lindsay australia,lindsay australia,LAU,100.0,1.0,114571.0,8165.0,1657673.0,1145718165.0
2019,aeris resources,aeris resources,AIS,100.0,1.0,17695.0,66655.0,552379.0,1769566655.0
2019,agl energy,agl energy,AGL,100.0,1.0,42727434.0,520537.0,335963880.0,42727434520537.0
2019,alliance aviation services,alliance aviation services,AQZ,100.0,1.0,169586.0,1020.0,2420812.0,1695861020.0
2019,amp,amp,AMP,100.0,1.0,6748.0,99199.0,550164.0,674899199.0
2019,arrow energy,arrow energy,AOE,100.0,1.0,496913.0,31632.0,7653272.0,49691331632.0
2019,asaleo care,asaleo care,AHY,100.0,1.0,25220.0,88352.0,784627.0,2522088352.0
2019,aurelia metals,aurelia metals,AMI,100.0,1.0,31841.0,61382.0,808416.0,3184161382.0
2019,aurizon,aurizon,AZJ,100.0,1.0,482794.0,364813.0,8511155.0,482794364813.0
2019,ausnet services,ausnet services,AST,100.0,1.0,207841.0,1395115.0,8066295.0,2078411395115.0
2019,australian pacific coal,australian pacific coal,AQC,100.0,1.0,99883.0,4377.0,219017.0,998834377.0
2019,automotive,automotive,AHG,100.0,1.0,211670.0,78471.0,3438903.0,21167078471.0
2019,beach energy,beach energy,BPT,100.0,1.0,437108.0,20888.0,5191780.0,43710820888.0
2019,bega cheese,bega cheese,BGA,100.0,1.0,78641.0,120935.0,2189049.0,78641120935.0
2019,bhp,bhp,BHP,100.0,1.0,3513318.0,1366351.0,59333302.0,35133181366351.0
2019,bingo industries,bingo industries,BIN,100.0,1.0,80440.0,5586.0,446688.0,804405586.0
2019,bluescope steel,bluescope steel,BSL,100.0,1.0,6316373.0,954210.0,75230359.0,6316373954210.0
2019,boral,boral,BLD,100.0,1.0,1505339.0,348553.0,12217888.0,1505339348553.0
2019,bounty mining,bounty mining,B2Y,100.0,1.0,143064.0,21474.0,133069.0,14306421474.0
2019,brickworks,brickworks,BKW,100.0,1.0,232116.0,87486.0,4923958.0,23211687486.0
2019,cbh resources,cbh resources,CBH1,100.0,1.0,14048.0,90607.0,602231.0,1404890607.0
2019,centennial coal company,centennial coal company,CEY,100.0,1.0,2024212.0,252060.0,3409346.0,2024212252060.0
2019,central petroleum,central petroleum,CTP,100.0,1.0,77853.0,124.0,1181708.0,77853124.0
2019,charter hall,charter hall,CHC,100.0,1.0,9156.0,86372.0,449957.0,915686372.0
2019,cimic,cimic,CIM,100.0,1.0,134974.0,82089.0,2304671.0,13497482089.0
2019,cleanaway waste management,cleanaway waste management,CWY,100.0,1.0,784907.0,37026.0,4541322.0,78490737026.0
2019,coca-cola amatil,coca-cola amatil,CCL,100.0,1.0,44222.0,123367.0,1328900.0,44222123367.0
2019,coles,coles,CGJ,100.0,1.0,282849.0,1333826.0,6725857.0,2828491333826.0
2019,commonwealth bank of australia,commonwealth bank of australia,CBA,100.0,1.0,6966.0,71109.0,417546.0,696671109.0
2019,crown resorts,crown resorts,CWN,100.0,1.0,24502.0,134002.0,983462.0,24502134002.0
2019,csl,csl,CSL,100.0,1.0,17376.0,75812.0,589780.0,1737675812.0
2019,csr,csr,CSR,100.0,1.0,310997.0,202776.0,6238815.0,310997202776.0
2019,dacian gold,dacian gold,DCN,100.0,1.0,100816.0,47.0,1646440.0,10081647.0
2019,dexus,dexus,DXS,100.0,1.0,17624.0,127528.0,689116.0,17624127528.0
2019,downer edi,downer edi,DOW,100.0,1.0,246009.0,82214.0,4320627.0,24600982214.0
2019,erm power,erm power,EPW,100.0,1.0,124652.0,5296.0,1751409.0,1246525296.0
2019,event hospitality and entertainment,event hospitality and entertainment,EVT,100.0,1.0,12281.0,127170.0,798615.0,12281127170.0
2019,evolution mining,evolution mining,EVN,100.0,1.0,155080.0,383449.0,3986903.0,155080383449.0
2019,fortescue metals,fortescue metals,FMG,100.0,1.0,1699122.0,157220.0,26198696.0,1699122157220.0
2019,gascoyne resources,gascoyne resources,GCY,100.0,1.0,74004.0,16.0,1197870.0,7400416.0
2019,graincorp,graincorp,GNC,100.0,1.0,75371.0,90536.0,1696982.0,7537190536.0
2019,grange resources,grange resources,GRR,100.0,1.0,187099.0,35791.0,3676621.0,18709935791.0
2019,harvey norman,harvey norman,HVN,100.0,1.0,6110.0,116017.0,600788.0,6110116017.0
2019,healthscope,healthscope,HSO,100.0,1.0,15768.0,95909.0,724026.0,1576895909.0
2019,hillgrove resources,hillgrove resources,HGO,100.0,1.0,29170.0,22884.0,690370.0,2917022884.0
2019,iluka resources,iluka resources,ILU,100.0,1.0,324429.0,46962.0,5182856.0,32442946962.0
2019,incitec pivot,incitec pivot,IPL,100.0,1.0,1711015.0,155095.0,27622460.0,1711015155095.0
2019,inghams,inghams,ING,100.0,1.0,55491.0,177756.0,1779796.0,55491177756.0
2019,jb hi-fi,jb hi-fi,JBH,100.0,1.0,295.0,64108.0,274666.0,29564108.0
2019,lendlease,lendlease,LLC,100.0,1.0,93142.0,148815.0,2020435.0,93142148815.0
2019,lindsay australia,lindsay australia,LAU,100.0,1.0,111536.0,9194.0,1626237.0,1115369194.0
2020,agl energy,agl energy,AGL,100.0,1.0,42227180.0,512404.0,327755307.0,42227180512404.0
2020,bluescope steel,bluescope steel,BSL,100.0,1.0,6289327.0,932133.0,74401145.0,6289327932133.0
2020,bhp,bhp,BHP,100.0,1.0,3773432.0,1352475.0,63246269.0,37734321352475.0
2020,adbri,adbri,ABC,100.0,1.0,2125121.0,207432.0,14286867.0,2125121207432.0
2020,fortescue metals,fortescue metals,FMG,100.0,1.0,1907353.0,163969.0,29667422.0,1907353163969.0
2020,centennial coal company,centennial coal company,CEY,100.0,1.0,1727968.0,244595.0,3350561.0,1727968244595.0
2020,incitec pivot,incitec pivot,IPL,100.0,1.0,1509346.0,148752.0,29666829.0,1509346148752.0
2020,boral,boral,BLD,100.0,1.0,1408536.0,326741.0,11650233.0,1408536326741.0
2020,cleanaway waste management,cleanaway waste management,CWY,100.0,1.0,755447.0,43139.0,4363590.0,75544743139.0
2020,ampol,ampol,ALD,100.0,1.0,576611.0,222097.0,9090721.0,576611222097.0
2020,aurizon,aurizon,AZJ,100.0,1.0,509118.0,358088.0,8828929.0,509118358088.0
2020,beach energy,beach energy,BPT,100.0,1.0,469666.0,20215.0,5562853.0,46966620215.0
2020,arrow energy,arrow energy,AOE,100.0,1.0,447361.0,36679.0,6575725.0,44736136679.0
2020,iluka resources,iluka resources,ILU,100.0,1.0,384414.0,72930.0,5260711.0,38441472930.0
2020,downer edi,downer edi,DOW,100.0,1.0,300875.0,78530.0,4701217.0,30087578530.0
2020,coles,coles,CGJ,100.0,1.0,287452.0,1308665.0,6602452.0,2874521308665.0
2020,csr,csr,CSR,100.0,1.0,283472.0,184647.0,5742366.0,283472184647.0
2020,grange resources,grange resources,GRR,100.0,1.0,225739.0,36379.0,4506374.0,22573936379.0
2020,ausnet services,ausnet services,AST,100.0,1.0,210866.0,1352484.0,7577105.0,2108661352484.0
2020,brickworks,brickworks,BKW,100.0,1.0,204134.0,75500.0,4393092.0,20413475500.0
2020,alliance aviation services,alliance aviation services,AQZ,100.0,1.0,197836.0,850.0,2822513.0,197836850.0
2020,evolution mining,evolution mining,EVN,100.0,1.0,157854.0,398186.0,4099504.0,157854398186.0
2020,lindsay australia,lindsay australia,LAU,100.0,1.0,112392.0,9195.0,1637043.0,1123929195.0
2020,australian pacific coal,australian pacific coal,AQC,100.0,1.0,112089.0,4527.0,20615.0,1120894527.0
2020,dacian gold,dacian gold,DCN,100.0,1.0,104336.0,50.0,1729582.0,10433650.0
2020,cimic,cimic,CIM,100.0,1.0,93301.0,39603.0,1825684.0,9330139603.0
2020,bingo industries,bingo industries,BIN,100.0,1.0,70777.0,5667.0,312237.0,707775667.0
2020,lendlease,lendlease,LLC,100.0,1.0,70711.0,146821.0,1707955.0,70711146821.0
2020,bega cheese,bega cheese,BGA,100.0,1.0,70582.0,113812.0,1975753.0,70582113812.0
2020,gascoyne resources,gascoyne resources,GCY,100.0,1.0,67734.0,22.0,1117205.0,6773422.0
2020,igo,igo,IGO,100.0,1.0,63535.0,174.0,946130.0,63535174.0
2020,inghams,inghams,ING,100.0,1.0,57607.0,167160.0,1751885.0,57607167160.0
2020,central petroleum,central petroleum,CTP,100.0,1.0,54742.0,116.0,944885.0,54742116.0
2020,graincorp,graincorp,GNC,100.0,1.0,43967.0,61386.0,979123.0,4396761386.0
2020,image resources nl,image resources nl,IMA,100.0,1.0,40299.0,9834.0,638088.0,402999834.0
2020,eagers automotive,eagers automotive,APE,100.0,1.0,37290.0,35590.0,826667.0,3729035590.0
2020,aurelia metals,aurelia metals,AMI,100.0,1.0,31687.0,62234.0,822228.0,3168762234.0
2020,coca-cola amatil,coca-cola amatil,CCL,100.0,1.0,25014.0,88977.0,839466.0,2501488977.0
2020,crown resorts,crown resorts,CWN,100.0,1.0,22413.0,115683.0,888383.0,22413115683.0
2020,csl,csl,CSL,100.0,1.0,17844.0,75288.0,609068.0,1784475288.0
2020,aeris resources,aeris resources,AIS,100.0,1.0,17484.0,68633.0,553030.0,1748468633.0
2020,healthscope,healthscope,HSO,100.0,1.0,17306.0,92889.0,752605.0,1730692889.0
2020,dexus,dexus,DXS,100.0,1.0,17187.0,118513.0,644544.0,17187118513.0
2020,event hospitality and entertainment,event hospitality and entertainment,EVT,100.0,1.0,11791.0,109608.0,713928.0,11791109608.0
2020,charter hall,charter hall,CHC,100.0,1.0,10669.0,92917.0,485610.0,1066992917.0
2020,cbh resources,cbh resources,CBH1,100.0,1.0,8625.0,90698.0,527743.0,862590698.0
2020,commonwealth bank of australia,commonwealth bank of australia,CBA,100.0,1.0,7536.0,96134.0,549118.0,753696134.0
2020,amp,amp,AMP,100.0,1.0,6783.0,83518.0,479190.0,678383518.0
2020,harvey norman,harvey norman,HVN,100.0,1.0,6300.0,108662.0,583328.0,6300108662.0
2020,jb hi-fi,jb hi-fi,JBH,100.0,1.0,247.0,66529.0,293728.0,24766529.0
2021,agl energy,agl energy,AGL,100.0,1.0,40209034.0,461933.0,315491373.0,40209034461933.0
2021,bluescope steel,bluescope steel,BSL,100.0,1.0,6450389.0,984122.0,76558596.0,6450389984122.0
2021,bhp,bhp,BHP,100.0,1.0,3742988.0,1360240.0,63415244.0,37429881360240.0
2021,adbri,adbri,ABC,100.0,1.0,2092331.0,197118.0,14175950.0,2092331197118.0
2021,fortescue metals,fortescue metals,FMG,100.0,1.0,2063477.0,161781.0,31977625.0,2063477161781.0
2021,incitec pivot,incitec pivot,IPL,100.0,1.0,1494834.0,159741.0,30646348.0,1494834159741.0
2021,boral,boral,BLD,100.0,1.0,1343248.0,307652.0,10207200.0,1343248307652.0
2021,cleanaway waste management,cleanaway waste management,CWY,100.0,1.0,860338.0,47168.0,632226.0,86033847168.0
2021,ampol,ampol,ALD,100.0,1.0,551804.0,226957.0,10680476.0,551804226957.0
2021,aurizon,aurizon,AZJ,100.0,1.0,513726.0,333514.0,8801777.0,513726333514.0
2021,arrow energy,arrow energy,AOE,100.0,1.0,481495.0,32625.0,7110712.0,48149532625.0
2021,beach energy,beach energy,BPT,100.0,1.0,405005.0,19274.0,5300508.0,40500519274.0
2021,iluka resources,iluka resources,ILU,100.0,1.0,349047.0,74126.0,4913791.0,34904774126.0
2021,csr,csr,CSR,100.0,1.0,280065.0,183104.0,5679832.0,280065183104.0
2021,coles,coles,CGJ,100.0,1.0,271472.0,1291574.0,6708282.0,2714721291574.0
2021,alliance aviation services,alliance aviation services,AQZ,100.0,1.0,238322.0,1134.0,3400453.0,2383221134.0
2021,ausnet services,ausnet services,AST,100.0,1.0,229917.0,1319230.0,7492253.0,2299171319230.0
2021,downer edi,downer edi,DOW,100.0,1.0,229227.0,62358.0,3812793.0,22922762358.0
2021,grange resources,grange resources,GRR,100.0,1.0,215061.0,40602.0,4345863.0,21506140602.0
2021,brickworks,brickworks,BKW,100.0,1.0,192267.0,70827.0,4135768.0,19226770827.0
2021,evolution mining,evolution mining,EVN,100.0,1.0,155775.0,365371.0,3929926.0,155775365371.0
2021,lindsay australia,lindsay australia,LAU,100.0,1.0,114801.0,10083.0,1677500.0,11480110083.0
2021,cimic,cimic,CIM,100.0,1.0,109159.0,50465.0,1803007.0,10915950465.0
2021,dacian gold,dacian gold,DCN,100.0,1.0,96769.0,56.0,1604171.0,9676956.0
2021,bega cheese,bega cheese,BGA,100.0,1.0,95349.0,216925.0,2945481.0,95349216925.0
2021,australian pacific coal,australian pacific coal,AQC,100.0,1.0,91869.0,1932.0,9041.0,918691932.0
2021,central petroleum,central petroleum,CTP,100.0,1.0,91605.0,130.0,1260694.0,91605130.0
2021,bingo industries,bingo industries,BIN,100.0,1.0,70985.0,5835.0,351816.0,709855835.0
2021,gascoyne resources,gascoyne resources,GCY,100.0,1.0,70235.0,24.0,1165038.0,7023524.0
2021,igo,igo,IGO,100.0,1.0,63334.0,138.0,945436.0,63334138.0
2021,inghams,inghams,ING,100.0,1.0,59839.0,160955.0,1722905.0,59839160955.0
2021,graincorp,graincorp,GNC,100.0,1.0,46968.0,69358.0,1068427.0,4696869358.0
2021,aurelia metals,aurelia metals,AMI,100.0,1.0,36093.0,81992.0,968637.0,3609381992.0
2021,eagers automotive,eagers automotive,APE,100.0,1.0,33009.0,29561.0,744429.0,3300929561.0
2021,lendlease,lendlease,LLC,100.0,1.0,28912.0,113591.0,891729.0,28912113591.0
2021,aeris resources,aeris resources,AIS,100.0,1.0,27486.0,110936.0,894802.0,27486110936.0
2021,crown resorts,crown resorts,CWN,100.0,1.0,26448.0,114323.0,927345.0,26448114323.0
2021,coca-cola amatil,coca-cola amatil,CCL,100.0,1.0,24820.0,89248.0,855374.0,2482089248.0
2021,csl,csl,CSL,100.0,1.0,19904.0,74940.0,658580.0,1990474940.0
2021,dexus,dexus,DXS,100.0,1.0,16155.0,97479.0,568288.0,1615597479.0
2021,healthscope,healthscope,HSO,100.0,1.0,14585.0,89707.0,690379.0,1458589707.0
2021,29metals,29metals,29M,100.0,1.0,12418.0,66697.0,482231.0,1241866697.0
2021,charter hall,charter hall,CHC,100.0,1.0,11720.0,82724.0,464991.0,1172082724.0
2021,event hospitality and entertainment,event hospitality and entertainment,EVT,100.0,1.0,9684.0,99165.0,632430.0,968499165.0
2021,amp,amp,AMP,100.0,1.0,7180.0,70190.0,412026.0,718070190.0
2021,harvey norman,harvey norman,HVN,100.0,1.0,6383.0,101866.0,559194.0,6383101866.0
2021,commonwealth bank of australia,commonwealth bank of australia,CBA,100.0,1.0,5981.0,87731.0,470309.0,598187731.0
2021,jb hi-fi,jb hi-fi,JBH,100.0,1.0,360.0,64487.0,292611.0,36064487.0
