date,ASX200
1/05/2008,5585.805
2/05/2008,5700.422
5/05/2008,5730.336
6/05/2008,5701.352
7/05/2008,5668.375
8/05/2008,5723.238
9/05/2008,5771.766
12/05/2008,5828.539
13/05/2008,5812.648
14/05/2008,5872.68
15/05/2008,5890.656
16/05/2008,5930.977
19/05/2008,5949.426
20/05/2008,5908.086
21/05/2008,5823.441
22/05/2008,5826.926
23/05/2008,5767.977
26/05/2008,5707
27/05/2008,5714.434
28/05/2008,5648.07
29/05/2008,5709.41
30/05/2008,5654.703
2/06/2008,5662.348
3/06/2008,5574.164
4/06/2008,5584.484
5/06/2008,5530.105
6/06/2008,5592.082
9/06/2008,5592.082
10/06/2008,5437.398
11/06/2008,5467.254
12/06/2008,5329.242
13/06/2008,5378.137
16/06/2008,5371.688
17/06/2008,5422.695
18/06/2008,5443.234
19/06/2008,5366.633
20/06/2008,5288.277
23/06/2008,5283.668
24/06/2008,5290.02
25/06/2008,5237.809
26/06/2008,5306.961
27/06/2008,5236.984
30/06/2008,5215.305
1/07/2008,5138.875
2/07/2008,5094.781
3/07/2008,4998.305
4/07/2008,5082.082
7/07/2008,5002.48
8/07/2008,4932.934
9/07/2008,5011.852
10/07/2008,4937.371
11/07/2008,4979.906
14/07/2008,4920.996
15/07/2008,4815.668
16/07/2008,4870.613
17/07/2008,4901.027
18/07/2008,4840.359
21/07/2008,5011.758
22/07/2008,5005.563
23/07/2008,5105.277
24/07/2008,5144.133
25/07/2008,4970.535
28/07/2008,4922.125
29/07/2008,4847.391
30/07/2008,4936.68
31/07/2008,4977.363
1/08/2008,4904.039
4/08/2008,4887.715
5/08/2008,4820.43
6/08/2008,4969.137
7/08/2008,4983.297
8/08/2008,4986.199
11/08/2008,5026.09
12/08/2008,5053.574
13/08/2008,4951.594
14/08/2008,4981.117
15/08/2008,4981.73
18/08/2008,4984.98
19/08/2008,4866.359
20/08/2008,4929.48
21/08/2008,4875.164
22/08/2008,4931.383
25/08/2008,5014.852
26/08/2008,5007.496
27/08/2008,5011.219
28/08/2008,5066.52
29/08/2008,5135.57
1/09/2008,5118.305
2/09/2008,5115.965
3/09/2008,5060.023
4/09/2008,4979.5
5/09/2008,4877.055
8/09/2008,5067.535
9/09/2008,4980.148
10/09/2008,4905.457
11/09/2008,4814.266
12/09/2008,4903.82
15/09/2008,4817.664
16/09/2008,4750.813
17/09/2008,4722.18
18/09/2008,4607.266
19/09/2008,4804.063
22/09/2008,5020.531
23/09/2008,4923.535
24/09/2008,4981.887
25/09/2008,4927.367
26/09/2008,4904.754
29/09/2008,4807.352
30/09/2008,4600.52
1/10/2008,4794.598
2/10/2008,4761.133
3/10/2008,4695.445
6/10/2008,4540.398
7/10/2008,4618.703
8/10/2008,4388.063
9/10/2008,4320.93
10/10/2008,3960.651
13/10/2008,4180.711
14/10/2008,4335.184
15/10/2008,4299.996
16/10/2008,4013.427
17/10/2008,3970.813
20/10/2008,4142.277
21/10/2008,4302.484
22/10/2008,4156.145
23/10/2008,3974.375
24/10/2008,3869.443
27/10/2008,3809.201
28/10/2008,3794.587
29/10/2008,3845.575
30/10/2008,4001.111
31/10/2008,4017.96
3/11/2008,4221.461
4/11/2008,4215.09
5/11/2008,4336.566
6/11/2008,4149.734
7/11/2008,4051.273
10/11/2008,4107.758
11/11/2008,3960.91
12/11/2008,3927.307
13/11/2008,3697.258
14/11/2008,3748.141
17/11/2008,3653.043
18/11/2008,3523.187
19/11/2008,3499.63
20/11/2008,3352.944
21/11/2008,3416.499
24/11/2008,3425.095
25/11/2008,3623.363
26/11/2008,3539.981
27/11/2008,3587.968
28/11/2008,3742.517
1/12/2008,3681.187
2/12/2008,3528.232
3/12/2008,3533.818
4/12/2008,3532.429
5/12/2008,3489.906
8/12/2008,3631.583
9/12/2008,3604.347
10/12/2008,3640.662
11/12/2008,3598.007
12/12/2008,3510.384
15/12/2008,3591.355
16/12/2008,3556.211
17/12/2008,3570.596
18/12/2008,3581.155
19/12/2008,3615.661
22/12/2008,3557.373
23/12/2008,3531.368
24/12/2008,3582.217
25/12/2008,3582.217
26/12/2008,3582.217
29/12/2008,3621.11
30/12/2008,3654.161
31/12/2008,3722.31
1/01/2009,3722.31
2/01/2009,3713.798
5/01/2009,3687.044
6/01/2009,3742.694
7/01/2009,3779.732
8/01/2009,3694.298
9/01/2009,3735.749
12/01/2009,3683.324
13/01/2009,3654.575
14/01/2009,3686.963
15/01/2009,3529.535
16/01/2009,3550.943
19/01/2009,3589.324
20/01/2009,3476.634
21/01/2009,3442.753
22/01/2009,3486.806
23/01/2009,3342.697
26/01/2009,3342.697
27/01/2009,3443.994
28/01/2009,3495.543
29/01/2009,3526.164
30/01/2009,3540.712
2/02/2009,3497.447
3/02/2009,3508.672
4/02/2009,3437.926
5/02/2009,3428.561
6/02/2009,3469.879
9/02/2009,3508.601
10/02/2009,3488.652
11/02/2009,3474.427
12/02/2009,3514.286
13/02/2009,3559.11
16/02/2009,3516.916
17/02/2009,3464.326
18/02/2009,3413.198
19/02/2009,3448.93
20/02/2009,3402.394
23/02/2009,3351.201
24/02/2009,3331.553
25/02/2009,3327.491
26/02/2009,3345.462
27/02/2009,3344.513
2/03/2009,3250.13
3/03/2009,3219.208
4/03/2009,3166.375
5/03/2009,3188.504
6/03/2009,3145.457
9/03/2009,3154.479
10/03/2009,3184.531
11/03/2009,3244.375
12/03/2009,3235.539
13/03/2009,3345.173
16/03/2009,3348.428
17/03/2009,3451.937
18/03/2009,3446.32
19/03/2009,3480.23
20/03/2009,3465.803
23/03/2009,3550.287
24/03/2009,3579.971
25/03/2009,3609.3
26/03/2009,3646.646
27/03/2009,3672.328
30/03/2009,3604.358
31/03/2009,3582.146
1/04/2009,3579.733
2/04/2009,3680.199
3/04/2009,3735.626
6/04/2009,3756.582
7/04/2009,3706.306
8/04/2009,3619.495
9/04/2009,3671.557
10/04/2009,3671.557
13/04/2009,3671.557
14/04/2009,3752.914
15/04/2009,3747.526
16/04/2009,3775.719
17/04/2009,3776.73
20/04/2009,3769.044
21/04/2009,3677.425
22/04/2009,3668.189
23/04/2009,3743.022
24/04/2009,3712.27
27/04/2009,3731.582
28/04/2009,3708.4
29/04/2009,3695.324
30/04/2009,3780.459
1/05/2009,3769.609
4/05/2009,3883
5/05/2009,3890.447
6/05/2009,3867.1
7/05/2009,3938.691
8/05/2009,3941.713
11/05/2009,3925.958
12/05/2009,3877.232
13/05/2009,3856.1
14/05/2009,3723.385
15/05/2009,3773.169
18/05/2009,3735.639
19/05/2009,3817.305
20/05/2009,3824.624
21/05/2009,3813.894
22/05/2009,3761.583
25/05/2009,3737.911
26/05/2009,3788.447
27/05/2009,3801.087
28/05/2009,3755.7
29/05/2009,3817.966
1/06/2009,3894.425
2/06/2009,3955.346
3/06/2009,4017.182
4/06/2009,3934.64
5/06/2009,3971.158
8/06/2009,3971.158
9/06/2009,3934.857
10/06/2009,4024.407
11/06/2009,4047.2
12/06/2009,4062.2
15/06/2009,4031.7
16/06/2009,3962.481
17/06/2009,3904.13
18/06/2009,3892.077
19/06/2009,3899.6
22/06/2009,3918.2
23/06/2009,3796.909
24/06/2009,3806.991
25/06/2009,3855.993
26/06/2009,3903.847
29/06/2009,3886.9
30/06/2009,3954.892
1/07/2009,3874.021
2/07/2009,3877.292
3/07/2009,3828.21
6/07/2009,3783.7
7/07/2009,3766.9
8/07/2009,3767.948
9/07/2009,3763.3
10/07/2009,3794.1
13/07/2009,3737.5
14/07/2009,3867.137
15/07/2009,3924.518
16/07/2009,3995.625
17/07/2009,4000.8
20/07/2009,4050.3
21/07/2009,4050.7
22/07/2009,4068.5
23/07/2009,4064.1
24/07/2009,4089.764
27/07/2009,4139.57
28/07/2009,4169.5
29/07/2009,4142.797
30/07/2009,4190.5
31/07/2009,4244
3/08/2009,4263.398
4/08/2009,4309.285
5/08/2009,4264.488
6/08/2009,4326.328
7/08/2009,4299.441
10/08/2009,4304.109
11/08/2009,4331.969
12/08/2009,4343.059
13/08/2009,4435.906
14/08/2009,4461.004
17/08/2009,4388.445
18/08/2009,4381.598
19/08/2009,4373.844
20/08/2009,4377.531
21/08/2009,4290.559
24/08/2009,4426.102
25/08/2009,4405.816
26/08/2009,4454.449
27/08/2009,4450.75
28/08/2009,4489.586
31/08/2009,4479.133
1/09/2009,4514.605
2/09/2009,4438.203
3/09/2009,4429.566
4/09/2009,4435.516
7/09/2009,4454.391
8/09/2009,4523.754
9/09/2009,4522.215
10/09/2009,4570.754
11/09/2009,4596.074
14/09/2009,4531.113
15/09/2009,4540.348
16/09/2009,4650.398
17/09/2009,4714.906
18/09/2009,4693.242
21/09/2009,4677.383
22/09/2009,4663.691
23/09/2009,4734.137
24/09/2009,4701.199
25/09/2009,4713.258
28/09/2009,4677.379
29/09/2009,4753.125
30/09/2009,4743.637
1/10/2009,4701.133
2/10/2009,4601.648
5/10/2009,4573.273
6/10/2009,4591.613
7/10/2009,4695.707
8/10/2009,4768.586
9/10/2009,4752.852
12/10/2009,4739.824
13/10/2009,4785.668
14/10/2009,4831.125
15/10/2009,4859.887
16/10/2009,4836.445
19/10/2009,4792.785
20/10/2009,4846.246
21/10/2009,4838.637
22/10/2009,4812.758
23/10/2009,4859.402
26/10/2009,4830.285
27/10/2009,4753.531
28/10/2009,4685.133
29/10/2009,4574.746
30/10/2009,4643.23
2/11/2009,4540.414
3/11/2009,4531.469
4/11/2009,4540.109
5/11/2009,4507.984
6/11/2009,4594.035
9/11/2009,4674.941
10/11/2009,4733.563
11/11/2009,4757.023
12/11/2009,4747.883
13/11/2009,4706.438
16/11/2009,4755.184
17/11/2009,4729.445
18/11/2009,4739.039
19/11/2009,4749.223
20/11/2009,4685.762
23/11/2009,4717.035
24/11/2009,4685.047
25/11/2009,4722.227
26/11/2009,4708.645
27/11/2009,4572.066
30/11/2009,4701.348
1/12/2009,4718.996
2/12/2009,4762.359
3/12/2009,4774.594
4/12/2009,4702.215
7/12/2009,4676.457
8/12/2009,4670.645
9/12/2009,4637.891
10/12/2009,4606.66
11/12/2009,4635.227
14/12/2009,4654.004
15/12/2009,4673.488
16/12/2009,4661.91
17/12/2009,4670.266
18/12/2009,4650.52
21/12/2009,4635.129
22/12/2009,4704.246
23/12/2009,4739.344
24/12/2009,4790.852
25/12/2009,4790.852
28/12/2009,4790.852
29/12/2009,4845.105
30/12/2009,4833.316
31/12/2009,4870.641
1/01/2010,4870.641
4/01/2010,4876.254
5/01/2010,4924.262
6/01/2010,4921.395
7/01/2010,4899.398
8/01/2010,4912.129
11/01/2010,4950.66
12/01/2010,4899.52
13/01/2010,4868.129
14/01/2010,4898.035
15/01/2010,4899.59
18/01/2010,4911.063
19/01/2010,4861.23
20/01/2010,4868.188
21/01/2010,4827.156
22/01/2010,4750.609
25/01/2010,4717.855
26/01/2010,4717.855
27/01/2010,4644.633
28/01/2010,4673.262
29/01/2010,4569.617
1/02/2010,4524.137
2/02/2010,4605.332
3/02/2010,4647.887
4/02/2010,4621.594
5/02/2010,4514.059
8/02/2010,4521.352
9/02/2010,4505.063
10/02/2010,4513.414
11/02/2010,4554.297
12/02/2010,4562.09
15/02/2010,4545.449
16/02/2010,4567.754
17/02/2010,4667.855
18/02/2010,4654.91
19/02/2010,4635.063
22/02/2010,4717.531
23/02/2010,4718.313
24/02/2010,4648.512
25/02/2010,4594.063
26/02/2010,4637.715
1/03/2010,4686.527
2/03/2010,4701.918
3/03/2010,4735.664
4/03/2010,4750.5
5/03/2010,4767.238
8/03/2010,4807.855
9/03/2010,4820.094
10/03/2010,4819.953
11/03/2010,4814.195
12/03/2010,4818.117
15/03/2010,4784.082
16/03/2010,4797.246
17/03/2010,4853.168
18/03/2010,4863.109
19/03/2010,4872.23
22/03/2010,4830.199
23/03/2010,4874.75
24/03/2010,4891.539
25/03/2010,4885.387
26/03/2010,4896.891
29/03/2010,4897.27
30/03/2010,4916.789
31/03/2010,4875.516
1/04/2010,4907.734
2/04/2010,4907.734
5/04/2010,4907.734
6/04/2010,4953.699
7/04/2010,4960.906
8/04/2010,4937.906
9/04/2010,4948.09
12/04/2010,4984.266
13/04/2010,4951.617
14/04/2010,4994.66
15/04/2010,5001.926
16/04/2010,4984.656
19/04/2010,4915.07
20/04/2010,4925.758
21/04/2010,4954.27
22/04/2010,4907.379
23/04/2010,4881.52
26/04/2010,4881.52
27/04/2010,4880.02
28/04/2010,4822.789
29/04/2010,4785.578
30/04/2010,4807.367
3/05/2010,4785.477
4/05/2010,4737.078
5/05/2010,4674.023
6/05/2010,4573.246
7/05/2010,4480.707
10/05/2010,4599.781
11/05/2010,4547.984
12/05/2010,4572.949
13/05/2010,4652.777
14/05/2010,4611.105
17/05/2010,4467.199
18/05/2010,4470.742
19/05/2010,4387.098
20/05/2010,4316.453
21/05/2010,4305.441
24/05/2010,4395.387
25/05/2010,4265.34
26/05/2010,4307.191
27/05/2010,4379.164
28/05/2010,4457.484
31/05/2010,4429.672
1/06/2010,4413.113
2/06/2010,4381.031
3/06/2010,4485.961
4/06/2010,4449.359
7/06/2010,4325.891
8/06/2010,4381.219
9/06/2010,4385.324
10/06/2010,4435.309
11/06/2010,4505.449
14/06/2010,4505.449
15/06/2010,4505.043
16/06/2010,4558.949
17/06/2010,4527.34
18/06/2010,4551.891
21/06/2010,4612.594
22/06/2010,4558.336
23/06/2010,4486.09
24/06/2010,4479.652
25/06/2010,4413
28/06/2010,4384.547
29/06/2010,4345.668
30/06/2010,4301.504
1/07/2010,4237.461
2/07/2010,4238.723
5/07/2010,4222.105
6/07/2010,4276.086
7/07/2010,4254.566
8/07/2010,4356.848
9/07/2010,4396.309
12/07/2010,4409.934
13/07/2010,4380.297
14/07/2010,4462.438
15/07/2010,4442.551
16/07/2010,4422.734
19/07/2010,4358.309
20/07/2010,4403.594
21/07/2010,4412.746
22/07/2010,4374.652
23/07/2010,4458.387
26/07/2010,4486.137
27/07/2010,4497.395
28/07/2010,4529.938
29/07/2010,4524.063
30/07/2010,4493.477
2/08/2010,4541.594
3/08/2010,4571.59
4/08/2010,4542.078
5/08/2010,4566.5
6/08/2010,4566.055
9/08/2010,4594.895
10/08/2010,4540.738
11/08/2010,4455.465
12/08/2010,4400.891
13/08/2010,4459.59
16/08/2010,4438.488
17/08/2010,4476.973
18/08/2010,4474.906
19/08/2010,4479.02
20/08/2010,4430.914
23/08/2010,4428.988
24/08/2010,4381.34
25/08/2010,4320.133
26/08/2010,4356.02
27/08/2010,4370.109
30/08/2010,4452.711
31/08/2010,4404.23
1/09/2010,4495.707
2/09/2010,4532.656
3/09/2010,4541.195
6/09/2010,4575.531
7/09/2010,4573.234
8/09/2010,4537.156
9/09/2010,4582.234
10/09/2010,4560.25
13/09/2010,4614.922
14/09/2010,4626.453
15/09/2010,4661.496
16/09/2010,4605.316
17/09/2010,4638.891
20/09/2010,4631.344
21/09/2010,4617.516
22/09/2010,4625.215
23/09/2010,4633.645
24/09/2010,4601.863
27/09/2010,4675.363
28/09/2010,4669.75
29/09/2010,4644.98
30/09/2010,4582.906
1/10/2010,4579.242
4/10/2010,4625.297
5/10/2010,4606.887
6/10/2010,4686.781
7/10/2010,4691.258
8/10/2010,4681.406
11/10/2010,4697.496
12/10/2010,4618.18
13/10/2010,4619.875
14/10/2010,4699.082
15/10/2010,4688.949
18/10/2010,4651.883
19/10/2010,4655.672
20/10/2010,4624.891
21/10/2010,4622.895
22/10/2010,4648.223
25/10/2010,4709.984
26/10/2010,4687.785
27/10/2010,4648.141
28/10/2010,4684.859
29/10/2010,4661.594
1/11/2010,4698.48
2/11/2010,4701.379
3/11/2010,4722.578
4/11/2010,4745.313
5/11/2010,4800.637
8/11/2010,4778.434
9/11/2010,4740.715
10/11/2010,4699.809
11/11/2010,4728.566
12/11/2010,4692.727
15/11/2010,4688.043
16/11/2010,4700.273
17/11/2010,4624.25
18/11/2010,4640.148
19/11/2010,4629.203
22/11/2010,4643.531
23/11/2010,4589.066
24/11/2010,4584.648
25/11/2010,4593.422
26/11/2010,4598.34
29/11/2010,4618.508
30/11/2010,4584.426
1/12/2010,4586.617
2/12/2010,4676.238
3/12/2010,4694.219
6/12/2010,4688.617
7/12/2010,4726.844
8/12/2010,4699.914
9/12/2010,4741.293
10/12/2010,4745.934
13/12/2010,4757.113
14/12/2010,4766.855
15/12/2010,4767.777
16/12/2010,4783.969
17/12/2010,4763.078
20/12/2010,4736.578
21/12/2010,4771.855
22/12/2010,4778.43
23/12/2010,4799.012
24/12/2010,4777.262
27/12/2010,4777.262
28/12/2010,4777.262
29/12/2010,4775.227
30/12/2010,4790.379
31/12/2010,4745.238
3/01/2011,4745.238
4/01/2011,4742.477
5/01/2011,4714.93
6/01/2011,4724.98
7/01/2011,4705.035
10/01/2011,4712.293
11/01/2011,4710.668
12/01/2011,4724.203
13/01/2011,4795.234
14/01/2011,4801.477
17/01/2011,4763.066
18/01/2011,4801.809
19/01/2011,4834.555
20/01/2011,4783.68
21/01/2011,4755.648
24/01/2011,4786.035
25/01/2011,4807.816
26/01/2011,4807.816
27/01/2011,4806.09
28/01/2011,4774.887
31/01/2011,4753.914
1/02/2011,4752.105
2/02/2011,4796.508
3/02/2011,4820.57
4/02/2011,4862.711
7/02/2011,4868.547
8/02/2011,4890.355
9/02/2011,4904.754
10/02/2011,4914.43
11/02/2011,4880.938
14/02/2011,4935.813
15/02/2011,4931.027
16/02/2011,4930.199
17/02/2011,4938.438
18/02/2011,4936.727
21/02/2011,4899.984
22/02/2011,4856.664
23/02/2011,4845.863
24/02/2011,4809.344
25/02/2011,4836.527
28/02/2011,4831.656
1/03/2011,4826.402
2/03/2011,4803.207
3/03/2011,4806.441
4/03/2011,4864.273
7/03/2011,4797.875
8/03/2011,4808.246
9/03/2011,4767.773
10/03/2011,4699.68
11/03/2011,4644.832
14/03/2011,4626.402
15/03/2011,4528.73
16/03/2011,4558.215
17/03/2011,4555.324
18/03/2011,4626.438
21/03/2011,4642.809
22/03/2011,4643.434
23/03/2011,4652.395
24/03/2011,4699.582
25/03/2011,4742.641
28/03/2011,4733.598
29/03/2011,4755.805
30/03/2011,4822.148
31/03/2011,4837.883
1/04/2011,4861.832
4/04/2011,4886.844
5/04/2011,4900.129
6/04/2011,4912.91
7/04/2011,4908.129
8/04/2011,4940.563
11/04/2011,4971.215
12/04/2011,4898.684
13/04/2011,4910.961
14/04/2011,4884.246
15/04/2011,4852.141
18/04/2011,4861.848
19/04/2011,4793.285
20/04/2011,4858.973
21/04/2011,4913.801
22/04/2011,4913.801
25/04/2011,4913.801
26/04/2011,4913.801
27/04/2011,4872.902
28/04/2011,4873.031
29/04/2011,4823.238
2/05/2011,4825.305
3/05/2011,4784.605
4/05/2011,4740.117
5/05/2011,4753.715
6/05/2011,4743.039
9/05/2011,4756.797
10/05/2011,4725.758
11/05/2011,4780.246
12/05/2011,4696.133
13/05/2011,4711.359
16/05/2011,4650
17/05/2011,4683.914
18/05/2011,4693.727
19/05/2011,4756.406
20/05/2011,4732.191
23/05/2011,4642.953
24/05/2011,4628.844
25/05/2011,4584.691
26/05/2011,4660.223
27/05/2011,4683.98
30/05/2011,4667.531
31/05/2011,4708.297
1/06/2011,4707.281
2/06/2011,4600.402
3/06/2011,4583.063
6/06/2011,4569.141
7/06/2011,4566.34
8/06/2011,4536.77
9/06/2011,4549.633
10/06/2011,4562.109
13/06/2011,4562.109
14/06/2011,4584.949
15/06/2011,4566.766
16/06/2011,4479.246
17/06/2011,4484.926
20/06/2011,4451.746
21/06/2011,4508.195
22/06/2011,4532.594
23/06/2011,4500.52
24/06/2011,4508.105
27/06/2011,4461.789
28/06/2011,4474.266
29/06/2011,4529.48
30/06/2011,4607.965
1/07/2011,4591.188
4/07/2011,4610.746
5/07/2011,4598.117
6/07/2011,4605.039
7/07/2011,4605.52
8/07/2011,4654.73
11/07/2011,4582.301
12/07/2011,4495.441
13/07/2011,4514.766
14/07/2011,4490.738
15/07/2011,4473.516
18/07/2011,4471.969
19/07/2011,4468.145
20/07/2011,4549.703
21/07/2011,4556.023
22/07/2011,4602.848
25/07/2011,4530.352
26/07/2011,4573.332
27/07/2011,4537.363
28/07/2011,4463.77
29/07/2011,4424.645
1/08/2011,4497.813
2/08/2011,4433.633
3/08/2011,4332.828
4/08/2011,4276.512
5/08/2011,4105.391
8/08/2011,3986.092
9/08/2011,4034.813
10/08/2011,4141.281
11/08/2011,4140.805
12/08/2011,4172.621
15/08/2011,4282.859
16/08/2011,4247.262
17/08/2011,4303.902
18/08/2011,4251.168
19/08/2011,4101.941
22/08/2011,4082.256
23/08/2011,4173.441
24/08/2011,4167.578
25/08/2011,4212.836
26/08/2011,4200.016
29/08/2011,4263.281
30/08/2011,4269.18
31/08/2011,4296.547
1/09/2011,4307.469
2/09/2011,4242.883
5/09/2011,4141.934
6/09/2011,4075.543
7/09/2011,4183.395
8/09/2011,4187.969
9/09/2011,4194.715
12/09/2011,4038.501
13/09/2011,4072.661
14/09/2011,4005.773
15/09/2011,4071.733
16/09/2011,4149.387
19/09/2011,4081.483
20/09/2011,4040.248
21/09/2011,4071.804
22/09/2011,3964.908
23/09/2011,3903.161
26/09/2011,3863.885
27/09/2011,4004.561
28/09/2011,4039.52
29/09/2011,4008.262
30/09/2011,4008.599
3/10/2011,3897.015
4/10/2011,3872.107
5/10/2011,3926.486
6/10/2011,4069.887
7/10/2011,4162.863
10/10/2011,4201.02
11/10/2011,4227.621
12/10/2011,4204.324
13/10/2011,4244.535
14/10/2011,4205.637
17/10/2011,4275.402
18/10/2011,4186.891
19/10/2011,4213.715
20/10/2011,4144.934
21/10/2011,4141.879
24/10/2011,4255.047
25/10/2011,4227.883
26/10/2011,4242.535
27/10/2011,4348.176
28/10/2011,4353.262
31/10/2011,4298.113
1/11/2011,4232.902
2/11/2011,4184.637
3/11/2011,4171.805
4/11/2011,4281.117
7/11/2011,4273.41
8/11/2011,4293.84
9/11/2011,4346.055
10/11/2011,4244.105
11/11/2011,4296.523
14/11/2011,4304.578
15/11/2011,4285.645
16/11/2011,4247.402
17/11/2011,4258.227
18/11/2011,4176.965
21/11/2011,4163.023
22/11/2011,4133
23/11/2011,4051.019
24/11/2011,4044.21
25/11/2011,3984.341
28/11/2011,4058.2
29/11/2011,4102.102
30/11/2011,4119.816
1/12/2011,4228.648
2/12/2011,4288
5/12/2011,4321.32
6/12/2011,4261.977
7/12/2011,4292.453
8/12/2011,4280.672
9/12/2011,4203.012
12/12/2011,4252.844
13/12/2011,4193.395
14/12/2011,4190.492
15/12/2011,4139.844
16/12/2011,4159.219
19/12/2011,4060.373
20/12/2011,4053.098
21/12/2011,4139.516
22/12/2011,4090.822
23/12/2011,4140.41
26/12/2011,4140.41
27/12/2011,4140.41
28/12/2011,4088.759
29/12/2011,4071.074
30/12/2011,4056.56
2/01/2012,4056.56
3/01/2012,4101.152
4/01/2012,4187.84
5/01/2012,4142.68
6/01/2012,4108.52
9/01/2012,4105.445
10/01/2012,4152.234
11/01/2012,4187.52
12/01/2012,4180.996
13/01/2012,4195.887
16/01/2012,4147.234
17/01/2012,4215.633
18/01/2012,4217.879
19/01/2012,4214.773
20/01/2012,4239.633
23/01/2012,4225.098
24/01/2012,4224.223
25/01/2012,4271.336
26/01/2012,4271.336
27/01/2012,4288.363
30/01/2012,4272.734
31/01/2012,4262.68
1/02/2012,4225.664
2/02/2012,4267.844
3/02/2012,4251.168
6/02/2012,4295.98
7/02/2012,4274.195
8/02/2012,4290.707
9/02/2012,4282.863
10/02/2012,4245.324
13/02/2012,4285.133
14/02/2012,4242.824
15/02/2012,4253.395
16/02/2012,4181.855
17/02/2012,4195.875
20/02/2012,4256.102
21/02/2012,4291.203
22/02/2012,4293.109
23/02/2012,4286.184
24/02/2012,4306.777
27/02/2012,4267.363
28/02/2012,4262.734
29/02/2012,4298.547
1/03/2012,4255.543
2/03/2012,4273.102
5/03/2012,4262.965
6/03/2012,4204.727
7/03/2012,4143.66
8/03/2012,4171.043
9/03/2012,4211.984
12/03/2012,4196.684
13/03/2012,4247.613
14/03/2012,4287.176
15/03/2012,4277.766
16/03/2012,4276.156
19/03/2012,4290.797
20/03/2012,4275.02
21/03/2012,4254.25
22/03/2012,4273.676
23/03/2012,4270.383
26/03/2012,4262.801
27/03/2012,4301.328
28/03/2012,4343.512
29/03/2012,4337.902
30/03/2012,4335.238
2/04/2012,4329.27
3/04/2012,4337.035
4/04/2012,4333.859
5/04/2012,4319.844
6/04/2012,4319.844
9/04/2012,4319.844
10/04/2012,4292.262
11/04/2012,4246.125
12/04/2012,4280.637
13/04/2012,4323.305
16/04/2012,4302.332
17/04/2012,4288.785
18/04/2012,4348.66
19/04/2012,4362.727
20/04/2012,4366.5
23/04/2012,4352.43
24/04/2012,4360.445
25/04/2012,4360.445
26/04/2012,4375.199
27/04/2012,4362.047
30/04/2012,4396.574
1/05/2012,4429.504
2/05/2012,4435.906
3/05/2012,4428.953
4/05/2012,4396.035
7/05/2012,4301.293
8/05/2012,4314.348
9/05/2012,4275.078
10/05/2012,4295.547
11/05/2012,4285.066
14/05/2012,4296.992
15/05/2012,4266.273
16/05/2012,4165.523
17/05/2012,4157.41
18/05/2012,4046.458
21/05/2012,4073.622
22/05/2012,4121.004
23/05/2012,4067.035
24/05/2012,4055.847
25/05/2012,4029.245
28/05/2012,4068.024
29/05/2012,4114.41
30/05/2012,4094.229
31/05/2012,4076.257
1/06/2012,4063.881
4/06/2012,3985.025
5/06/2012,4043.692
6/06/2012,4055.291
7/06/2012,4108.566
8/06/2012,4063.694
11/06/2012,4063.694
12/06/2012,4072.88
13/06/2012,4063.787
14/06/2012,4042.238
15/06/2012,4057.333
18/06/2012,4136.898
19/06/2012,4123.328
20/06/2012,4132.441
21/06/2012,4087.567
22/06/2012,4048.211
25/06/2012,4027.814
26/06/2012,4013.301
27/06/2012,4043.174
28/06/2012,4044.837
29/06/2012,4094.633
2/07/2012,4133
3/07/2012,4127.215
4/07/2012,4172.152
5/07/2012,4169.191
6/07/2012,4157.805
9/07/2012,4118.266
10/07/2012,4098.016
11/07/2012,4096.535
12/07/2012,4067.971
13/07/2012,4082.245
16/07/2012,4105.102
17/07/2012,4140.797
18/07/2012,4123.598
19/07/2012,4206.691
20/07/2012,4199.121
23/07/2012,4128.938
24/07/2012,4133.23
25/07/2012,4123.945
26/07/2012,4147.73
27/07/2012,4209.77
30/07/2012,4245.707
31/07/2012,4269.148
1/08/2012,4262.762
2/08/2012,4269.535
3/08/2012,4221.48
6/08/2012,4272.586
7/08/2012,4291.563
8/08/2012,4312.559
9/08/2012,4308.273
10/08/2012,4277.301
13/08/2012,4283.289
14/08/2012,4292.172
15/08/2012,4281.215
16/08/2012,4330.164
17/08/2012,4370.098
20/08/2012,4364.285
21/08/2012,4383.375
22/08/2012,4376.043
23/08/2012,4383.699
24/08/2012,4348.992
27/08/2012,4343.695
28/08/2012,4359.375
29/08/2012,4356.441
30/08/2012,4315.672
31/08/2012,4316.113
3/09/2012,4329.668
4/09/2012,4303.508
5/09/2012,4278.766
6/09/2012,4312.887
7/09/2012,4325.836
10/09/2012,4333.762
11/09/2012,4325.793
12/09/2012,4361.25
13/09/2012,4339.418
14/09/2012,4389.953
17/09/2012,4402.527
18/09/2012,4394.727
19/09/2012,4418.359
20/09/2012,4397.227
21/09/2012,4408.289
24/09/2012,4385.473
25/09/2012,4372.859
26/09/2012,4361.598
27/09/2012,4384.168
28/09/2012,4387.016
1/10/2012,4388.621
2/10/2012,4432.98
3/10/2012,4438.559
4/10/2012,4452.352
5/10/2012,4494.379
8/10/2012,4481.855
9/10/2012,4505.348
10/10/2012,4490.738
11/10/2012,4483.523
12/10/2012,4486.578
15/10/2012,4483.426
16/10/2012,4491.496
17/10/2012,4528.207
18/10/2012,4559.434
19/10/2012,4571.074
22/10/2012,4540.996
23/10/2012,4543.07
24/10/2012,4505.816
25/10/2012,4510.5
26/10/2012,4472.379
29/10/2012,4476.855
30/10/2012,4485.684
31/10/2012,4516.996
1/11/2012,4457.648
2/11/2012,4460.051
5/11/2012,4474.117
6/11/2012,4484.797
7/11/2012,4516.461
8/11/2012,4483.82
9/11/2012,4462.02
12/11/2012,4448.027
13/11/2012,4379.801
14/11/2012,4388.363
15/11/2012,4349.246
16/11/2012,4336.848
19/11/2012,4361.445
20/11/2012,4385.676
21/11/2012,4369.496
22/11/2012,4413.07
23/11/2012,4413.012
26/11/2012,4424.188
27/11/2012,4456.824
28/11/2012,4447.305
29/11/2012,4477.73
30/11/2012,4506.031
3/12/2012,4531.504
4/12/2012,4503.57
5/12/2012,4520.398
6/12/2012,4509.344
7/12/2012,4551.754
10/12/2012,4557.945
11/12/2012,4576.004
12/12/2012,4583.809
13/12/2012,4582.789
14/12/2012,4583.105
17/12/2012,4573.395
18/12/2012,4595.203
19/12/2012,4617.773
20/12/2012,4634.105
21/12/2012,4623.574
24/12/2012,4635.188
25/12/2012,4635.188
26/12/2012,4635.188
27/12/2012,4647.961
28/12/2012,4671.297
31/12/2012,4648.945
1/01/2013,4648.945
2/01/2013,4705.938
3/01/2013,4740.68
4/01/2013,4723.777
7/01/2013,4717.32
8/01/2013,4690.246
9/01/2013,4708.137
10/01/2013,4722.953
11/01/2013,4709.484
14/01/2013,4719.703
15/01/2013,4716.551
16/01/2013,4738.441
17/01/2013,4756.625
18/01/2013,4771.223
21/01/2013,4777.496
22/01/2013,4779.074
23/01/2013,4787.824
24/01/2013,4810.223
25/01/2013,4835.172
28/01/2013,4835.172
29/01/2013,4888.973
30/01/2013,4896.691
31/01/2013,4878.777
1/02/2013,4921.094
4/02/2013,4907.512
5/02/2013,4882.719
6/02/2013,4920.953
7/02/2013,4935.699
8/02/2013,4971.293
11/02/2013,4959.5
12/02/2013,4958.984
13/02/2013,5003.656
14/02/2013,5036.879
15/02/2013,5033.914
18/02/2013,5063.414
19/02/2013,5081.895
20/02/2013,5098.711
21/02/2013,4980.09
22/02/2013,5018.141
25/02/2013,5055.766
26/02/2013,5003.563
27/02/2013,5036.59
28/02/2013,5104.078
1/03/2013,5086.133
4/03/2013,5010.523
5/03/2013,5075.359
6/03/2013,5116.789
7/03/2013,5109.195
8/03/2013,5123.438
11/03/2013,5146.902
12/03/2013,5117.867
13/03/2013,5092.395
14/03/2013,5032.219
15/03/2013,5120.238
18/03/2013,5015.398
19/03/2013,4987.398
20/03/2013,4967.348
21/03/2013,4959.402
22/03/2013,4967.258
25/03/2013,4990.195
26/03/2013,4950.242
27/03/2013,4994.988
28/03/2013,4966.496
29/03/2013,4966.496
1/04/2013,4966.496
2/04/2013,4985.508
3/04/2013,4957.68
4/04/2013,4913.48
5/04/2013,4891.422
8/04/2013,4905.484
9/04/2013,4976.836
10/04/2013,4967.992
11/04/2013,5007.066
12/04/2013,5013.531
15/04/2013,4967.906
16/04/2013,4950.844
17/04/2013,5004.551
18/04/2013,4924.414
19/04/2013,4931.91
22/04/2013,4966.551
23/04/2013,5016.23
24/04/2013,5102.43
25/04/2013,5102.43
26/04/2013,5097.504
29/04/2013,5125.805
30/04/2013,5191.219
1/05/2013,5166.18
2/05/2013,5129.965
3/05/2013,5129.496
6/05/2013,5156.199
7/05/2013,5143.734
8/05/2013,5199.75
9/05/2013,5198.379
10/05/2013,5206.09
13/05/2013,5210.332
14/05/2013,5220.984
15/05/2013,5191.656
16/05/2013,5165.656
17/05/2013,5180.773
20/05/2013,5209.031
21/05/2013,5180.055
22/05/2013,5165.363
23/05/2013,5062.445
24/05/2013,4983.496
27/05/2013,4959.855
28/05/2013,4970.648
29/05/2013,4974.727
30/05/2013,4930.68
31/05/2013,4926.566
3/06/2013,4888.305
4/06/2013,4900.805
5/06/2013,4835.203
6/06/2013,4781.168
7/06/2013,4737.699
10/06/2013,4737.699
11/06/2013,4757.059
12/06/2013,4724.449
13/06/2013,4695.758
14/06/2013,4791.754
17/06/2013,4825.879
18/06/2013,4814.348
19/06/2013,4861.379
20/06/2013,4758.387
21/06/2013,4738.797
24/06/2013,4669.141
25/06/2013,4655.957
26/06/2013,4731.715
27/06/2013,4811.277
28/06/2013,4802.59
1/07/2013,4710.285
2/07/2013,4834
3/07/2013,4744.125
4/07/2013,4794.738
5/07/2013,4841.746
8/07/2013,4809.527
9/07/2013,4881.652
10/07/2013,4901.355
11/07/2013,4965.695
12/07/2013,4973.883
15/07/2013,4981.102
16/07/2013,4986.016
17/07/2013,4981.68
18/07/2013,4993.422
19/07/2013,4972.09
22/07/2013,5001.863
23/07/2013,5017.109
24/07/2013,5035.07
25/07/2013,5035.609
26/07/2013,5042.023
29/07/2013,5046.324
30/07/2013,5047.238
31/07/2013,5051.977
1/08/2013,5061.488
2/08/2013,5116.758
5/08/2013,5111.25
6/08/2013,5105.629
7/08/2013,5011.297
8/08/2013,5064.797
9/08/2013,5055.207
12/08/2013,5108.652
13/08/2013,5157.699
14/08/2013,5157.418
15/08/2013,5152.363
16/08/2013,5113.855
19/08/2013,5112.527
20/08/2013,5078.176
21/08/2013,5099.988
22/08/2013,5075.746
23/08/2013,5123.359
26/08/2013,5135.402
27/08/2013,5141.215
28/08/2013,5087.16
29/08/2013,5092.41
30/08/2013,5134.953
2/09/2013,5188.273
3/09/2013,5196.566
4/09/2013,5161.637
5/09/2013,5142.512
6/09/2013,5144.988
9/09/2013,5181.465
10/09/2013,5201.164
11/09/2013,5234.383
12/09/2013,5242.535
13/09/2013,5219.625
16/09/2013,5247.984
17/09/2013,5251.238
18/09/2013,5238.137
19/09/2013,5295.547
20/09/2013,5276.688
23/09/2013,5252.457
24/09/2013,5234.16
25/09/2013,5275.938
26/09/2013,5294.453
27/09/2013,5307.059
30/09/2013,5218.875
1/10/2013,5206.797
2/10/2013,5215.555
3/10/2013,5234.887
4/10/2013,5208.016
7/10/2013,5161.109
8/10/2013,5149.441
9/10/2013,5152.984
10/10/2013,5147.141
11/10/2013,5230.871
14/10/2013,5207.859
15/10/2013,5259.145
16/10/2013,5262.906
17/10/2013,5283.098
18/10/2013,5321.465
21/10/2013,5351.77
22/10/2013,5373.145
23/10/2013,5356.094
24/10/2013,5372.883
25/10/2013,5386.344
28/10/2013,5441.406
29/10/2013,5415.523
30/10/2013,5430.852
31/10/2013,5425.492
1/11/2013,5411.121
4/11/2013,5390.531
5/11/2013,5431.961
6/11/2013,5433.801
7/11/2013,5422.031
8/11/2013,5400.66
11/11/2013,5387.141
12/11/2013,5393.09
13/11/2013,5319.176
14/11/2013,5355.426
15/11/2013,5401.668
18/11/2013,5384.656
19/11/2013,5352.898
20/11/2013,5307.66
21/11/2013,5288.316
22/11/2013,5335.91
25/11/2013,5352.832
26/11/2013,5357.008
27/11/2013,5332.871
28/11/2013,5334.336
29/11/2013,5320.047
2/12/2013,5279.516
3/12/2013,5256.07
4/12/2013,5273.75
5/12/2013,5197.957
6/12/2013,5186.016
9/12/2013,5144.422
10/12/2013,5143.551
11/12/2013,5104.246
12/12/2013,5062.516
13/12/2013,5098.426
16/12/2013,5089.633
17/12/2013,5103.191
18/12/2013,5096.102
19/12/2013,5202.23
20/12/2013,5265.215
23/12/2013,5291.945
24/12/2013,5327.242
25/12/2013,5327.242
26/12/2013,5327.242
27/12/2013,5324.059
30/12/2013,5356.797
31/12/2013,5352.211
1/01/2014,5352.211
2/01/2014,5367.906
3/01/2014,5350.094
6/01/2014,5324.875
7/01/2014,5316.984
8/01/2014,5316.047
9/01/2014,5324.406
10/01/2014,5312.383
13/01/2014,5292.074
14/01/2014,5212.047
15/01/2014,5245.426
16/01/2014,5309.07
17/01/2014,5305.867
20/01/2014,5295.043
21/01/2014,5331.461
22/01/2014,5319.762
23/01/2014,5262.984
24/01/2014,5240.93
27/01/2014,5240.93
28/01/2014,5175.105
29/01/2014,5229.004
30/01/2014,5188.059
31/01/2014,5190
3/02/2014,5187.91
4/02/2014,5097.063
5/02/2014,5070.309
6/02/2014,5131.402
7/02/2014,5166.527
10/02/2014,5222.145
11/02/2014,5254.492
12/02/2014,5310.051
13/02/2014,5308.102
14/02/2014,5356.254
17/02/2014,5382.891
18/02/2014,5392.82
19/02/2014,5408.238
20/02/2014,5412.336
21/02/2014,5438.695
24/02/2014,5440.219
25/02/2014,5433.84
26/02/2014,5436.992
27/02/2014,5411.445
28/02/2014,5404.82
3/03/2014,5384.328
4/03/2014,5400.23
5/03/2014,5446.227
6/03/2014,5445.891
7/03/2014,5462.309
10/03/2014,5411.516
11/03/2014,5413.836
12/03/2014,5384.195
13/03/2014,5412.613
14/03/2014,5329.395
17/03/2014,5317.563
18/03/2014,5344.559
19/03/2014,5355.594
20/03/2014,5294
21/03/2014,5338.078
24/03/2014,5346.891
25/03/2014,5336.621
26/03/2014,5376.75
27/03/2014,5350.086
28/03/2014,5366.934
31/03/2014,5394.828
1/04/2014,5389.168
2/04/2014,5403.301
3/04/2014,5409.887
4/04/2014,5422.828
7/04/2014,5413.723
8/04/2014,5410.629
9/04/2014,5463.773
10/04/2014,5480.75
11/04/2014,5428.645
14/04/2014,5358.945
15/04/2014,5388.156
16/04/2014,5420.313
17/04/2014,5454.227
18/04/2014,5454.227
21/04/2014,5454.227
22/04/2014,5479.305
23/04/2014,5517.766
24/04/2014,5531
25/04/2014,5531
28/04/2014,5536.07
29/04/2014,5486.574
30/04/2014,5489.07
1/05/2014,5448.762
2/05/2014,5458.055
5/05/2014,5462.219
6/05/2014,5481.375
7/05/2014,5435.77
8/05/2014,5476.773
9/05/2014,5460.84
12/05/2014,5448.438
13/05/2014,5498.191
14/05/2014,5496.492
15/05/2014,5510.836
16/05/2014,5479.043
19/05/2014,5408.973
20/05/2014,5420.352
21/05/2014,5424.563
22/05/2014,5479.93
23/05/2014,5492.785
26/05/2014,5512.828
27/05/2014,5511.699
28/05/2014,5527.18
29/05/2014,5519.469
30/05/2014,5492.543
2/06/2014,5518.461
3/06/2014,5479.68
4/06/2014,5444.828
5/06/2014,5436.883
6/06/2014,5464.031
9/06/2014,5464.031
10/06/2014,5469.648
11/06/2014,5453.992
12/06/2014,5428.797
13/06/2014,5405.051
16/06/2014,5412.313
17/06/2014,5400.668
18/06/2014,5382.719
19/06/2014,5468.199
20/06/2014,5419.473
23/06/2014,5453.305
24/06/2014,5432.777
25/06/2014,5402.004
26/06/2014,5464.316
27/06/2014,5445.055
30/06/2014,5395.746
1/07/2014,5375.898
2/07/2014,5455.398
3/07/2014,5491.242
4/07/2014,5524.973
7/07/2014,5518.902
8/07/2014,5510.941
9/07/2014,5452.48
10/07/2014,5464.445
11/07/2014,5486.789
14/07/2014,5511.398
15/07/2014,5511.297
16/07/2014,5518.855
17/07/2014,5522.43
18/07/2014,5531.66
21/07/2014,5539.938
22/07/2014,5543.293
23/07/2014,5576.742
24/07/2014,5587.797
25/07/2014,5583.504
28/07/2014,5577.383
29/07/2014,5588.434
30/07/2014,5622.883
31/07/2014,5632.91
1/08/2014,5556.371
4/08/2014,5540.875
5/08/2014,5518.559
6/08/2014,5511.992
7/08/2014,5509.004
8/08/2014,5435.309
11/08/2014,5457.031
12/08/2014,5530.32
13/08/2014,5514.715
14/08/2014,5548.469
15/08/2014,5566.52
18/08/2014,5587.098
19/08/2014,5623.773
20/08/2014,5634.602
21/08/2014,5638.859
22/08/2014,5645.613
25/08/2014,5634.883
26/08/2014,5637.621
27/08/2014,5651.18
28/08/2014,5624.406
29/08/2014,5625.891
1/09/2014,5629.824
2/09/2014,5658.508
3/09/2014,5656.094
4/09/2014,5631.258
5/09/2014,5598.691
8/09/2014,5576.969
9/09/2014,5607.895
10/09/2014,5574.281
11/09/2014,5546.125
12/09/2014,5531.141
15/09/2014,5473.453
16/09/2014,5445.355
17/09/2014,5407.25
18/09/2014,5415.824
19/09/2014,5433.059
22/09/2014,5362.953
23/09/2014,5415.727
24/09/2014,5375.762
25/09/2014,5382.164
26/09/2014,5313.41
29/09/2014,5264.215
30/09/2014,5292.809
1/10/2014,5334.129
2/10/2014,5297.703
3/10/2014,5318.211
6/10/2014,5292.91
7/10/2014,5284.195
8/10/2014,5241.262
9/10/2014,5296.68
10/10/2014,5188.25
13/10/2014,5155.5
14/10/2014,5207.426
15/10/2014,5245.609
16/10/2014,5254.891
17/10/2014,5271.719
20/10/2014,5319.438
21/10/2014,5325.027
22/10/2014,5385.867
23/10/2014,5383.133
24/10/2014,5412.246
27/10/2014,5458.949
28/10/2014,5452.598
29/10/2014,5447.676
30/10/2014,5476.199
31/10/2014,5526.602
3/11/2014,5506.883
4/11/2014,5519.922
5/11/2014,5517.875
6/11/2014,5506.105
7/11/2014,5549.129
10/11/2014,5523.953
11/11/2014,5517.098
12/11/2014,5463.051
13/11/2014,5442.703
14/11/2014,5454.34
17/11/2014,5412.543
18/11/2014,5399.688
19/11/2014,5368.844
20/11/2014,5316.242
21/11/2014,5304.305
24/11/2014,5361.801
25/11/2014,5334.781
26/11/2014,5396.207
27/11/2014,5400.918
28/11/2014,5313
1/12/2014,5207.719
2/12/2014,5281.258
3/12/2014,5321.82
4/12/2014,5368.789
5/12/2014,5335.328
8/12/2014,5372.707
9/12/2014,5282.664
10/12/2014,5259
11/12/2014,5230.969
12/12/2014,5219.566
15/12/2014,5186.074
16/12/2014,5152.34
17/12/2014,5161.855
18/12/2014,5210.773
19/12/2014,5338.648
22/12/2014,5441.953
23/12/2014,5380.922
24/12/2014,5394.531
25/12/2014,5394.531
26/12/2014,5394.531
29/12/2014,5473.777
30/12/2014,5416.625
31/12/2014,5411.016
1/01/2015,5411.016
2/01/2015,5435.93
5/01/2015,5450.324
6/01/2015,5364.797
7/01/2015,5353.609
8/01/2015,5381.449
9/01/2015,5465.566
12/01/2015,5422.699
13/01/2015,5404.688
14/01/2015,5353.594
15/01/2015,5331.363
16/01/2015,5299.234
19/01/2015,5309.133
20/01/2015,5307.664
21/01/2015,5393.379
22/01/2015,5419.938
23/01/2015,5501.816
26/01/2015,5501.816
27/01/2015,5547.223
28/01/2015,5552.781
29/01/2015,5569.48
30/01/2015,5588.316
2/02/2015,5625.34
3/02/2015,5707.363
4/02/2015,5777.34
5/02/2015,5810.977
6/02/2015,5820.168
9/02/2015,5814.926
10/02/2015,5800.563
11/02/2015,5769.082
12/02/2015,5743.57
13/02/2015,5877.465
16/02/2015,5888.66
17/02/2015,5858.207
18/02/2015,5915.68
19/02/2015,5904.227
20/02/2015,5881.535
23/02/2015,5907.977
24/02/2015,5926.988
25/02/2015,5944.902
26/02/2015,5908.488
27/02/2015,5928.766
2/03/2015,5958.879
3/03/2015,5933.898
4/03/2015,5901.59
5/03/2015,5904.16
6/03/2015,5898.859
9/03/2015,5821.348
10/03/2015,5824.188
11/03/2015,5793.195
12/03/2015,5850.168
13/03/2015,5814.539
16/03/2015,5797.656
17/03/2015,5842.117
18/03/2015,5842.344
19/03/2015,5950.813
20/03/2015,5975.488
23/03/2015,5956.133
24/03/2015,5969.078
25/03/2015,5973.313
26/03/2015,5879.055
27/03/2015,5919.934
30/03/2015,5846.086
31/03/2015,5891.504
1/04/2015,5860.75
2/04/2015,5898.578
3/04/2015,5898.578
6/04/2015,5898.578
7/04/2015,5925.965
8/04/2015,5960.73
9/04/2015,5932.215
10/04/2015,5968.363
13/04/2015,5960.27
14/04/2015,5946.551
15/04/2015,5908.414
16/04/2015,5947.469
17/04/2015,5877.867
20/04/2015,5833.113
21/04/2015,5872.34
22/04/2015,5837.492
23/04/2015,5844.77
24/04/2015,5933.289
27/04/2015,5982.691
28/04/2015,5948.539
29/04/2015,5838.578
30/04/2015,5789.98
1/05/2015,5814.398
4/05/2015,5827.535
5/05/2015,5826.516
6/05/2015,5692.156
7/05/2015,5645.688
8/05/2015,5634.555
11/05/2015,5625.234
12/05/2015,5674.734
13/05/2015,5715.145
14/05/2015,5696.566
15/05/2015,5735.492
18/05/2015,5659.164
19/05/2015,5615.492
20/05/2015,5610.301
21/05/2015,5662.27
22/05/2015,5664.738
25/05/2015,5721.473
26/05/2015,5773.379
27/05/2015,5725.25
28/05/2015,5713.082
29/05/2015,5777.156
1/06/2015,5735.398
2/06/2015,5636.012
3/06/2015,5583.574
4/06/2015,5504.297
5/06/2015,5498.453
8/06/2015,5498.453
9/06/2015,5471.309
10/06/2015,5478.629
11/06/2015,5556.648
12/06/2015,5545.25
15/06/2015,5538.766
16/06/2015,5535.789
17/06/2015,5595.426
18/06/2015,5524.891
19/06/2015,5596.992
22/06/2015,5610.168
23/06/2015,5684.281
24/06/2015,5686.77
25/06/2015,5632.715
26/06/2015,5545.887
29/06/2015,5422.484
30/06/2015,5459.008
1/07/2015,5515.66
2/07/2015,5599.816
3/07/2015,5538.289
6/07/2015,5474.992
7/07/2015,5581.418
8/07/2015,5469.523
9/07/2015,5470.973
10/07/2015,5492.035
13/07/2015,5473.168
14/07/2015,5577.402
15/07/2015,5636.223
16/07/2015,5669.605
17/07/2015,5670.105
20/07/2015,5686.887
21/07/2015,5706.715
22/07/2015,5614.566
23/07/2015,5590.285
24/07/2015,5566.102
27/07/2015,5589.883
28/07/2015,5584.684
29/07/2015,5624.156
30/07/2015,5669.52
31/07/2015,5699.16
3/08/2015,5679.344
4/08/2015,5697.898
5/08/2015,5673.973
6/08/2015,5610.098
7/08/2015,5474.777
10/08/2015,5509.152
11/08/2015,5473.227
12/08/2015,5382.082
13/08/2015,5387.863
14/08/2015,5356.535
17/08/2015,5367.652
18/08/2015,5303.148
19/08/2015,5380.188
20/08/2015,5288.582
21/08/2015,5214.598
24/08/2015,5001.277
25/08/2015,5137.25
26/08/2015,5172.773
27/08/2015,5233.32
28/08/2015,5263.555
31/08/2015,5206.973
1/09/2015,5096.406
2/09/2015,5101.461
3/09/2015,5027.797
4/09/2015,5040.602
7/09/2015,5030.418
8/09/2015,5115.246
9/09/2015,5221.125
10/09/2015,5095.016
11/09/2015,5071.082
14/09/2015,5096.469
15/09/2015,5018.434
16/09/2015,5098.859
17/09/2015,5146.816
18/09/2015,5170.5
21/09/2015,5066.242
22/09/2015,5103.551
23/09/2015,4998.129
24/09/2015,5071.664
25/09/2015,5042.105
28/09/2015,5113.492
29/09/2015,4918.426
30/09/2015,5021.625
1/10/2015,5112.137
2/10/2015,5052.016
5/10/2015,5150.531
6/10/2015,5167.398
7/10/2015,5197.871
8/10/2015,5210.398
9/10/2015,5279.688
12/10/2015,5232.863
13/10/2015,5202.852
14/10/2015,5197.25
15/10/2015,5230.043
16/10/2015,5268.207
19/10/2015,5269.707
20/10/2015,5235.57
21/10/2015,5248.305
22/10/2015,5263.84
23/10/2015,5351.563
26/10/2015,5347.988
27/10/2015,5346.148
28/10/2015,5335.219
29/10/2015,5266.855
30/10/2015,5239.438
2/11/2015,5165.75
3/11/2015,5239.215
4/11/2015,5242.293
5/11/2015,5192.969
6/11/2015,5215.008
9/11/2015,5119.492
10/11/2015,5099.23
11/11/2015,5122.621
12/11/2015,5125.691
13/11/2015,5051.254
16/11/2015,5003.816
17/11/2015,5118.238
18/11/2015,5133.109
19/11/2015,5242.563
20/11/2015,5256.141
23/11/2015,5276.422
24/11/2015,5226.387
25/11/2015,5193.68
26/11/2015,5210.695
27/11/2015,5202.582
30/11/2015,5166.516
1/12/2015,5266.137
2/12/2015,5258.336
3/12/2015,5227.715
4/12/2015,5151.605
7/12/2015,5155.695
8/12/2015,5108.602
9/12/2015,5080.449
10/12/2015,5037.715
11/12/2015,5029.449
14/12/2015,4928.598
15/12/2015,4909.551
16/12/2015,5028.445
17/12/2015,5102.008
18/12/2015,5106.656
21/12/2015,5109.047
22/12/2015,5116.688
23/12/2015,5141.777
24/12/2015,5207.645
25/12/2015,5207.645
28/12/2015,5207.645
29/12/2015,5267.344
30/12/2015,5319.941
31/12/2015,5295.855
1/01/2016,5295.855
4/01/2016,5270.473
5/01/2016,5184.43
6/01/2016,5123.133
7/01/2016,5010.336
8/01/2016,4990.836
11/01/2016,4932.234
12/01/2016,4925.129
13/01/2016,4987.438
14/01/2016,4909.379
15/01/2016,4892.797
18/01/2016,4858.699
19/01/2016,4903.066
20/01/2016,4841.523
21/01/2016,4864
22/01/2016,4915.949
25/01/2016,5006.563
26/01/2016,5006.563
27/01/2016,4946.438
28/01/2016,4976.16
29/01/2016,5005.523
1/02/2016,5043.586
2/02/2016,4993.32
3/02/2016,4876.754
4/02/2016,4980.355
5/02/2016,4976.172
8/02/2016,4975.391
9/02/2016,4832.074
10/02/2016,4775.68
11/02/2016,4821.074
12/02/2016,4765.344
15/02/2016,4843.457
16/02/2016,4910.035
17/02/2016,4882.098
18/02/2016,4991.992
19/02/2016,4952.793
22/02/2016,5001.223
23/02/2016,4979.586
24/02/2016,4875.016
25/02/2016,4881.176
26/02/2016,4879.957
29/02/2016,4880.926
1/03/2016,4922.25
2/03/2016,5021.227
3/03/2016,5081.117
4/03/2016,5090.023
7/03/2016,5142.813
8/03/2016,5107.957
9/03/2016,5157.188
10/03/2016,5150.07
11/03/2016,5166.391
14/03/2016,5185.457
15/03/2016,5111.422
16/03/2016,5119.023
17/03/2016,5168.152
18/03/2016,5183.121
21/03/2016,5166.566
22/03/2016,5166.621
23/03/2016,5142.262
24/03/2016,5084.203
25/03/2016,5084.203
28/03/2016,5084.203
29/03/2016,5004.516
30/03/2016,5010.266
31/03/2016,5082.781
1/04/2016,4999.383
4/04/2016,4995.316
5/04/2016,4924.383
6/04/2016,4945.91
7/04/2016,4964.074
8/04/2016,4937.613
11/04/2016,4931.527
12/04/2016,4975.645
13/04/2016,5054.652
14/04/2016,5118.617
15/04/2016,5157.484
18/04/2016,5137.055
19/04/2016,5188.813
20/04/2016,5215.949
21/04/2016,5272.711
22/04/2016,5236.363
25/04/2016,5236.363
26/04/2016,5220.641
27/04/2016,5187.703
28/04/2016,5225.426
29/04/2016,5252.215
2/05/2016,5242.965
3/05/2016,5353.836
4/05/2016,5271.133
5/05/2016,5279.055
6/05/2016,5292.043
9/05/2016,5320.695
10/05/2016,5342.785
11/05/2016,5372.289
12/05/2016,5359.301
13/05/2016,5328.988
16/05/2016,5358.941
17/05/2016,5395.871
18/05/2016,5356.16
19/05/2016,5323.34
20/05/2016,5351.305
23/05/2016,5318.941
24/05/2016,5295.566
25/05/2016,5372.508
26/05/2016,5388.086
27/05/2016,5405.91
30/05/2016,5408.016
31/05/2016,5378.559
1/06/2016,5323.168
2/06/2016,5278.887
3/06/2016,5318.887
6/06/2016,5360.422
7/06/2016,5371.023
8/06/2016,5369.973
9/06/2016,5361.934
10/06/2016,5312.594
13/06/2016,5312.594
14/06/2016,5203.262
15/06/2016,5147.055
16/06/2016,5145.984
17/06/2016,5162.66
20/06/2016,5256.758
21/06/2016,5274.359
22/06/2016,5270.945
23/06/2016,5280.684
24/06/2016,5113.18
27/06/2016,5137.227
28/06/2016,5103.273
29/06/2016,5142.395
30/06/2016,5233.375
1/07/2016,5246.605
4/07/2016,5281.773
5/07/2016,5228
6/07/2016,5197.547
7/07/2016,5227.918
8/07/2016,5230.535
11/07/2016,5337.102
12/07/2016,5353.215
13/07/2016,5388.531
14/07/2016,5411.605
15/07/2016,5429.566
18/07/2016,5458.465
19/07/2016,5451.25
20/07/2016,5488.723
21/07/2016,5512.395
22/07/2016,5498.184
25/07/2016,5533.563
26/07/2016,5537.473
27/07/2016,5539.691
28/07/2016,5556.555
29/07/2016,5562.355
1/08/2016,5587.391
2/08/2016,5540.535
3/08/2016,5465.715
4/08/2016,5475.809
5/08/2016,5497.406
8/08/2016,5537.84
9/08/2016,5552.547
10/08/2016,5543.711
11/08/2016,5508.012
12/08/2016,5530.91
15/08/2016,5539.961
16/08/2016,5531.98
17/08/2016,5535.047
18/08/2016,5507.816
19/08/2016,5526.68
22/08/2016,5515.055
23/08/2016,5553.77
24/08/2016,5561.672
25/08/2016,5541.891
26/08/2016,5515.469
29/08/2016,5469.215
30/08/2016,5478.289
31/08/2016,5433.031
1/09/2016,5415.563
2/09/2016,5372.801
5/09/2016,5429.578
6/09/2016,5413.633
7/09/2016,5424.25
8/09/2016,5385.75
9/09/2016,5339.18
12/09/2016,5219.605
13/09/2016,5207.777
14/09/2016,5227.691
15/09/2016,5239.859
16/09/2016,5296.695
19/09/2016,5294.762
20/09/2016,5303.566
21/09/2016,5339.555
22/09/2016,5374.453
23/09/2016,5431.297
26/09/2016,5431.418
27/09/2016,5405.891
28/09/2016,5412.348
29/09/2016,5471.258
30/09/2016,5435.918
3/10/2016,5478.512
4/10/2016,5484.004
5/10/2016,5452.922
6/10/2016,5483.027
7/10/2016,5467.387
10/10/2016,5475.43
11/10/2016,5479.801
12/10/2016,5474.613
13/10/2016,5435.543
14/10/2016,5434.031
17/10/2016,5388.68
18/10/2016,5410.754
19/10/2016,5435.359
20/10/2016,5442.141
21/10/2016,5430.316
24/10/2016,5408.484
25/10/2016,5442.828
26/10/2016,5359.797
27/10/2016,5295.543
28/10/2016,5283.836
31/10/2016,5317.73
1/11/2016,5290.469
2/11/2016,5228.992
3/11/2016,5225.551
4/11/2016,5180.816
7/11/2016,5250.797
8/11/2016,5257.789
9/11/2016,5156.555
10/11/2016,5328.832
11/11/2016,5370.734
14/11/2016,5345.73
15/11/2016,5326.199
16/11/2016,5327.672
17/11/2016,5338.535
18/11/2016,5359.414
21/11/2016,5351.336
22/11/2016,5413.328
23/11/2016,5484.355
24/11/2016,5485.078
25/11/2016,5507.781
28/11/2016,5464.398
29/11/2016,5457.496
30/11/2016,5440.469
1/12/2016,5500.238
2/12/2016,5444.016
5/12/2016,5400.438
6/12/2016,5428.691
7/12/2016,5478.102
8/12/2016,5543.633
9/12/2016,5560.617
12/12/2016,5562.828
13/12/2016,5545.047
14/12/2016,5584.617
15/12/2016,5538.574
16/12/2016,5532.926
19/12/2016,5562.078
20/12/2016,5591.074
21/12/2016,5613.469
22/12/2016,5643.941
23/12/2016,5627.945
26/12/2016,5627.945
27/12/2016,5627.945
28/12/2016,5685.02
29/12/2016,5699.066
30/12/2016,5665.789
2/01/2017,5665.789
3/01/2017,5733.18
4/01/2017,5736.406
5/01/2017,5753.348
6/01/2017,5755.578
9/01/2017,5807.441
10/01/2017,5760.699
11/01/2017,5771.48
12/01/2017,5766.852
13/01/2017,5721.113
16/01/2017,5748.438
17/01/2017,5699.418
18/01/2017,5678.754
19/01/2017,5692.184
20/01/2017,5654.75
23/01/2017,5610.969
24/01/2017,5650.098
25/01/2017,5671.512
26/01/2017,5671.512
27/01/2017,5713.992
30/01/2017,5661.512
31/01/2017,5620.91
1/02/2017,5653.164
2/02/2017,5645.434
3/02/2017,5621.578
6/02/2017,5615.574
7/02/2017,5621.922
8/02/2017,5651.367
9/02/2017,5664.613
10/02/2017,5720.609
13/02/2017,5760.688
14/02/2017,5755.238
15/02/2017,5809.07
16/02/2017,5816.313
17/02/2017,5805.816
20/02/2017,5795.094
21/02/2017,5791.027
22/02/2017,5805.098
23/02/2017,5784.656
24/02/2017,5738.984
27/02/2017,5724.18
28/02/2017,5712.219
1/03/2017,5704.793
2/03/2017,5776.586
3/03/2017,5729.598
6/03/2017,5746.508
7/03/2017,5761.387
8/03/2017,5759.656
9/03/2017,5741.199
10/03/2017,5775.613
13/03/2017,5757.344
14/03/2017,5759.137
15/03/2017,5773.996
16/03/2017,5785.789
17/03/2017,5799.645
20/03/2017,5778.906
21/03/2017,5774.613
22/03/2017,5684.512
23/03/2017,5707.953
24/03/2017,5753.547
27/03/2017,5746.695
28/03/2017,5821.23
29/03/2017,5873.516
30/03/2017,5896.227
31/03/2017,5864.902
3/04/2017,5872.684
4/04/2017,5856.551
5/04/2017,5876.195
6/04/2017,5856.281
7/04/2017,5862.469
10/04/2017,5912.883
11/04/2017,5929.273
12/04/2017,5933.957
13/04/2017,5889.949
14/04/2017,5889.949
17/04/2017,5889.949
18/04/2017,5836.738
19/04/2017,5804.008
20/04/2017,5821.387
21/04/2017,5854.137
24/04/2017,5871.781
25/04/2017,5871.781
26/04/2017,5912.035
27/04/2017,5921.48
28/04/2017,5924.063
1/05/2017,5956.52
2/05/2017,5950.363
3/05/2017,5892.34
4/05/2017,5876.367
5/05/2017,5836.555
8/05/2017,5870.891
9/05/2017,5839.902
10/05/2017,5875.438
11/05/2017,5878.336
12/05/2017,5836.898
15/05/2017,5838.398
16/05/2017,5850.516
17/05/2017,5786.027
18/05/2017,5738.309
19/05/2017,5727.406
22/05/2017,5771.203
23/05/2017,5760.188
24/05/2017,5768.973
25/05/2017,5789.625
26/05/2017,5751.66
29/05/2017,5707.07
30/05/2017,5717.883
31/05/2017,5724.57
1/06/2017,5738.125
2/06/2017,5788.113
5/06/2017,5754.863
6/06/2017,5667.473
7/06/2017,5667.172
8/06/2017,5676.594
9/06/2017,5677.801
12/06/2017,5677.801
13/06/2017,5772.766
14/06/2017,5833.902
15/06/2017,5763.188
16/06/2017,5774.031
19/06/2017,5805.172
20/06/2017,5757.25
21/06/2017,5665.719
22/06/2017,5705.949
23/06/2017,5715.875
26/06/2017,5720.16
27/06/2017,5714.191
28/06/2017,5755.695
29/06/2017,5818.098
30/06/2017,5721.492
3/07/2017,5684.484
4/07/2017,5783.816
5/07/2017,5763.25
6/07/2017,5758.762
7/07/2017,5703.566
10/07/2017,5724.434
11/07/2017,5728.926
12/07/2017,5673.828
13/07/2017,5736.766
14/07/2017,5765.117
17/07/2017,5755.469
18/07/2017,5687.391
19/07/2017,5732.125
20/07/2017,5761.449
21/07/2017,5722.84
24/07/2017,5688.07
25/07/2017,5726.594
26/07/2017,5776.625
27/07/2017,5785.008
28/07/2017,5702.816
31/07/2017,5720.59
1/08/2017,5772.371
2/08/2017,5744.199
3/08/2017,5735.121
4/08/2017,5720.582
7/08/2017,5773.555
8/08/2017,5743.754
9/08/2017,5765.656
10/08/2017,5760.93
11/08/2017,5693.137
14/08/2017,5730.406
15/08/2017,5757.48
16/08/2017,5785.102
17/08/2017,5779.203
18/08/2017,5747.109
21/08/2017,5725.852
22/08/2017,5750.121
23/08/2017,5737.156
24/08/2017,5745.473
25/08/2017,5743.859
28/08/2017,5709.891
29/08/2017,5669.012
30/08/2017,5669.719
31/08/2017,5714.52
1/09/2017,5724.59
4/09/2017,5702
5/09/2017,5706.23
6/09/2017,5689.727
7/09/2017,5689.879
8/09/2017,5672.613
11/09/2017,5713.148
12/09/2017,5746.438
13/09/2017,5744.254
14/09/2017,5738.676
15/09/2017,5695.02
18/09/2017,5720.598
19/09/2017,5713.574
20/09/2017,5709.09
21/09/2017,5655.418
22/09/2017,5682.137
25/09/2017,5683.727
26/09/2017,5670.98
27/09/2017,5664.281
28/09/2017,5670.383
29/09/2017,5681.609
2/10/2017,5729.328
3/10/2017,5701.441
4/10/2017,5652.055
5/10/2017,5651.766
6/10/2017,5710.672
9/10/2017,5739.258
10/10/2017,5738.109
11/10/2017,5772.098
12/10/2017,5794.5
13/10/2017,5814.199
16/10/2017,5846.797
17/10/2017,5889.598
18/10/2017,5890.5
19/10/2017,5896.098
20/10/2017,5907
23/10/2017,5894
24/10/2017,5897.598
25/10/2017,5905.598
26/10/2017,5916.297
27/10/2017,5903.199
30/10/2017,5919.098
31/10/2017,5909
1/11/2017,5937.797
2/11/2017,5931.699
3/11/2017,5959.898
6/11/2017,5953.797
7/11/2017,6014.297
8/11/2017,6016.297
9/11/2017,6049.398
10/11/2017,6029.398
13/11/2017,6021.797
14/11/2017,5968.699
15/11/2017,5934.199
16/11/2017,5943.5
17/11/2017,5957.297
20/11/2017,5945.699
21/11/2017,5963.5
22/11/2017,5986.398
23/11/2017,5986.199
24/11/2017,5982.598
27/11/2017,5988.797
28/11/2017,5984.297
29/11/2017,6011.098
30/11/2017,5969.898
1/12/2017,5989.797
4/12/2017,5985.598
5/12/2017,5971.797
6/12/2017,5945.699
7/12/2017,5977.699
8/12/2017,5994.398
11/12/2017,5998.297
12/12/2017,6013.199
13/12/2017,6021.797
14/12/2017,6011.297
15/12/2017,5997
18/12/2017,6038.898
19/12/2017,6071.797
20/12/2017,6075.598
21/12/2017,6060.398
22/12/2017,6069.699
25/12/2017,6069.699
26/12/2017,6069.699
27/12/2017,6069.898
28/12/2017,6088.141
29/12/2017,6065.129
1/01/2018,6065.129
2/01/2018,6061.277
3/01/2018,6070.398
4/01/2018,6077.074
5/01/2018,6122.297
8/01/2018,6130.398
9/01/2018,6135.797
10/01/2018,6096.676
11/01/2018,6067.621
12/01/2018,6070.051
15/01/2018,6077.098
16/01/2018,6048.598
17/01/2018,6015.797
18/01/2018,6014.563
19/01/2018,6005.797
22/01/2018,5991.898
23/01/2018,6036.961
24/01/2018,6054.699
25/01/2018,6050.02
26/01/2018,6050.02
29/01/2018,6075.406
30/01/2018,6022.797
31/01/2018,6037.68
1/02/2018,6090.066
2/02/2018,6121.387
5/02/2018,6026.23
6/02/2018,5833.34
7/02/2018,5876.797
8/02/2018,5890.699
9/02/2018,5838
12/02/2018,5820.691
13/02/2018,5855.898
14/02/2018,5841.234
15/02/2018,5908.988
16/02/2018,5904.035
19/02/2018,5941.586
20/02/2018,5940.852
21/02/2018,5943.723
22/02/2018,5950.879
23/02/2018,5999.781
26/02/2018,6042.176
27/02/2018,6056.859
28/02/2018,6015.957
1/03/2018,5973.34
2/03/2018,5928.898
5/03/2018,5895.031
6/03/2018,5962.434
7/03/2018,5901.984
8/03/2018,5942.898
9/03/2018,5963.23
12/03/2018,5996.117
13/03/2018,5974.699
14/03/2018,5935.297
15/03/2018,5920.852
16/03/2018,5949.398
19/03/2018,5959.398
20/03/2018,5936.398
21/03/2018,5950.27
22/03/2018,5937.199
23/03/2018,5820.727
26/03/2018,5790.5
27/03/2018,5832.297
28/03/2018,5789.465
29/03/2018,5759.398
30/03/2018,5759.398
2/04/2018,5759.398
3/04/2018,5751.898
4/04/2018,5761.398
5/04/2018,5788.797
6/04/2018,5788.699
9/04/2018,5808.668
10/04/2018,5856.969
11/04/2018,5828.699
12/04/2018,5815.5
13/04/2018,5829.074
16/04/2018,5841.297
17/04/2018,5841.5
18/04/2018,5861.418
19/04/2018,5881
20/04/2018,5868.797
23/04/2018,5886
24/04/2018,5921.598
25/04/2018,5921.598
26/04/2018,5910.77
27/04/2018,5953.645
30/04/2018,5982.73
1/05/2018,6015.199
2/05/2018,6050.184
3/05/2018,6098.273
4/05/2018,6062.891
7/05/2018,6084.473
8/05/2018,6091.898
9/05/2018,6108
10/05/2018,6118.699
11/05/2018,6116.184
14/05/2018,6135.297
15/05/2018,6097.797
16/05/2018,6106.957
17/05/2018,6094.297
18/05/2018,6087.398
21/05/2018,6084.5
22/05/2018,6041.898
23/05/2018,6032.5
24/05/2018,6037.078
25/05/2018,6032.797
28/05/2018,6004
29/05/2018,6013.598
30/05/2018,5984.699
31/05/2018,6011.883
1/06/2018,5990.387
4/06/2018,6025.547
5/06/2018,5994.875
6/06/2018,6025.098
7/06/2018,6057.297
8/06/2018,6045.18
11/06/2018,6045.18
12/06/2018,6054.434
13/06/2018,6023.5
14/06/2018,6016.633
15/06/2018,6094
18/06/2018,6104.125
19/06/2018,6102.121
20/06/2018,6172.578
21/06/2018,6232.133
22/06/2018,6225.223
25/06/2018,6210.406
26/06/2018,6197.598
27/06/2018,6195.855
28/06/2018,6215.387
29/06/2018,6194.633
2/07/2018,6177.789
3/07/2018,6210.203
4/07/2018,6183.387
5/07/2018,6215.516
6/07/2018,6272.289
9/07/2018,6286.039
10/07/2018,6258.098
11/07/2018,6215.598
12/07/2018,6268.297
13/07/2018,6268.398
16/07/2018,6241.5
17/07/2018,6203.598
18/07/2018,6245.098
19/07/2018,6262.699
20/07/2018,6285.898
23/07/2018,6227.598
24/07/2018,6265.797
25/07/2018,6247.598
26/07/2018,6244.5
27/07/2018,6300.199
30/07/2018,6278.398
31/07/2018,6280.199
1/08/2018,6275.699
2/08/2018,6240.898
3/08/2018,6234.797
6/08/2018,6273
7/08/2018,6253.898
8/08/2018,6268.5
9/08/2018,6297.699
10/08/2018,6278.398
13/08/2018,6252.199
14/08/2018,6299.598
15/08/2018,6329
16/08/2018,6328.297
17/08/2018,6339.199
20/08/2018,6345
21/08/2018,6284.398
22/08/2018,6266
23/08/2018,6244.398
24/08/2018,6247.297
27/08/2018,6268.898
28/08/2018,6304.699
29/08/2018,6352.199
30/08/2018,6351.797
31/08/2018,6319.5
3/09/2018,6310.898
4/09/2018,6293.098
5/09/2018,6230.398
6/09/2018,6160.398
7/09/2018,6143.797
10/09/2018,6141.699
11/09/2018,6179.699
12/09/2018,6175.898
13/09/2018,6128.699
14/09/2018,6165.297
17/09/2018,6185
18/09/2018,6161.5
19/09/2018,6190
20/09/2018,6169.5
21/09/2018,6194.598
24/09/2018,6186.898
25/09/2018,6185.898
26/09/2018,6192.297
27/09/2018,6181.199
28/09/2018,6207.598
1/10/2018,6172.297
2/10/2018,6126.199
3/10/2018,6146.098
4/10/2018,6176.297
5/10/2018,6185.5
8/10/2018,6100.297
9/10/2018,6041.098
10/10/2018,6049.797
11/10/2018,5883.797
12/10/2018,5895.699
15/10/2018,5837.098
16/10/2018,5869.898
17/10/2018,5939.098
18/10/2018,5942.398
19/10/2018,5939.5
22/10/2018,5904.898
23/10/2018,5843.086
24/10/2018,5829
25/10/2018,5664.098
26/10/2018,5665.199
29/10/2018,5728.199
30/10/2018,5805.098
31/10/2018,5830.297
1/11/2018,5840.797
2/11/2018,5849.199
5/11/2018,5818.098
6/11/2018,5875.199
7/11/2018,5896.898
8/11/2018,5928.199
9/11/2018,5921.797
12/11/2018,5941.297
13/11/2018,5834.199
14/11/2018,5732.797
15/11/2018,5736
16/11/2018,5730.598
19/11/2018,5693.699
20/11/2018,5671.797
21/11/2018,5642.797
22/11/2018,5691.297
23/11/2018,5716.199
26/11/2018,5671.598
27/11/2018,5728.297
28/11/2018,5725.098
29/11/2018,5758.398
30/11/2018,5667.199
3/12/2018,5771.199
4/12/2018,5713.098
5/12/2018,5668.398
6/12/2018,5657.699
7/12/2018,5681.5
10/12/2018,5552.5
11/12/2018,5575.898
12/12/2018,5653.5
13/12/2018,5661.598
14/12/2018,5602
17/12/2018,5658.297
18/12/2018,5589.5
19/12/2018,5580.598
20/12/2018,5505.797
21/12/2018,5467.598
24/12/2018,5493.797
25/12/2018,5493.797
26/12/2018,5493.797
27/12/2018,5597.199
28/12/2018,5654.297
31/12/2018,5646.398
1/01/2019,5646.398
2/01/2019,5557.797
3/01/2019,5633.398
4/01/2019,5619.398
7/01/2019,5683.199
8/01/2019,5722.398
9/01/2019,5778.297
10/01/2019,5795.297
11/01/2019,5774.598
14/01/2019,5773.398
15/01/2019,5814.598
16/01/2019,5835.199
17/01/2019,5850.098
18/01/2019,5879.598
21/01/2019,5890.398
22/01/2019,5858.797
23/01/2019,5843.699
24/01/2019,5865.699
25/01/2019,5905.602
28/01/2019,5905.602
29/01/2019,5874.199
30/01/2019,5886.699
31/01/2019,5864.699
1/02/2019,5862.797
4/02/2019,5891.199
5/02/2019,6005.898
6/02/2019,6026.098
7/02/2019,6092.5
8/02/2019,6071.5
11/02/2019,6060.797
12/02/2019,6079.098
13/02/2019,6063.598
14/02/2019,6059.398
15/02/2019,6066.098
18/02/2019,6089.797
19/02/2019,6106.898
20/02/2019,6096.5
21/02/2019,6139.199
22/02/2019,6167.297
25/02/2019,6186.297
26/02/2019,6128.398
27/02/2019,6150.297
28/02/2019,6169
1/03/2019,6192.699
4/03/2019,6217.398
5/03/2019,6199.297
6/03/2019,6245.598
7/03/2019,6263.898
8/03/2019,6203.797
11/03/2019,6180.199
12/03/2019,6174.797
13/03/2019,6161.199
14/03/2019,6179.598
15/03/2019,6175.199
18/03/2019,6190.5
19/03/2019,6184.797
20/03/2019,6165.297
21/03/2019,6167.199
22/03/2019,6195.199
25/03/2019,6126.199
26/03/2019,6130.598
27/03/2019,6136
28/03/2019,6176.098
29/03/2019,6180.699
1/04/2019,6217
2/04/2019,6242.398
3/04/2019,6285
4/04/2019,6232.75
5/04/2019,6181.297
8/04/2019,6221.398
9/04/2019,6221.797
10/04/2019,6223.5
11/04/2019,6198.699
12/04/2019,6251.297
15/04/2019,6251.398
16/04/2019,6277.398
17/04/2019,6256.398
18/04/2019,6259.797
19/04/2019,6259.797
22/04/2019,6259.797
23/04/2019,6319.398
24/04/2019,6382.098
25/04/2019,6382.098
26/04/2019,6385.598
29/04/2019,6359.5
30/04/2019,6325.5
1/05/2019,6375.898
2/05/2019,6338.398
3/05/2019,6335.797
6/05/2019,6283.699
7/05/2019,6295.699
8/05/2019,6269.098
9/05/2019,6295.297
10/05/2019,6310.898
13/05/2019,6297.598
14/05/2019,6239.898
15/05/2019,6284.199
16/05/2019,6327.797
17/05/2019,6365.297
20/05/2019,6476.098
21/05/2019,6500.098
22/05/2019,6510.699
23/05/2019,6491.797
24/05/2019,6456
27/05/2019,6451.898
28/05/2019,6484.797
29/05/2019,6440
30/05/2019,6392.098
31/05/2019,6396.898
3/06/2019,6320.5
4/06/2019,6332.398
5/06/2019,6358.5
6/06/2019,6383
7/06/2019,6443.898
10/06/2019,6443.898
11/06/2019,6546.297
12/06/2019,6543.699
13/06/2019,6542.398
14/06/2019,6554
17/06/2019,6530.898
18/06/2019,6570
19/06/2019,6648.098
20/06/2019,6687.398
21/06/2019,6650.797
24/06/2019,6665.398
25/06/2019,6658
26/06/2019,6640.5
27/06/2019,6666.297
28/06/2019,6618.797
1/07/2019,6648.098
2/07/2019,6653.199
3/07/2019,6685.5
4/07/2019,6718
5/07/2019,6751.297
8/07/2019,6672.199
9/07/2019,6665.699
10/07/2019,6689.797
11/07/2019,6716.098
12/07/2019,6696.5
15/07/2019,6653
16/07/2019,6641
17/07/2019,6673.297
18/07/2019,6649.098
19/07/2019,6700.297
22/07/2019,6691.199
23/07/2019,6724.598
24/07/2019,6776.699
25/07/2019,6818
26/07/2019,6793.398
29/07/2019,6825.797
30/07/2019,6845.098
31/07/2019,6812.598
1/08/2019,6788.898
2/08/2019,6768.598
5/08/2019,6640.297
6/08/2019,6478.098
7/08/2019,6519.5
8/08/2019,6568.098
9/08/2019,6584.398
12/08/2019,6590.297
13/08/2019,6568.5
14/08/2019,6595.898
15/08/2019,6408.098
16/08/2019,6405.5
19/08/2019,6467.398
20/08/2019,6545
21/08/2019,6483.297
22/08/2019,6501.797
23/08/2019,6523.098
26/08/2019,6440.098
27/08/2019,6471.199
28/08/2019,6500.598
29/08/2019,6507.398
30/08/2019,6604.199
2/09/2019,6579.398
3/09/2019,6573.398
4/09/2019,6553
5/09/2019,6613.199
6/09/2019,6647.297
9/09/2019,6648
10/09/2019,6614.098
11/09/2019,6638
12/09/2019,6654.898
13/09/2019,6669.199
16/09/2019,6673.5
17/09/2019,6695.297
18/09/2019,6681.598
19/09/2019,6717.5
20/09/2019,6730.797
23/09/2019,6749.699
24/09/2019,6748.898
25/09/2019,6710.199
26/09/2019,6677.598
27/09/2019,6716.098
30/09/2019,6688.297
1/10/2019,6742.797
2/10/2019,6639.898
3/10/2019,6493
4/10/2019,6517.098
7/10/2019,6563.598
8/10/2019,6593.398
9/10/2019,6546.699
10/10/2019,6547.098
11/10/2019,6606.797
14/10/2019,6642.598
15/10/2019,6652
16/10/2019,6736.5
17/10/2019,6684.699
18/10/2019,6649.684
21/10/2019,6652.5
22/10/2019,6672.199
23/10/2019,6673.098
24/10/2019,6693.598
25/10/2019,6739.199
28/10/2019,6740.703
29/10/2019,6745.398
30/10/2019,6689.5
31/10/2019,6663.398
1/11/2019,6669.098
4/11/2019,6686.863
5/11/2019,6697.098
6/11/2019,6660.199
7/11/2019,6726.598
8/11/2019,6724.098
11/11/2019,6772.523
12/11/2019,6753
13/11/2019,6698.398
14/11/2019,6735.098
15/11/2019,6793.699
18/11/2019,6766.82
19/11/2019,6814.219
20/11/2019,6722.398
21/11/2019,6672.898
22/11/2019,6709.797
25/11/2019,6731.398
26/11/2019,6787.5
27/11/2019,6850.598
28/11/2019,6864
29/11/2019,6846
2/12/2019,6862.297
3/12/2019,6712.297
4/12/2019,6606.5
5/12/2019,6683
6/12/2019,6707
9/12/2019,6730
10/12/2019,6706.906
11/12/2019,6752.598
12/12/2019,6708.797
13/12/2019,6739.699
16/12/2019,6849.699
17/12/2019,6847.297
18/12/2019,6851.398
19/12/2019,6833.098
20/12/2019,6816.297
23/12/2019,6785.098
24/12/2019,6794.156
25/12/2019,6794.156
26/12/2019,6794.156
27/12/2019,6821.699
30/12/2019,6804.898
31/12/2019,6684.074
1/01/2020,6684.074
2/01/2020,6690.598
3/01/2020,6733.5
6/01/2020,6735.699
7/01/2020,6826.398
8/01/2020,6817.598
9/01/2020,6874.199
10/01/2020,6929
13/01/2020,6903.699
14/01/2020,6962.199
15/01/2020,6994.797
16/01/2020,7041.797
17/01/2020,7064.098
20/01/2020,7079.5
21/01/2020,7066.297
22/01/2020,7132.699
23/01/2020,7088
24/01/2020,7090.5
27/01/2020,7090.5
28/01/2020,6994.5
29/01/2020,7031.5
30/01/2020,7008.398
31/01/2020,7017.199
3/02/2020,6923.297
4/02/2020,6948.699
5/02/2020,6976.098
6/02/2020,7049.199
7/02/2020,7022.602
10/02/2020,7012.5
11/02/2020,7055.301
12/02/2020,7088.199
13/02/2020,7103.199
14/02/2020,7130.199
17/02/2020,7125.102
18/02/2020,7113.699
19/02/2020,7144.602
20/02/2020,7162.5
21/02/2020,7139
24/02/2020,6978.301
25/02/2020,6866.602
26/02/2020,6708.102
27/02/2020,6657.898
28/02/2020,6441.199
2/03/2020,6391.5
3/03/2020,6435.699
4/03/2020,6325.398
5/03/2020,6395.699
6/03/2020,6216.199
9/03/2020,5760.602
10/03/2020,5939.602
11/03/2020,5725.898
12/03/2020,5304.602
13/03/2020,5539.301
16/03/2020,5002
17/03/2020,5293.398
18/03/2020,4953.199
19/03/2020,4782.898
20/03/2020,4816.602
23/03/2020,4546
24/03/2020,4735.699
25/03/2020,4998.102
26/03/2020,5113.301
27/03/2020,4842.398
30/03/2020,5181.398
31/03/2020,5076.801
1/04/2020,5258.602
2/04/2020,5154.301
3/04/2020,5067.484
6/04/2020,5286.801
7/04/2020,5252.301
8/04/2020,5206.898
9/04/2020,5387.301
10/04/2020,5387.301
13/04/2020,5387.301
14/04/2020,5488.102
15/04/2020,5466.699
16/04/2020,5416.301
17/04/2020,5487.5
20/04/2020,5353.008
21/04/2020,5221.301
22/04/2020,5221.199
23/04/2020,5217.102
24/04/2020,5242.602
27/04/2020,5321.398
28/04/2020,5313.102
29/04/2020,5393.398
30/04/2020,5522.398
1/05/2020,5245.898
4/05/2020,5319.801
5/05/2020,5407.102
6/05/2020,5384.602
7/05/2020,5364.199
8/05/2020,5391.102
11/05/2020,5461.199
12/05/2020,5403
13/05/2020,5421.898
14/05/2020,5328.699
15/05/2020,5404.801
18/05/2020,5460.5
19/05/2020,5559.5
20/05/2020,5573
21/05/2020,5550.398
22/05/2020,5497
25/05/2020,5615.602
26/05/2020,5780
27/05/2020,5775
28/05/2020,5851.102
29/05/2020,5755.699
1/06/2020,5819.199
2/06/2020,5835.102
3/06/2020,5941.602
4/06/2020,5991.801
5/06/2020,5998.699
8/06/2020,5998.699
9/06/2020,6144.898
10/06/2020,6148.398
11/06/2020,5960.602
12/06/2020,5847.801
15/06/2020,5719.801
16/06/2020,5942.301
17/06/2020,5991.801
18/06/2020,5936.5
19/06/2020,5942.578
22/06/2020,5944.5
23/06/2020,5954.398
24/06/2020,5965.699
25/06/2020,5817.699
26/06/2020,5904.102
29/06/2020,5815
30/06/2020,5897.898
1/07/2020,5934.398
2/07/2020,6032.699
3/07/2020,6057.898
6/07/2020,6014.602
7/07/2020,6012.898
8/07/2020,5920.301
9/07/2020,5955.5
10/07/2020,5919.199
13/07/2020,5977.5
14/07/2020,5941.102
15/07/2020,6052.898
16/07/2020,6010.898
17/07/2020,6033.602
20/07/2020,6001.602
21/07/2020,6156.301
22/07/2020,6075.102
23/07/2020,6094.5
24/07/2020,6024
27/07/2020,6044.199
28/07/2020,6020.5
29/07/2020,6006.398
30/07/2020,6051.102
31/07/2020,5927.801
3/08/2020,5926.102
4/08/2020,6037.602
5/08/2020,6001.301
6/08/2020,6042.199
7/08/2020,6004.801
10/08/2020,6110.199
11/08/2020,6138.699
12/08/2020,6132
13/08/2020,6091
14/08/2020,6126.199
17/08/2020,6076.398
18/08/2020,6123.398
19/08/2020,6167.602
20/08/2020,6120
21/08/2020,6111.199
24/08/2020,6129.602
25/08/2020,6161.398
26/08/2020,6116.398
27/08/2020,6126.199
28/08/2020,6073.801
31/08/2020,6060.5
1/09/2020,5953.398
2/09/2020,6063.199
3/09/2020,6112.602
4/09/2020,5925.5
7/09/2020,5944.801
8/09/2020,6007.801
9/09/2020,5878.602
10/09/2020,5908.5
11/09/2020,5859.398
14/09/2020,5899.5
15/09/2020,5894.801
16/09/2020,5956.102
17/09/2020,5883.199
18/09/2020,5864.5
21/09/2020,5822.602
22/09/2020,5784.102
23/09/2020,5923.898
24/09/2020,5875.898
25/09/2020,5964.898
28/09/2020,5952.301
29/09/2020,5952.102
30/09/2020,5815.898
1/10/2020,5872.898
2/10/2020,5791.5
5/10/2020,5941.602
6/10/2020,5962.102
7/10/2020,6036.398
8/10/2020,6102
9/10/2020,6102.199
12/10/2020,6132
13/10/2020,6195.699
14/10/2020,6179.199
15/10/2020,6210.301
16/10/2020,6176.801
19/10/2020,6229.398
20/10/2020,6184.602
21/10/2020,6191.801
22/10/2020,6173.801
23/10/2020,6167
26/10/2020,6155.602
27/10/2020,6051
28/10/2020,6057.699
29/10/2020,5960.301
30/10/2020,5927.602
2/11/2020,5951.301
3/11/2020,6066.398
4/11/2020,6062.102
5/11/2020,6139.602
6/11/2020,6190.199
9/11/2020,6298.801
10/11/2020,6340.5
11/11/2020,6449.699
12/11/2020,6418.199
13/11/2020,6405.199
16/11/2020,6484.328
17/11/2020,6498.199
18/11/2020,6531.102
19/11/2020,6547.199
20/11/2020,6539.199
23/11/2020,6561.602
24/11/2020,6644.102
25/11/2020,6683.301
26/11/2020,6636.398
27/11/2020,6601.102
30/11/2020,6517.801
1/12/2020,6588.5
2/12/2020,6590.199
3/12/2020,6615.301
4/12/2020,6634.102
7/12/2020,6675
8/12/2020,6687.699
9/12/2020,6728.5
10/12/2020,6683.102
11/12/2020,6642.602
14/12/2020,6660.199
15/12/2020,6631.301
16/12/2020,6679.199
17/12/2020,6756.699
18/12/2020,6675.5
21/12/2020,6669.898
22/12/2020,6599.602
23/12/2020,6643.102
24/12/2020,6664.801
25/12/2020,6664.801
28/12/2020,6664.801
29/12/2020,6700.301
30/12/2020,6682.398
31/12/2020,6587.098
1/01/2021,6587.098
4/01/2021,6684.199
5/01/2021,6681.898
6/01/2021,6607.102
7/01/2021,6712
8/01/2021,6757.898
11/01/2021,6697.199
12/01/2021,6679.102
13/01/2021,6686.602
14/01/2021,6715.301
15/01/2021,6715.398
18/01/2021,6663
19/01/2021,6742.602
20/01/2021,6770.398
21/01/2021,6823.699
22/01/2021,6800.398
25/01/2021,6824.699
26/01/2021,6824.699
27/01/2021,6780.602
28/01/2021,6649.699
29/01/2021,6607.398
1/02/2021,6663
2/02/2021,6762.602
3/02/2021,6824.602
4/02/2021,6765.5
5/02/2021,6840.527
8/02/2021,6880.676
9/02/2021,6821.223
10/02/2021,6856.902
11/02/2021,6850.102
12/02/2021,6806.699
15/02/2021,6868.898
16/02/2021,6917.301
17/02/2021,6885.199
18/02/2021,6885.898
19/02/2021,6793.801
22/02/2021,6780.898
23/02/2021,6839.199
24/02/2021,6777.801
25/02/2021,6834.031
26/02/2021,6673.301
1/03/2021,6789.602
2/03/2021,6762.301
3/03/2021,6818
4/03/2021,6760.699
5/03/2021,6710.801
8/03/2021,6739.602
9/03/2021,6771.199
10/03/2021,6714.102
11/03/2021,6713.898
12/03/2021,6766.801
15/03/2021,6773
16/03/2021,6827.102
17/03/2021,6795.199
18/03/2021,6745.898
19/03/2021,6708.199
22/03/2021,6752.5
23/03/2021,6745.398
24/03/2021,6778.801
25/03/2021,6790.602
26/03/2021,6824.199
29/03/2021,6799.5
30/03/2021,6738.398
31/03/2021,6790.699
1/04/2021,6828.699
2/04/2021,6828.699
5/04/2021,6828.699
6/04/2021,6885.898
7/04/2021,6928
8/04/2021,6998.801
9/04/2021,6995.199
12/04/2021,6974
13/04/2021,6976.898
14/04/2021,7023.102
15/04/2021,7058.602
16/04/2021,7063.5
19/04/2021,7065.602
20/04/2021,7017.801
21/04/2021,6997.5
22/04/2021,7055.398
23/04/2021,7060.699
26/04/2021,7045.602
27/04/2021,7033.801
28/04/2021,7064.699
29/04/2021,7082.301
30/04/2021,7025.801
3/05/2021,7028.801
4/05/2021,7067.898
5/05/2021,7095.801
6/05/2021,7061.699
7/05/2021,7080.801
10/05/2021,7172.801
11/05/2021,7097
12/05/2021,7044.898
13/05/2021,6982.699
14/05/2021,7014.199
17/05/2021,7023.602
18/05/2021,7065.98
19/05/2021,6931.699
20/05/2021,7019.602
21/05/2021,7030.301
24/05/2021,7045.898
25/05/2021,7115.199
26/05/2021,7092.5
27/05/2021,7094.898
28/05/2021,7179.5
31/05/2021,7161.629
1/06/2021,7142.57
2/06/2021,7217.801
3/06/2021,7260.102
4/06/2021,7295.398
7/06/2021,7281.895
8/06/2021,7292.602
9/06/2021,7270.199
10/06/2021,7302.5
11/06/2021,7312.301
14/06/2021,7312.301
15/06/2021,7379.5
16/06/2021,7386.199
17/06/2021,7359
18/06/2021,7368.898
21/06/2021,7235.301
22/06/2021,7342.199
23/06/2021,7298.5
24/06/2021,7275.301
25/06/2021,7308
28/06/2021,7307.301
29/06/2021,7301.199
30/06/2021,7313
1/07/2021,7265.602
2/07/2021,7308.602
5/07/2021,7315
6/07/2021,7261.801
7/07/2021,7326.898
8/07/2021,7341.398
9/07/2021,7273.301
12/07/2021,7333.5
13/07/2021,7332.102
14/07/2021,7354.699
15/07/2021,7335.898
16/07/2021,7348.102
19/07/2021,7286
20/07/2021,7252.199
21/07/2021,7308.699
22/07/2021,7386.398
23/07/2021,7394.398
26/07/2021,7394.301
27/07/2021,7431.398
28/07/2021,7379.301
29/07/2021,7417.398
30/07/2021,7392.602
2/08/2021,7491.398
3/08/2021,7474.5
4/08/2021,7503.199
5/08/2021,7511.102
6/08/2021,7538.398
9/08/2021,7538.398
10/08/2021,7562.602
11/08/2021,7584.301
12/08/2021,7588.199
13/08/2021,7628.898
16/08/2021,7582.5
17/08/2021,7511
18/08/2021,7502.102
19/08/2021,7464.602
20/08/2021,7460.898
23/08/2021,7489.898
24/08/2021,7502.98
25/08/2021,7531.898
26/08/2021,7491.199
27/08/2021,7488.301
30/08/2021,7504.5
31/08/2021,7534.898
1/09/2021,7527.102
2/09/2021,7485.699
3/09/2021,7522.898
6/09/2021,7528.5
7/09/2021,7530.301
8/09/2021,7512
9/09/2021,7369.5
10/09/2021,7406.602
13/09/2021,7425.199
14/09/2021,7437.301
15/09/2021,7417
16/09/2021,7460.199
17/09/2021,7403.699
20/09/2021,7248.199
21/09/2021,7273.801
22/09/2021,7296.898
23/09/2021,7370.199
24/09/2021,7342.602
27/09/2021,7384.199
28/09/2021,7275.602
29/09/2021,7196.699
30/09/2021,7332.199
1/10/2021,7185.5
4/10/2021,7278.5
5/10/2021,7248.398
6/10/2021,7206.5
7/10/2021,7256.699
8/10/2021,7320.102
11/10/2021,7299.801
12/10/2021,7280.699
13/10/2021,7272.5
14/10/2021,7311.699
15/10/2021,7362
18/10/2021,7381.102
19/10/2021,7374.898
20/10/2021,7413.699
21/10/2021,7415.398
22/10/2021,7415.5
25/10/2021,7441
26/10/2021,7443.398
27/10/2021,7448.699
28/10/2021,7430.398
29/10/2021,7323.699
1/11/2021,7370.801
2/11/2021,7324.301
3/11/2021,7392.699
4/11/2021,7428
5/11/2021,7456.898
8/11/2021,7452.199
9/11/2021,7434.199
10/11/2021,7423.898
11/11/2021,7381.898
12/11/2021,7443
15/11/2021,7470.102
16/11/2021,7420.398
17/11/2021,7369.898
18/11/2021,7379.199
19/11/2021,7396.5
22/11/2021,7353.102
23/11/2021,7410.602
24/11/2021,7399.398
25/11/2021,7407.301
26/11/2021,7279.301
29/11/2021,7239.801
30/11/2021,7256
1/12/2021,7235.898
2/12/2021,7225.199
3/12/2021,7241.199
6/12/2021,7245.102
7/12/2021,7313.898
8/12/2021,7405.398
9/12/2021,7384.5
10/12/2021,7353.5
13/12/2021,7379.301
14/12/2021,7378.398
15/12/2021,7327.102
16/12/2021,7295.699
17/12/2021,7304
20/12/2021,7292.199
21/12/2021,7355
22/12/2021,7364.801
23/12/2021,7387.602
24/12/2021,7420.297
27/12/2021,7420.297
28/12/2021,7420.297
29/12/2021,7509.801
30/12/2021,7513.398
31/12/2021,7444.641
3/01/2022,7444.641
4/01/2022,7589.801
5/01/2022,7565.801
6/01/2022,7358.301
7/01/2022,7453.301
10/01/2022,7447.102
11/01/2022,7390.102
12/01/2022,7438.898
13/01/2022,7474.398
14/01/2022,7393.898
17/01/2022,7417.301
18/01/2022,7408.801
19/01/2022,7332.5
20/01/2022,7342.398
21/01/2022,7175.801
24/01/2022,7139.5
25/01/2022,6961.602
26/01/2022,6961.602
27/01/2022,6838.301
28/01/2022,6988.102
31/01/2022,6971.633
1/02/2022,7006
2/02/2022,7087.699
3/02/2022,7078
4/02/2022,7120.199
7/02/2022,7110.801
8/02/2022,7186.699
9/02/2022,7268.301
10/02/2022,7288.5
11/02/2022,7217.301
14/02/2022,7243.898
15/02/2022,7206.898
16/02/2022,7284.898
17/02/2022,7296.199
18/02/2022,7221.699
21/02/2022,7233.602
22/02/2022,7161.301
23/02/2022,7205.699
24/02/2022,6990.602
25/02/2022,6997.801
28/02/2022,7049.102
1/03/2022,7096.5
2/03/2022,7116.699
3/03/2022,7151.398
4/03/2022,7110.801
7/03/2022,7038.602
8/03/2022,6980.301
9/03/2022,7053
10/03/2022,7130.801
11/03/2022,7063.602
14/03/2022,7149.398
15/03/2022,7097.398
16/03/2022,7175.199
17/03/2022,7250.801
18/03/2022,7294.398
21/03/2022,7278.5
22/03/2022,7341.102
23/03/2022,7377.898
24/03/2022,7387.102
25/03/2022,7406.199
28/03/2022,7412.398
29/03/2022,7464.301
30/03/2022,7514.5
31/03/2022,7499.602
1/04/2022,7493.801
4/04/2022,7513.699
5/04/2022,7527.898
6/04/2022,7490.102
7/04/2022,7442.801
8/04/2022,7478
11/04/2022,7485.199
12/04/2022,7454
13/04/2022,7479
14/04/2022,7523.398
15/04/2022,7523.398
18/04/2022,7523.398
19/04/2022,7565.199
20/04/2022,7569.199
21/04/2022,7592.801
22/04/2022,7473.301
25/04/2022,7473.301
26/04/2022,7318
27/04/2022,7261.199
28/04/2022,7356.898
29/04/2022,7435
2/05/2022,7346.988
3/05/2022,7316.188
4/05/2022,7304.699
5/05/2022,7364.699
6/05/2022,7205.602
9/05/2022,7120.699
10/05/2022,7051.199
11/05/2022,7064.699
12/05/2022,6941
13/05/2022,7075.102
16/05/2022,7093
17/05/2022,7112.5
18/05/2022,7182.699
19/05/2022,7064.5
20/05/2022,7145.602
23/05/2022,7148.898
24/05/2022,7128.801
25/05/2022,7155.199
26/05/2022,7105.898
27/05/2022,7182.699
30/05/2022,7286.559
31/05/2022,7211.199
1/06/2022,7234
2/06/2022,7175.898
3/06/2022,7238.801
6/06/2022,7206.301
7/06/2022,7095.699
8/06/2022,7121.102
9/06/2022,7019.699
10/06/2022,6932
13/06/2022,6932
14/06/2022,6686
15/06/2022,6601
16/06/2022,6591.102
17/06/2022,6474.801
20/06/2022,6433.398
21/06/2022,6523.801
22/06/2022,6508.5
23/06/2022,6528.398
24/06/2022,6578.699
27/06/2022,6706
28/06/2022,6763.602
29/06/2022,6700.199
30/06/2022,6568.102
1/07/2022,6539.898
4/07/2022,6612.602
5/07/2022,6629.301
6/07/2022,6594.5
7/07/2022,6648
8/07/2022,6678
11/07/2022,6602.199
12/07/2022,6606.301
13/07/2022,6621.602
14/07/2022,6650.602
15/07/2022,6605.602
18/07/2022,6687.102
19/07/2022,6649.602
20/07/2022,6759.199
21/07/2022,6794.301
22/07/2022,6791.5
25/07/2022,6789.898
26/07/2022,6807.301
27/07/2022,6823.199
28/07/2022,6889.699
29/07/2022,6945.199
1/08/2022,6993
2/08/2022,6998.102
3/08/2022,6975.898
4/08/2022,6974.898
5/08/2022,7015.602
8/08/2022,7020.602
9/08/2022,7029.801
10/08/2022,6992.699
11/08/2022,7071
12/08/2022,7032.5
15/08/2022,7064.301
16/08/2022,7105.398
17/08/2022,7127.699
18/08/2022,7112.777
19/08/2022,7114.5
22/08/2022,7046.898
23/08/2022,6961.801
24/08/2022,6998.102
25/08/2022,7048.102
26/08/2022,7104.102
29/08/2022,6965.5
30/08/2022,6998.301
31/08/2022,6986.801
1/09/2022,6845.602
2/09/2022,6828.699
5/09/2022,6852.199
6/09/2022,6826.5
7/09/2022,6729.301
8/09/2022,6848.699
9/09/2022,6894.199
12/09/2022,6964.5
13/09/2022,7009.699
14/09/2022,6828.602
15/09/2022,6842.898
16/09/2022,6739.102
19/09/2022,6719.898
20/09/2022,6806.398
21/09/2022,6700.199
22/09/2022,6700.199
23/09/2022,6574.699
26/09/2022,6469.398
27/09/2022,6496.199
28/09/2022,6462
29/09/2022,6555
30/09/2022,6474.199
3/10/2022,6456.898
4/10/2022,6699.301
5/10/2022,6815.699
6/10/2022,6817.5
7/10/2022,6762.801
10/10/2022,6667.801
11/10/2022,6645
12/10/2022,6647.5
13/10/2022,6642.602
14/10/2022,6758.801
17/10/2022,6664.398
18/10/2022,6779.199
19/10/2022,6800.102
20/10/2022,6730.699
21/10/2022,6676.801
24/10/2022,6779.398
25/10/2022,6798.602
26/10/2022,6810.898
27/10/2022,6845.102
28/10/2022,6785.699
31/10/2022,6863.5
1/11/2022,6976.898
2/11/2022,6986.699
3/11/2022,6857.898
4/11/2022,6892.5
7/11/2022,6933.707
8/11/2022,6958.898
9/11/2022,6999.301
10/11/2022,6964
11/11/2022,7158
14/11/2022,7146.301
15/11/2022,7141.602
16/11/2022,7122.199
17/11/2022,7135.699
18/11/2022,7151.801
21/11/2022,7139.301
22/11/2022,7181.301
23/11/2022,7231.801
24/11/2022,7241.801
25/11/2022,7259.5
