date,ASX ALL ORDINARIES - PRICE INDEX
30/05/2008,5773.9
2/06/2008,5781.2
3/06/2008,5703
4/06/2008,5698.2
5/06/2008,5633.8
6/06/2008,5691.2
9/06/2008,5691.2
10/06/2008,5544.3
11/06/2008,5561.9
12/06/2008,5433.2
13/06/2008,5479.6
16/06/2008,5476.3
17/06/2008,5525.9
18/06/2008,5550.3
19/06/2008,5484.3
20/06/2008,5411.8
23/06/2008,5408.9
24/06/2008,5418.8
25/06/2008,5363.1
26/06/2008,5421.5
27/06/2008,5349.4
30/06/2008,5332.9
1/07/2008,5261.1
2/07/2008,5211.6
3/07/2008,5094
4/07/2008,5170
7/07/2008,5091.7
8/07/2008,5022.4
9/07/2008,5089.4
10/07/2008,5020.5
11/07/2008,5067.8
14/07/2008,5007.9
15/07/2008,4910.1
16/07/2008,4947.5
17/07/2008,4977.4
18/07/2008,4915.3
21/07/2008,5075.4
22/07/2008,5075.9
23/07/2008,5161.6
24/07/2008,5188.4
25/07/2008,5028.9
28/07/2008,4989.9
29/07/2008,4923.3
30/07/2008,5008.7
31/07/2008,5052.6
1/08/2008,4978
4/08/2008,4957.6
5/08/2008,4882
6/08/2008,5018.1
7/08/2008,5030
8/08/2008,5037.6
11/08/2008,5069.3
12/08/2008,5090.3
13/08/2008,4995.9
14/08/2008,5039
15/08/2008,5038.9
18/08/2008,5043.5
19/08/2008,4930.4
20/08/2008,4997.5
21/08/2008,4949.6
22/08/2008,5010.2
25/08/2008,5090.1
26/08/2008,5082.3
27/08/2008,5087.8
28/08/2008,5143.3
29/08/2008,5215.5
1/09/2008,5200
2/09/2008,5195
3/09/2008,5130.5
4/09/2008,5050.9
5/09/2008,4949.5
8/09/2008,5126.3
9/09/2008,5041.9
10/09/2008,4961.4
11/09/2008,4871.5
12/09/2008,4957.1
15/09/2008,4875
16/09/2008,4799.8
17/09/2008,4769.7
18/09/2008,4651.9
19/09/2008,4840.7
22/09/2008,5050.1
23/09/2008,4957.7
24/09/2008,5008.2
25/09/2008,4960.8
26/09/2008,4934.6
29/09/2008,4839.2
30/09/2008,4631.3
1/10/2008,4814.5
2/10/2008,4774.1
3/10/2008,4702.8
6/10/2008,4544.7
7/10/2008,4597.9
8/10/2008,4369.8
9/10/2008,4291.3
10/10/2008,3939.5
13/10/2008,4141.9
14/10/2008,4311.5
15/10/2008,4272.5
16/10/2008,3988.1
17/10/2008,3944.8
20/10/2008,4098.7
21/10/2008,4251.4
22/10/2008,4120.1
23/10/2008,3939.3
24/10/2008,3831.6
27/10/2008,3768.3
28/10/2008,3755.4
29/10/2008,3805.8
30/10/2008,3957.3
31/10/2008,3982.7
3/11/2008,4173
4/11/2008,4169.8
5/11/2008,4287.3
6/11/2008,4106.5
7/11/2008,4006.6
10/11/2008,4060
11/11/2008,3921.8
12/11/2008,3883.6
13/11/2008,3672.4
14/11/2008,3726
17/11/2008,3639.5
18/11/2008,3513.1
19/11/2008,3483.2
20/11/2008,3332.6
21/11/2008,3386.9
24/11/2008,3388.8
25/11/2008,3575.4
26/11/2008,3479.6
27/11/2008,3528.2
28/11/2008,3672.7
1/12/2008,3619
2/12/2008,3473.4
3/12/2008,3476.5
4/12/2008,3468.1
5/12/2008,3427.2
8/12/2008,3553.8
9/12/2008,3533.7
10/12/2008,3573.3
11/12/2008,3534.2
12/12/2008,3452.5
15/12/2008,3535.7
16/12/2008,3498.9
17/12/2008,3515
18/12/2008,3521.7
19/12/2008,3547.2
22/12/2008,3492.3
23/12/2008,3468.2
24/12/2008,3515
25/12/2008,3515
26/12/2008,3515
29/12/2008,3554.2
30/12/2008,3591.4
31/12/2008,3659.3
1/01/2009,3659.3
2/01/2009,3655.7
5/01/2009,3638.9
6/01/2009,3689.2
7/01/2009,3728.2
8/01/2009,3643.6
9/01/2009,3680.4
12/01/2009,3624
13/01/2009,3593.9
14/01/2009,3624.3
15/01/2009,3476.8
16/01/2009,3494.9
19/01/2009,3531
20/01/2009,3425
21/01/2009,3394.8
22/01/2009,3431.9
23/01/2009,3300.3
26/01/2009,3300.3
27/01/2009,3392.3
28/01/2009,3435.1
29/01/2009,3461.3
30/01/2009,3478.1
2/02/2009,3443.5
3/02/2009,3449.1
4/02/2009,3382.3
5/02/2009,3372.6
6/02/2009,3407.5
9/02/2009,3445.8
10/02/2009,3428.6
11/02/2009,3418.1
12/02/2009,3458.5
13/02/2009,3496.7
16/02/2009,3461.3
17/02/2009,3412.2
18/02/2009,3366.9
19/02/2009,3398
20/02/2009,3353
23/02/2009,3304.1
24/02/2009,3285
25/02/2009,3281.5
26/02/2009,3297.4
27/02/2009,3296.9
2/03/2009,3203.8
3/03/2009,3171.4
4/03/2009,3125.9
5/03/2009,3148.8
6/03/2009,3111.7
9/03/2009,3121.7
10/03/2009,3143.2
11/03/2009,3199.1
12/03/2009,3190.4
13/03/2009,3294.7
16/03/2009,3297.3
17/03/2009,3393.4
18/03/2009,3386.2
19/03/2009,3416.8
20/03/2009,3405
23/03/2009,3483.1
24/03/2009,3517.3
25/03/2009,3546.2
26/03/2009,3586.3
27/03/2009,3615.6
30/03/2009,3554.2
31/03/2009,3532.3
1/04/2009,3527.2
2/04/2009,3622.2
3/04/2009,3674
6/04/2009,3696.4
7/04/2009,3648.5
8/04/2009,3567.5
9/04/2009,3617.5
10/04/2009,3617.5
13/04/2009,3617.5
14/04/2009,3697.9
15/04/2009,3693.9
16/04/2009,3725.6
17/04/2009,3728.1
20/04/2009,3722.6
21/04/2009,3633.1
22/04/2009,3627.2
23/04/2009,3695.8
24/04/2009,3668.2
27/04/2009,3690
28/04/2009,3671.7
29/04/2009,3661.9
30/04/2009,3744.7
1/05/2009,3737.9
4/05/2009,3846
5/05/2009,3862.2
6/05/2009,3840.1
7/05/2009,3912.1
8/05/2009,3919.6
11/05/2009,3910.5
12/05/2009,3863.6
13/05/2009,3842.5
14/05/2009,3710.8
15/05/2009,3758.9
18/05/2009,3721.6
19/05/2009,3800.6
20/05/2009,3808.9
21/05/2009,3804.7
22/05/2009,3755.4
25/05/2009,3735.3
26/05/2009,3781.6
27/05/2009,3795.3
28/05/2009,3753.9
29/05/2009,3813.3
1/06/2009,3887.9
2/06/2009,3948.1
3/06/2009,4009.3
4/06/2009,3932.5
5/06/2009,3969
8/06/2009,3969
9/06/2009,3933.6
10/06/2009,4016.3
11/06/2009,4047.3
12/06/2009,4061.5
15/06/2009,4030.4
16/06/2009,3957.9
17/06/2009,3904.2
18/06/2009,3887.4
19/06/2009,3894.4
22/06/2009,3910.8
23/06/2009,3793
24/06/2009,3802.2
25/06/2009,3851.5
26/06/2009,3899.5
29/06/2009,3882.7
30/06/2009,3947.8
1/07/2009,3872.3
2/07/2009,3875.2
3/07/2009,3826.6
6/07/2009,3784.2
7/07/2009,3767.8
8/07/2009,3766
9/07/2009,3761.4
10/07/2009,3790.6
13/07/2009,3738
14/07/2009,3858.8
15/07/2009,3917.5
16/07/2009,3987.8
17/07/2009,3992.9
20/07/2009,4044.2
21/07/2009,4048.3
22/07/2009,4068.9
23/07/2009,4072.6
24/07/2009,4097.3
27/07/2009,4147.8
28/07/2009,4174
29/07/2009,4148.9
30/07/2009,4195.9
31/07/2009,4249.5
3/08/2009,4270.5
4/08/2009,4313.9
5/08/2009,4272.2
6/08/2009,4331
7/08/2009,4303.1
10/08/2009,4309.2
11/08/2009,4334.4
12/08/2009,4345.9
13/08/2009,4436.7
14/08/2009,4465.1
17/08/2009,4398.1
18/08/2009,4385.9
19/08/2009,4387.5
20/08/2009,4391.4
21/08/2009,4305.7
24/08/2009,4434.2
25/08/2009,4417.5
26/08/2009,4464.4
27/08/2009,4458.1
28/08/2009,4495.9
31/08/2009,4484.1
1/09/2009,4511.3
2/09/2009,4436.6
3/09/2009,4432.9
4/09/2009,4442.7
7/09/2009,4461.1
8/09/2009,4527.8
9/09/2009,4527.1
10/09/2009,4573.5
11/09/2009,4596.3
14/09/2009,4536.1
15/09/2009,4547.2
16/09/2009,4652.8
17/09/2009,4714
18/09/2009,4693.7
21/09/2009,4684.1
22/09/2009,4671.1
23/09/2009,4741
24/09/2009,4707.9
25/09/2009,4714.8
28/09/2009,4676.9
29/09/2009,4747.2
30/09/2009,4739.3
1/10/2009,4702
2/10/2009,4606.1
5/10/2009,4579.3
6/10/2009,4597.2
7/10/2009,4695.9
8/10/2009,4763.3
9/10/2009,4754.5
12/10/2009,4745.5
13/10/2009,4789.8
14/10/2009,4834
15/10/2009,4862.5
16/10/2009,4842.6
19/10/2009,4801.8
20/10/2009,4852.8
21/10/2009,4846.2
22/10/2009,4818.8
23/10/2009,4859.7
26/10/2009,4832.6
27/10/2009,4754.9
28/10/2009,4687.3
29/10/2009,4575.2
30/10/2009,4646.9
2/11/2009,4546.3
3/11/2009,4540
4/11/2009,4547.6
5/11/2009,4519.2
6/11/2009,4604.3
9/11/2009,4686.5
10/11/2009,4744
11/11/2009,4765.9
12/11/2009,4758.2
13/11/2009,4722.6
16/11/2009,4773.8
17/11/2009,4750.2
18/11/2009,4759.6
19/11/2009,4767.8
20/11/2009,4706.7
23/11/2009,4739.2
24/11/2009,4708.2
25/11/2009,4741
26/11/2009,4727.6
27/11/2009,4597.2
30/11/2009,4715.5
1/12/2009,4733.1
2/12/2009,4776.7
3/12/2009,4789.3
4/12/2009,4721.2
7/12/2009,4695.1
8/12/2009,4686.4
9/12/2009,4652.6
10/12/2009,4622.9
11/12/2009,4651.4
14/12/2009,4668.2
15/12/2009,4687.8
16/12/2009,4676.1
17/12/2009,4689.6
18/12/2009,4671.9
21/12/2009,4659.5
22/12/2009,4724.4
23/12/2009,4756.1
24/12/2009,4803.3
25/12/2009,4803.3
28/12/2009,4803.3
29/12/2009,4856.7
30/12/2009,4847
31/12/2009,4882.7
1/01/2010,4882.7
4/01/2010,4889.8
5/01/2010,4939.5
6/01/2010,4946.8
7/01/2010,4930.5
8/01/2010,4942.2
11/01/2010,4981.2
12/01/2010,4931.6
13/01/2010,4900.1
14/01/2010,4929.4
15/01/2010,4929.5
18/01/2010,4936.1
19/01/2010,4889.6
20/01/2010,4895.1
21/01/2010,4849.6
22/01/2010,4771.9
25/01/2010,4743.1
26/01/2010,4743.1
27/01/2010,4670
28/01/2010,4697.7
29/01/2010,4596.9
1/02/2010,4544.8
2/02/2010,4628.8
3/02/2010,4673.2
4/02/2010,4644.1
5/02/2010,4532.5
8/02/2010,4538.8
9/02/2010,4520.7
10/02/2010,4533
11/02/2010,4575.8
12/02/2010,4588.8
15/02/2010,4570.4
16/02/2010,4590.8
17/02/2010,4686.8
18/02/2010,4673.9
19/02/2010,4656.3
22/02/2010,4732.7
23/02/2010,4731
24/02/2010,4665.9
25/02/2010,4614.9
26/02/2010,4651.1
1/03/2010,4694.9
2/03/2010,4709.9
3/03/2010,4743.8
4/03/2010,4757.6
5/03/2010,4773.4
8/03/2010,4819.6
9/03/2010,4829.3
10/03/2010,4829.8
11/03/2010,4825.5
12/03/2010,4831.5
15/03/2010,4799.4
16/03/2010,4809.1
17/03/2010,4866.9
18/03/2010,4877.7
19/03/2010,4890.1
22/03/2010,4847.5
23/03/2010,4887.9
24/03/2010,4903.2
25/03/2010,4896.3
26/03/2010,4905.2
29/03/2010,4907.2
30/03/2010,4926.8
31/03/2010,4893.1
1/04/2010,4925.9
2/04/2010,4925.9
5/04/2010,4925.9
6/04/2010,4974.1
7/04/2010,4983.2
8/04/2010,4960.3
9/04/2010,4972.9
12/04/2010,5011.6
13/04/2010,4978.4
14/04/2010,5017.9
15/04/2010,5024.1
16/04/2010,5007.3
19/04/2010,4939.4
20/04/2010,4949.5
21/04/2010,4980.5
22/04/2010,4936.8
23/04/2010,4913.5
26/04/2010,4913.5
27/04/2010,4913.3
28/04/2010,4854.2
29/04/2010,4816.1
30/04/2010,4833.9
3/05/2010,4807.1
4/05/2010,4753.3
5/05/2010,4692
6/05/2010,4598.6
7/05/2010,4507.4
10/05/2010,4622.2
11/05/2010,4573.2
12/05/2010,4599.7
13/05/2010,4679.5
14/05/2010,4643
17/05/2010,4500.7
18/05/2010,4500
19/05/2010,4414.3
20/05/2010,4342.4
21/05/2010,4325.8
24/05/2010,4412.8
25/05/2010,4286.3
26/05/2010,4330.4
27/05/2010,4399.1
28/05/2010,4479
31/05/2010,4453.6
1/06/2010,4436.7
2/06/2010,4403.7
3/06/2010,4506.2
4/06/2010,4472.4
7/06/2010,4350.7
8/06/2010,4401.2
9/06/2010,4402.6
10/06/2010,4448.4
11/06/2010,4516.5
14/06/2010,4516.5
15/06/2010,4517.6
16/06/2010,4572.1
17/06/2010,4546.9
18/06/2010,4574.1
21/06/2010,4632.7
22/06/2010,4581.3
23/06/2010,4509.4
24/06/2010,4504.1
25/06/2010,4439.4
28/06/2010,4409.7
29/06/2010,4370.6
30/06/2010,4324.8
1/07/2010,4262.7
2/07/2010,4264.9
5/07/2010,4250.6
6/07/2010,4299.7
7/07/2010,4277.8
8/07/2010,4374.1
9/07/2010,4414.5
12/07/2010,4429.5
13/07/2010,4400
14/07/2010,4477.3
15/07/2010,4456.7
16/07/2010,4437
19/07/2010,4372.7
20/07/2010,4418.7
21/07/2010,4428.7
22/07/2010,4394.8
23/07/2010,4475.1
26/07/2010,4504.4
27/07/2010,4513.9
28/07/2010,4542.1
29/07/2010,4536.2
30/07/2010,4507.4
2/08/2010,4554.4
3/08/2010,4586.5
4/08/2010,4559.7
5/08/2010,4584.9
6/08/2010,4586.3
9/08/2010,4615.6
10/08/2010,4563
11/08/2010,4479.6
12/08/2010,4422.4
13/08/2010,4480.9
16/08/2010,4465.4
17/08/2010,4503.2
18/08/2010,4503.9
19/08/2010,4509.6
20/08/2010,4462.1
23/08/2010,4460.5
24/08/2010,4418.4
25/08/2010,4356.6
26/08/2010,4389.4
27/08/2010,4404.1
30/08/2010,4483.1
31/08/2010,4438.8
1/09/2010,4526.8
2/09/2010,4563
3/09/2010,4577.6
6/09/2010,4615.7
7/09/2010,4613
8/09/2010,4578.3
9/09/2010,4621.3
10/09/2010,4600.7
13/09/2010,4654.2
14/09/2010,4669.1
15/09/2010,4702.7
16/09/2010,4650
17/09/2010,4685.1
20/09/2010,4677.1
21/09/2010,4664.9
22/09/2010,4674.7
23/09/2010,4680
24/09/2010,4651.5
27/09/2010,4722.2
28/09/2010,4717
29/09/2010,4694
30/09/2010,4636.9
1/10/2010,4634.7
4/10/2010,4678.4
5/10/2010,4660.6
6/10/2010,4738
7/10/2010,4746.2
8/10/2010,4740.4
11/10/2010,4762.1
12/10/2010,4686.3
13/10/2010,4691.1
14/10/2010,4765.9
15/10/2010,4758.2
18/10/2010,4723.4
19/10/2010,4727.3
20/10/2010,4694.5
21/10/2010,4696.4
22/10/2010,4719.6
25/10/2010,4780.6
26/10/2010,4761.5
27/10/2010,4720.5
28/10/2010,4752.8
29/10/2010,4733.4
1/11/2010,4770.9
2/11/2010,4773.2
3/11/2010,4793.8
4/11/2010,4817.5
5/11/2010,4872.9
8/11/2010,4855.3
9/11/2010,4820.8
10/11/2010,4779.5
11/11/2010,4810.3
12/11/2010,4778.8
15/11/2010,4773.3
16/11/2010,4782.8
17/11/2010,4705.1
18/11/2010,4722.8
19/11/2010,4717.7
22/11/2010,4731.8
23/11/2010,4676.9
24/11/2010,4673.2
25/11/2010,4683.3
26/11/2010,4690.2
29/11/2010,4706.7
30/11/2010,4676.4
1/12/2010,4676.8
2/12/2010,4761.8
3/12/2010,4780.1
6/12/2010,4779.3
7/12/2010,4816
8/12/2010,4791.7
9/12/2010,4827.5
10/12/2010,4830
13/12/2010,4841.2
14/12/2010,4850.9
15/12/2010,4853.4
16/12/2010,4868.8
17/12/2010,4853
20/12/2010,4829.2
21/12/2010,4862.5
22/12/2010,4869.6
23/12/2010,4888.2
24/12/2010,4868.3
27/12/2010,4868.3
28/12/2010,4868.3
29/12/2010,4871.6
30/12/2010,4886.7
31/12/2010,4846.9
3/01/2011,4846.9
4/01/2011,4849.5
5/01/2011,4820.9
6/01/2011,4831.1
7/01/2011,4812
10/01/2011,4818.7
11/01/2011,4814.9
12/01/2011,4831.9
13/01/2011,4901.5
14/01/2011,4908.6
17/01/2011,4872.6
18/01/2011,4911.6
19/01/2011,4944.2
20/01/2011,4892
21/01/2011,4860.9
24/01/2011,4888.1
25/01/2011,4909
26/01/2011,4909
27/01/2011,4907
28/01/2011,4872.5
31/01/2011,4849.9
1/02/2011,4852
2/02/2011,4897.9
3/02/2011,4919.3
4/02/2011,4958.8
7/02/2011,4964.3
8/02/2011,4983.1
9/02/2011,4995.1
10/02/2011,5001.7
11/02/2011,4970.6
14/02/2011,5023.4
15/02/2011,5019.4
16/02/2011,5018.6
17/02/2011,5026
18/02/2011,5026.1
21/02/2011,4990.9
22/02/2011,4947.3
23/02/2011,4935.6
24/02/2011,4901.1
25/02/2011,4924.9
28/02/2011,4923.6
1/03/2011,4920.4
2/03/2011,4898.3
3/03/2011,4902.8
4/03/2011,4958.6
7/03/2011,4895.9
8/03/2011,4902.5
9/03/2011,4863.2
10/03/2011,4791.3
11/03/2011,4734.8
14/03/2011,4710.1
15/03/2011,4609.9
16/03/2011,4644
17/03/2011,4638.4
18/03/2011,4715.8
21/03/2011,4734.1
22/03/2011,4737.7
23/03/2011,4746.5
24/03/2011,4794.2
25/03/2011,4840.3
28/03/2011,4831.9
29/03/2011,4851.2
30/03/2011,4912.7
31/03/2011,4928.6
1/04/2011,4954.6
4/04/2011,4984.7
5/04/2011,4998.6
6/04/2011,5011.4
7/04/2011,5005.5
8/04/2011,5036.5
11/04/2011,5064.9
12/04/2011,4990.2
13/04/2011,4999.6
14/04/2011,4972.4
15/04/2011,4939.3
18/04/2011,4945.4
19/04/2011,4874.3
20/04/2011,4940.2
21/04/2011,4995.7
22/04/2011,4995.7
25/04/2011,4995.7
26/04/2011,4995.7
27/04/2011,4954
28/04/2011,4952.3
29/04/2011,4899
2/05/2011,4896.2
3/05/2011,4854.7
4/05/2011,4813.8
5/05/2011,4828.9
6/05/2011,4816.1
9/05/2011,4831.7
10/05/2011,4803.6
11/05/2011,4858.2
12/05/2011,4776.6
13/05/2011,4787.3
16/05/2011,4724.1
17/05/2011,4753
18/05/2011,4765.3
19/05/2011,4828.2
20/05/2011,4807.7
23/05/2011,4722.9
24/05/2011,4708.3
25/05/2011,4661.6
26/05/2011,4735.1
27/05/2011,4760.3
30/05/2011,4746.1
31/05/2011,4788.9
1/06/2011,4788.6
2/06/2011,4683.2
3/06/2011,4666.6
6/06/2011,4648.7
7/06/2011,4641.1
8/06/2011,4608.7
9/06/2011,4621.7
10/06/2011,4634.9
13/06/2011,4634.9
14/06/2011,4651.1
15/06/2011,4635.4
16/06/2011,4546.7
17/06/2011,4551.1
20/06/2011,4512.5
21/06/2011,4565.2
22/06/2011,4590.8
23/06/2011,4561.4
24/06/2011,4565
27/06/2011,4513.8
28/06/2011,4523.2
29/06/2011,4579.8
30/06/2011,4659.8
1/07/2011,4647.9
4/07/2011,4670.4
5/07/2011,4656.8
6/07/2011,4663.6
7/07/2011,4666.1
8/07/2011,4716
11/07/2011,4646.8
12/07/2011,4563.5
13/07/2011,4583.2
14/07/2011,4561.3
15/07/2011,4542.7
18/07/2011,4539.9
19/07/2011,4539.4
20/07/2011,4618.4
21/07/2011,4626.2
22/07/2011,4674.1
25/07/2011,4603.8
26/07/2011,4646.3
27/07/2011,4612.6
28/07/2011,4539.2
29/07/2011,4500.5
1/08/2011,4573.1
2/08/2011,4510.3
3/08/2011,4408.3
4/08/2011,4352.9
5/08/2011,4169.7
8/08/2011,4056.7
9/08/2011,4096.7
10/08/2011,4207.4
11/08/2011,4203.5
12/08/2011,4237.9
15/08/2011,4346.8
16/08/2011,4317.3
17/08/2011,4371.8
18/08/2011,4319.4
19/08/2011,4171.9
22/08/2011,4150.8
23/08/2011,4239.8
24/08/2011,4235.6
25/08/2011,4280.5
26/08/2011,4271
29/08/2011,4333.7
30/08/2011,4341.4
31/08/2011,4369.8
1/09/2011,4382.7
2/09/2011,4321.5
5/09/2011,4224.2
6/09/2011,4160.7
7/09/2011,4262.9
8/09/2011,4269.8
9/09/2011,4277.4
12/09/2011,4125.1
13/09/2011,4158.4
14/09/2011,4090.4
15/09/2011,4153.2
16/09/2011,4229.9
19/09/2011,4164.1
20/09/2011,4124.8
21/09/2011,4153.6
22/09/2011,4044.7
23/09/2011,3978.5
26/09/2011,3927.6
27/09/2011,4063.5
28/09/2011,4097.7
29/09/2011,4067.9
30/09/2011,4070.1
3/10/2011,3960.7
4/10/2011,3935.6
5/10/2011,3992.5
6/10/2011,4132.1
7/10/2011,4225
10/10/2011,4262.3
11/10/2011,4288.8
12/10/2011,4266.4
13/10/2011,4306
14/10/2011,4269
17/10/2011,4337.9
18/10/2011,4249.5
19/10/2011,4274.8
20/10/2011,4206.8
21/10/2011,4203.4
24/10/2011,4313.6
25/10/2011,4287.7
26/10/2011,4300.8
27/10/2011,4403.9
28/10/2011,4411.4
31/10/2011,4360.5
1/11/2011,4297.2
2/11/2011,4251.3
3/11/2011,4237.5
4/11/2011,4342.5
7/11/2011,4335.3
8/11/2011,4356.7
9/11/2011,4406.2
10/11/2011,4307.3
11/11/2011,4358.6
14/11/2011,4369.1
15/11/2011,4351.5
16/11/2011,4313.8
17/11/2011,4324.1
18/11/2011,4246.7
21/11/2011,4233.6
22/11/2011,4204.2
23/11/2011,4125.8
24/11/2011,4115.3
25/11/2011,4057.6
28/11/2011,4125.8
29/11/2011,4167.3
30/11/2011,4184.7
1/12/2011,4288.1
2/12/2011,4346.3
5/12/2011,4379.5
6/12/2011,4321.6
7/12/2011,4351.3
8/12/2011,4338.9
9/12/2011,4264.1
12/12/2011,4311.4
13/12/2011,4251.7
14/12/2011,4249.8
15/12/2011,4197.8
16/12/2011,4218.8
19/12/2011,4113.9
20/12/2011,4107.1
21/12/2011,4190.2
22/12/2011,4142.2
23/12/2011,4192.1
26/12/2011,4192.1
27/12/2011,4192.1
28/12/2011,4141.6
29/12/2011,4123.1
30/12/2011,4111
2/01/2012,4111
3/01/2012,4155.2
4/01/2012,4239.5
5/01/2012,4196.6
6/01/2012,4164.5
9/01/2012,4161.5
10/01/2012,4206.6
11/01/2012,4242.9
12/01/2012,4238.4
13/01/2012,4255.4
16/01/2012,4208.9
17/01/2012,4277.7
18/01/2012,4280.6
19/01/2012,4278.6
20/01/2012,4303
23/01/2012,4287.6
24/01/2012,4286.4
25/01/2012,4329.1
26/01/2012,4329.1
27/01/2012,4348.5
30/01/2012,4334.4
31/01/2012,4325.7
1/02/2012,4291
2/02/2012,4333.2
3/02/2012,4320.1
6/02/2012,4364.6
7/02/2012,4344.9
8/02/2012,4363.7
9/02/2012,4357.1
10/02/2012,4322.6
13/02/2012,4359.4
14/02/2012,4318.9
15/02/2012,4327.4
16/02/2012,4257.2
17/02/2012,4273.3
20/02/2012,4332.8
21/02/2012,4368.2
22/02/2012,4372.1
23/02/2012,4367.5
24/02/2012,4389
27/02/2012,4354.5
28/02/2012,4351.2
29/02/2012,4388.1
1/03/2012,4346
2/03/2012,4364.1
5/03/2012,4354.2
6/03/2012,4295.5
7/03/2012,4234.4
8/03/2012,4262.1
9/03/2012,4300.5
12/03/2012,4288.2
13/03/2012,4336.5
14/03/2012,4375.6
15/03/2012,4366.9
16/03/2012,4364.7
19/03/2012,4381.2
20/03/2012,4365.6
21/03/2012,4347
22/03/2012,4364.9
23/03/2012,4360.7
26/03/2012,4355.2
27/03/2012,4391.6
28/03/2012,4431.5
29/03/2012,4422
30/03/2012,4420
2/04/2012,4416.4
3/04/2012,4424.4
4/04/2012,4418.9
5/04/2012,4402.3
6/04/2012,4402.3
9/04/2012,4402.3
10/04/2012,4373.7
11/04/2012,4327.3
12/04/2012,4361.7
13/04/2012,4404.2
16/04/2012,4382.5
17/04/2012,4368.8
18/04/2012,4427.2
19/04/2012,4441.3
20/04/2012,4444.4
23/04/2012,4430.3
24/04/2012,4433.9
25/04/2012,4433.9
26/04/2012,4445
27/04/2012,4433.4
30/04/2012,4467.2
1/05/2012,4497.3
2/05/2012,4504.8
3/05/2012,4494.5
4/05/2012,4459.4
7/05/2012,4361.6
8/05/2012,4375.9
9/05/2012,4332.2
10/05/2012,4353.8
11/05/2012,4342.7
14/05/2012,4351.9
15/05/2012,4316.3
16/05/2012,4214.7
17/05/2012,4208.5
18/05/2012,4098.8
21/05/2012,4124.4
22/05/2012,4173.5
23/05/2012,4118.8
24/05/2012,4106.2
25/05/2012,4081.2
28/05/2012,4120.2
29/05/2012,4168.2
30/05/2012,4148.7
31/05/2012,4133.7
1/06/2012,4116.9
4/06/2012,4033.4
5/06/2012,4092.4
6/06/2012,4104.7
7/06/2012,4156.7
8/06/2012,4111.1
11/06/2012,4111.1
12/06/2012,4118.3
13/06/2012,4111.5
14/06/2012,4089.8
15/06/2012,4107
18/06/2012,4183.9
19/06/2012,4167.4
20/06/2012,4176.8
21/06/2012,4133.7
22/06/2012,4093.8
25/06/2012,4072
26/06/2012,4056.3
27/06/2012,4084
28/06/2012,4085.6
29/06/2012,4135.5
2/07/2012,4172.5
3/07/2012,4166.3
4/07/2012,4213.8
5/07/2012,4209.9
6/07/2012,4199
9/07/2012,4159.8
10/07/2012,4137.9
11/07/2012,4135
12/07/2012,4105.9
13/07/2012,4118.3
16/07/2012,4143.2
17/07/2012,4175.3
18/07/2012,4156.4
19/07/2012,4236.4
20/07/2012,4230.6
23/07/2012,4159.2
24/07/2012,4161.2
25/07/2012,4151.4
26/07/2012,4173.8
27/07/2012,4234.4
30/07/2012,4266.9
31/07/2012,4289.4
1/08/2012,4282.7
2/08/2012,4290.1
3/08/2012,4243
6/08/2012,4292.9
7/08/2012,4311.4
8/08/2012,4332.9
9/08/2012,4330.1
10/08/2012,4302.8
13/08/2012,4309.5
14/08/2012,4317.4
15/08/2012,4307
16/08/2012,4353.5
17/08/2012,4393.8
20/08/2012,4391.9
21/08/2012,4410.8
22/08/2012,4403.3
23/08/2012,4411.8
24/08/2012,4376.5
27/08/2012,4372.9
28/08/2012,4386.9
29/08/2012,4381.5
30/08/2012,4340.2
31/08/2012,4339
3/09/2012,4351.6
4/09/2012,4325.5
5/09/2012,4297.7
6/09/2012,4331.6
7/09/2012,4348.8
10/09/2012,4358
11/09/2012,4348.3
12/09/2012,4383.1
13/09/2012,4359.8
14/09/2012,4410.2
17/09/2012,4421.8
18/09/2012,4417.8
19/09/2012,4440.4
20/09/2012,4419.8
21/09/2012,4430.8
24/09/2012,4409.2
25/09/2012,4395.5
26/09/2012,4382.5
27/09/2012,4402.8
28/09/2012,4406.3
1/10/2012,4408.3
2/10/2012,4451.9
3/10/2012,4458.8
4/10/2012,4472.6
5/10/2012,4513.8
8/10/2012,4502
9/10/2012,4526.6
10/10/2012,4511.9
11/10/2012,4505.2
12/10/2012,4510.1
15/10/2012,4505.5
16/10/2012,4513.9
17/10/2012,4550.9
18/10/2012,4580.9
19/10/2012,4593.5
22/10/2012,4564.6
23/10/2012,4568
24/10/2012,4530.6
25/10/2012,4533.5
26/10/2012,4496.3
29/10/2012,4499.4
30/10/2012,4505.7
31/10/2012,4535.4
1/11/2012,4479.9
2/11/2012,4483.3
5/11/2012,4493.6
6/11/2012,4503.7
7/11/2012,4534.2
8/11/2012,4502.2
9/11/2012,4482.5
12/11/2012,4469.9
13/11/2012,4404.2
14/11/2012,4410.7
15/11/2012,4370.6
16/11/2012,4360.1
19/11/2012,4382.6
20/11/2012,4407.5
21/11/2012,4390.7
22/11/2012,4432.4
23/11/2012,4431.5
26/11/2012,4443.5
27/11/2012,4473.4
28/11/2012,4462.6
29/11/2012,4490.1
30/11/2012,4518
3/12/2012,4540
4/12/2012,4511.8
5/12/2012,4528
6/12/2012,4515.7
7/12/2012,4555.8
10/12/2012,4562.4
11/12/2012,4581.3
12/12/2012,4591.8
13/12/2012,4592.9
14/12/2012,4595.1
17/12/2012,4588
18/12/2012,4610.5
19/12/2012,4633.2
20/12/2012,4646.6
21/12/2012,4635.2
24/12/2012,4645.6
25/12/2012,4645.6
26/12/2012,4645.6
27/12/2012,4661.4
28/12/2012,4685.3
31/12/2012,4664.6
1/01/2013,4664.6
2/01/2013,4722.9
3/01/2013,4761.4
4/01/2013,4742.9
7/01/2013,4738.1
8/01/2013,4712.3
9/01/2013,4730.1
10/01/2013,4745.1
11/01/2013,4733.8
14/01/2013,4745.7
15/01/2013,4743
16/01/2013,4765
17/01/2013,4779.7
18/01/2013,4794.7
21/01/2013,4802.2
22/01/2013,4802.9
23/01/2013,4812.1
24/01/2013,4833.8
25/01/2013,4858.9
28/01/2013,4858.9
29/01/2013,4910.8
30/01/2013,4919.1
31/01/2013,4901
1/02/2013,4941.9
4/02/2013,4929.1
5/02/2013,4902.6
6/02/2013,4940.5
7/02/2013,4955.8
8/02/2013,4989.4
11/02/2013,4980.3
12/02/2013,4981.5
13/02/2013,5024.5
14/02/2013,5057.2
15/02/2013,5054.6
18/02/2013,5082.9
19/02/2013,5101
20/02/2013,5114.4
21/02/2013,4998.6
22/02/2013,5036.7
25/02/2013,5072.7
26/02/2013,5021.8
27/02/2013,5053.1
28/02/2013,5120.4
1/03/2013,5100.9
4/03/2013,5028.5
5/03/2013,5088.1
6/03/2013,5130.9
7/03/2013,5123.1
8/03/2013,5137.4
11/03/2013,5160
12/03/2013,5128.6
13/03/2013,5104.4
14/03/2013,5043.8
15/03/2013,5129.3
18/03/2013,5027.4
19/03/2013,5004.4
20/03/2013,4982.6
21/03/2013,4976.8
22/03/2013,4980.8
25/03/2013,5001.5
26/03/2013,4964.7
27/03/2013,5007
28/03/2013,4979.9
29/03/2013,4979.9
1/04/2013,4979.9
2/04/2013,4995.5
3/04/2013,4966.4
4/04/2013,4919.3
5/04/2013,4899.2
8/04/2013,4912.7
9/04/2013,4980.2
10/04/2013,4973.7
11/04/2013,5010.3
12/04/2013,5016
15/04/2013,4966.8
16/04/2013,4944.1
17/04/2013,4993.6
18/04/2013,4911.3
19/04/2013,4923
22/04/2013,4955.4
23/04/2013,5002.6
24/04/2013,5084.2
25/04/2013,5084.2
26/04/2013,5082.7
29/04/2013,5108.3
30/04/2013,5168.6
1/05/2013,5143.9
2/05/2013,5104.1
3/05/2013,5105.4
6/05/2013,5133.8
7/05/2013,5122.7
8/05/2013,5177.9
9/05/2013,5180.6
10/05/2013,5191.1
13/05/2013,5194.8
14/05/2013,5202.5
15/05/2013,5173.3
16/05/2013,5144.1
17/05/2013,5159.8
20/05/2013,5185.4
21/05/2013,5156.2
22/05/2013,5142.1
23/05/2013,5040.8
24/05/2013,4964.3
27/05/2013,4938.6
28/05/2013,4950.6
29/05/2013,4959.2
30/05/2013,4917.1
31/05/2013,4914
3/06/2013,4873.7
4/06/2013,4886.7
5/06/2013,4825.2
6/06/2013,4771.8
7/06/2013,4729.3
10/06/2013,4729.3
11/06/2013,4748.9
12/06/2013,4716.1
13/06/2013,4684.9
14/06/2013,4775.5
17/06/2013,4805
18/06/2013,4794.6
19/06/2013,4841.8
20/06/2013,4743.9
21/06/2013,4723.8
24/06/2013,4651.1
25/06/2013,4633.5
26/06/2013,4707.8
27/06/2013,4784.8
28/06/2013,4775.4
1/07/2013,4689.7
2/07/2013,4810.3
3/07/2013,4727.8
4/07/2013,4781
5/07/2013,4826.4
8/07/2013,4797.6
9/07/2013,4866.5
10/07/2013,4885.4
11/07/2013,4946.9
12/07/2013,4957.5
15/07/2013,4965.6
16/07/2013,4968.6
17/07/2013,4966.5
18/07/2013,4976.9
19/07/2013,4959.4
22/07/2013,4988.9
23/07/2013,5004.6
24/07/2013,5021.8
25/07/2013,5018.3
26/07/2013,5023.8
29/07/2013,5027.9
30/07/2013,5026.3
31/07/2013,5035.7
1/08/2013,5047.1
2/08/2013,5098.7
5/08/2013,5093.8
6/08/2013,5088
7/08/2013,4996.6
8/08/2013,5047.1
9/08/2013,5038.8
12/08/2013,5094.1
13/08/2013,5141.6
14/08/2013,5141
15/08/2013,5136.7
16/08/2013,5100.1
19/08/2013,5102.3
20/08/2013,5068.8
21/08/2013,5090.3
22/08/2013,5066.7
23/08/2013,5115.2
26/08/2013,5127.1
27/08/2013,5130.8
28/08/2013,5077.9
29/08/2013,5083.1
30/08/2013,5125.3
2/09/2013,5178
3/09/2013,5188.9
4/09/2013,5156.5
5/09/2013,5138.4
6/09/2013,5144
9/09/2013,5179.4
10/09/2013,5198.9
11/09/2013,5230.6
12/09/2013,5238.2
13/09/2013,5214.7
16/09/2013,5241.7
17/09/2013,5245.2
18/09/2013,5230.4
19/09/2013,5288.6
20/09/2013,5270.8
23/09/2013,5245.8
24/09/2013,5229.5
25/09/2013,5270.1
26/09/2013,5288.2
27/09/2013,5302.3
30/09/2013,5217.7
1/10/2013,5206.3
2/10/2013,5214.9
3/10/2013,5232
4/10/2013,5205.9
7/10/2013,5160.6
8/10/2013,5148.1
9/10/2013,5151.5
10/10/2013,5146.2
11/10/2013,5228.8
14/10/2013,5206.5
15/10/2013,5259.2
16/10/2013,5264.4
17/10/2013,5281.9
18/10/2013,5321
21/10/2013,5351.5
22/10/2013,5371.2
23/10/2013,5356.8
24/10/2013,5373.7
25/10/2013,5385.7
28/10/2013,5437.3
29/10/2013,5410.7
30/10/2013,5425.4
31/10/2013,5420.3
1/11/2013,5406.5
4/11/2013,5384.2
5/11/2013,5425.7
6/11/2013,5426
7/11/2013,5415.4
8/11/2013,5394.4
11/11/2013,5380.8
12/11/2013,5386.8
13/11/2013,5317.5
14/11/2013,5352
15/11/2013,5396.2
18/11/2013,5377.9
19/11/2013,5347.8
20/11/2013,5304.6
21/11/2013,5284.3
22/11/2013,5330.3
25/11/2013,5346.1
26/11/2013,5350.6
27/11/2013,5324.9
28/11/2013,5326.6
29/11/2013,5314.3
2/12/2013,5273.5
3/12/2013,5249.6
4/12/2013,5267.5
5/12/2013,5196.9
6/12/2013,5186
9/12/2013,5148.4
10/12/2013,5146.2
11/12/2013,5109.5
12/12/2013,5069.2
13/12/2013,5101.5
16/12/2013,5093.1
17/12/2013,5106.1
18/12/2013,5099.3
19/12/2013,5202
20/12/2013,5261.5
23/12/2013,5291.5
24/12/2013,5325.4
25/12/2013,5325.4
26/12/2013,5325.4
27/12/2013,5323.8
30/12/2013,5358
31/12/2013,5353.1
1/01/2014,5353.1
2/01/2014,5369.8
3/01/2014,5351.8
6/01/2014,5327.7
7/01/2014,5318.8
8/01/2014,5318.7
9/01/2014,5327.5
10/01/2014,5316.3
13/01/2014,5296.8
14/01/2014,5219.8
15/01/2014,5255.5
16/01/2014,5319.4
17/01/2014,5316.4
20/01/2014,5307.6
21/01/2014,5342
22/01/2014,5331.3
23/01/2014,5275.5
24/01/2014,5254.3
27/01/2014,5254.3
28/01/2014,5188
29/01/2014,5240.6
30/01/2014,5199.4
31/01/2014,5205.1
3/02/2014,5201.9
4/02/2014,5114.1
5/02/2014,5088.7
6/02/2014,5147.4
7/02/2014,5184.5
10/02/2014,5236.5
11/02/2014,5267.3
12/02/2014,5319.8
13/02/2014,5318.7
14/02/2014,5366.9
17/02/2014,5394.8
18/02/2014,5402.2
19/02/2014,5415.5
20/02/2014,5421.3
21/02/2014,5449.4
24/02/2014,5450.1
25/02/2014,5444
26/02/2014,5447
27/02/2014,5421
28/02/2014,5415.4
3/03/2014,5397.4
4/03/2014,5411.7
5/03/2014,5457.3
6/03/2014,5459.7
7/03/2014,5477
10/03/2014,5430.8
11/03/2014,5429.3
12/03/2014,5400.5
13/03/2014,5429.1
14/03/2014,5347.1
17/03/2014,5335.2
18/03/2014,5360.2
19/03/2014,5372.9
20/03/2014,5312.7
21/03/2014,5354
24/03/2014,5362.1
25/03/2014,5350.9
26/03/2014,5387.2
27/03/2014,5359.7
28/03/2014,5376.8
31/03/2014,5403
1/04/2014,5394.9
2/04/2014,5408.8
3/04/2014,5415.7
4/04/2014,5428.6
7/04/2014,5416.1
8/04/2014,5409.2
9/04/2014,5460.3
10/04/2014,5477.5
11/04/2014,5423.5
14/04/2014,5353.6
15/04/2014,5380.3
16/04/2014,5412.6
17/04/2014,5444.8
18/04/2014,5444.8
21/04/2014,5444.8
22/04/2014,5467.1
23/04/2014,5502.2
24/04/2014,5515.5
25/04/2014,5515.5
28/04/2014,5516.1
29/04/2014,5466.9
30/04/2014,5470.8
1/05/2014,5430.4
2/05/2014,5438.8
5/05/2014,5443.4
6/05/2014,5462.7
7/05/2014,5419.1
8/05/2014,5455.9
9/05/2014,5442
12/05/2014,5428.9
13/05/2014,5475.4
14/05/2014,5475.9
15/05/2014,5490.2
16/05/2014,5458.9
19/05/2014,5390.3
20/05/2014,5401.7
21/05/2014,5403.9
22/05/2014,5458.1
23/05/2014,5470.3
26/05/2014,5490.4
27/05/2014,5490.8
28/05/2014,5506.7
29/05/2014,5499.2
30/05/2014,5473.8
2/06/2014,5499.2
3/06/2014,5460.5
4/06/2014,5426.8
5/06/2014,5419.7
6/06/2014,5443.5
9/06/2014,5443.5
10/06/2014,5448.5
11/06/2014,5432.5
12/06/2014,5407.9
13/06/2014,5383.7
16/06/2014,5390.6
17/06/2014,5380.7
18/06/2014,5363.9
19/06/2014,5446.4
20/06/2014,5401.6
23/06/2014,5432.7
24/06/2014,5415.1
25/06/2014,5386.8
26/06/2014,5446.8
27/06/2014,5429.1
30/06/2014,5382
1/07/2014,5366.5
2/07/2014,5441.7
3/07/2014,5479.5
4/07/2014,5511.8
7/07/2014,5506.3
8/07/2014,5498.5
9/07/2014,5442.2
10/07/2014,5454.3
11/07/2014,5474.6
14/07/2014,5495.8
15/07/2014,5495.7
16/07/2014,5504.5
17/07/2014,5509.9
18/07/2014,5519.2
21/07/2014,5528.7
22/07/2014,5534
23/07/2014,5567
24/07/2014,5576.8
25/07/2014,5574.2
28/07/2014,5569.8
29/07/2014,5580.6
30/07/2014,5615.1
31/07/2014,5623.1
1/08/2014,5547.6
4/08/2014,5533.3
5/08/2014,5511.5
6/08/2014,5504
7/08/2014,5500.7
8/08/2014,5429.6
11/08/2014,5449.4
12/08/2014,5523.1
13/08/2014,5507.9
14/08/2014,5542.9
15/08/2014,5559.6
18/08/2014,5580.6
19/08/2014,5618.4
20/08/2014,5629.2
21/08/2014,5634
22/08/2014,5640.5
25/08/2014,5632.8
26/08/2014,5634.5
27/08/2014,5648.9
28/08/2014,5621.3
29/08/2014,5624.6
1/09/2014,5629.3
2/09/2014,5656.9
3/09/2014,5654.6
4/09/2014,5632.1
5/09/2014,5598.9
8/09/2014,5578.9
9/09/2014,5608.2
10/09/2014,5574.4
11/09/2014,5546.9
12/09/2014,5532.3
15/09/2014,5475.4
16/09/2014,5446.2
17/09/2014,5411.4
18/09/2014,5419
19/09/2014,5437.3
22/09/2014,5368.2
23/09/2014,5415.9
24/09/2014,5375.9
25/09/2014,5382.4
26/09/2014,5316.6
29/09/2014,5269.6
30/09/2014,5296.8
1/10/2014,5334.5
2/10/2014,5298.5
3/10/2014,5315.4
6/10/2014,5292.6
7/10/2014,5284.8
8/10/2014,5241.6
9/10/2014,5293.3
10/10/2014,5185.7
13/10/2014,5153.1
14/10/2014,5204
15/10/2014,5238
16/10/2014,5244.3
17/10/2014,5260.1
20/10/2014,5307.3
21/10/2014,5312.5
22/10/2014,5373.3
23/10/2014,5369.9
24/10/2014,5399.3
27/10/2014,5441.9
28/10/2014,5434
29/10/2014,5431.1
30/10/2014,5457.1
31/10/2014,5505
3/11/2014,5485
4/11/2014,5498.2
5/11/2014,5492.8
6/11/2014,5479.2
7/11/2014,5522.1
10/11/2014,5501.4
11/11/2014,5494
12/11/2014,5443
13/11/2014,5423.5
14/11/2014,5433.8
17/11/2014,5396.6
18/11/2014,5383.1
19/11/2014,5352.5
20/11/2014,5302.4
21/11/2014,5292.1
24/11/2014,5349
25/11/2014,5320.9
26/11/2014,5380.3
27/11/2014,5381.4
28/11/2014,5298.1
1/12/2014,5190.7
2/12/2014,5260
3/12/2014,5301.2
4/12/2014,5345.4
5/12/2014,5313.6
8/12/2014,5348.9
9/12/2014,5258.3
10/12/2014,5237.1
11/12/2014,5207.4
12/12/2014,5196.8
15/12/2014,5164.6
16/12/2014,5131
17/12/2014,5140.6
18/12/2014,5189.7
19/12/2014,5312.7
22/12/2014,5414.1
23/12/2014,5356.4
24/12/2014,5369.5
25/12/2014,5369.5
26/12/2014,5369.5
29/12/2014,5446.9
30/12/2014,5392.3
31/12/2014,5388.6
1/01/2015,5388.6
2/01/2015,5415
5/01/2015,5429.5
6/01/2015,5346.2
7/01/2015,5334.5
8/01/2015,5359.4
9/01/2015,5440.1
12/01/2015,5399.5
13/01/2015,5382.1
14/01/2015,5332.2
15/01/2015,5310.6
16/01/2015,5278.8
19/01/2015,5289
20/01/2015,5286.8
21/01/2015,5367.4
22/01/2015,5390.5
23/01/2015,5468.2
26/01/2015,5468.2
27/01/2015,5511.5
28/01/2015,5516.6
29/01/2015,5532.2
30/01/2015,5551.6
2/02/2015,5586.5
3/02/2015,5666.2
4/02/2015,5733.7
5/02/2015,5765.5
6/02/2015,5774.7
9/02/2015,5770.1
10/02/2015,5757.4
11/02/2015,5731.7
12/02/2015,5707.7
13/02/2015,5835.5
16/02/2015,5849.5
17/02/2015,5822.3
18/02/2015,5877.9
19/02/2015,5869.8
20/02/2015,5845.6
23/02/2015,5872.4
24/02/2015,5890
25/02/2015,5908.6
26/02/2015,5877.9
27/02/2015,5898.5
2/03/2015,5926.3
3/03/2015,5902.9
4/03/2015,5871.5
5/03/2015,5873.7
6/03/2015,5868.6
9/03/2015,5793
10/03/2015,5794.3
11/03/2015,5763.3
12/03/2015,5816
13/03/2015,5788
16/03/2015,5769.7
17/03/2015,5810.9
18/03/2015,5808
19/03/2015,5912.5
20/03/2015,5936.3
23/03/2015,5921
24/03/2015,5934.5
25/03/2015,5937.1
26/03/2015,5849.7
27/03/2015,5888.9
30/03/2015,5816.3
31/03/2015,5861.9
1/04/2015,5832.9
2/04/2015,5869.7
3/04/2015,5869.7
6/04/2015,5869.7
7/04/2015,5893.2
8/04/2015,5928.3
9/04/2015,5901.5
10/04/2015,5935.4
13/04/2015,5928.1
14/04/2015,5916.2
15/04/2015,5877.3
16/04/2015,5917.6
17/04/2015,5851.5
20/04/2015,5806.8
21/04/2015,5844
22/04/2015,5812.8
23/04/2015,5820.3
24/04/2015,5906.8
27/04/2015,5954.8
28/04/2015,5921.5
29/04/2015,5818.2
30/04/2015,5773.7
1/05/2015,5798.8
4/05/2015,5815.9
5/05/2015,5816.2
6/05/2015,5690.9
7/05/2015,5644.8
8/05/2015,5635.4
11/05/2015,5627.6
12/05/2015,5673.1
13/05/2015,5710.8
14/05/2015,5692.5
15/05/2015,5730
18/05/2015,5660
19/05/2015,5619.4
20/05/2015,5614
21/05/2015,5663.6
22/05/2015,5668.2
25/05/2015,5719.9
26/05/2015,5770.4
27/05/2015,5724.2
28/05/2015,5714.6
29/05/2015,5774.9
1/06/2015,5734
2/06/2015,5639.9
3/06/2015,5588.3
4/06/2015,5511.3
5/06/2015,5506.5
8/06/2015,5506.5
9/06/2015,5479.7
10/06/2015,5486
11/06/2015,5562.6
12/06/2015,5552.1
15/06/2015,5541.5
16/06/2015,5535.2
17/06/2015,5590.3
18/06/2015,5522.7
19/06/2015,5591.5
22/06/2015,5603.1
23/06/2015,5671.4
24/06/2015,5672.7
25/06/2015,5619.9
26/06/2015,5536.1
29/06/2015,5416.6
30/06/2015,5451.2
1/07/2015,5506
2/07/2015,5587.9
3/07/2015,5528
6/07/2015,5463.3
7/07/2015,5564
8/07/2015,5456.5
9/07/2015,5456.3
10/07/2015,5478.1
13/07/2015,5460.4
14/07/2015,5561.9
15/07/2015,5619
16/07/2015,5649.8
17/07/2015,5652.5
20/07/2015,5669
21/07/2015,5688.5
22/07/2015,5603.5
23/07/2015,5581.3
24/07/2015,5556.8
27/07/2015,5579.2
28/07/2015,5571
29/07/2015,5609.6
30/07/2015,5653.1
31/07/2015,5681.7
3/08/2015,5664.3
4/08/2015,5681.9
5/08/2015,5659.5
6/08/2015,5600.1
7/08/2015,5472.3
10/08/2015,5504.9
11/08/2015,5473.1
12/08/2015,5383.5
13/08/2015,5389
14/08/2015,5360
17/08/2015,5368.6
18/08/2015,5309.4
19/08/2015,5379.8
20/08/2015,5295.5
21/08/2015,5224.8
24/08/2015,5014.2
25/08/2015,5143.8
26/08/2015,5178.9
27/08/2015,5242.6
28/08/2015,5274.7
31/08/2015,5222.1
1/09/2015,5117.1
2/09/2015,5119.4
3/09/2015,5048.7
4/09/2015,5060.8
7/09/2015,5051
8/09/2015,5133.4
9/09/2015,5236.9
10/09/2015,5117
11/09/2015,5096.3
14/09/2015,5120.5
15/09/2015,5046.6
16/09/2015,5123.6
17/09/2015,5171.1
18/09/2015,5194.3
21/09/2015,5096.4
22/09/2015,5130.8
23/09/2015,5032.5
24/09/2015,5102.3
25/09/2015,5076.7
28/09/2015,5145.1
29/09/2015,4958.1
30/09/2015,5058.6
1/10/2015,5144.1
2/10/2015,5089.2
5/10/2015,5184.1
6/10/2015,5199
7/10/2015,5228.4
8/10/2015,5241.4
9/10/2015,5309.2
12/10/2015,5267.4
13/10/2015,5234.6
14/10/2015,5230.4
15/10/2015,5265.6
16/10/2015,5303.7
19/10/2015,5304.6
20/10/2015,5271.6
21/10/2015,5286.5
22/10/2015,5299.6
23/10/2015,5388.1
26/10/2015,5386.3
27/10/2015,5384.6
28/10/2015,5374.4
29/10/2015,5310.2
30/10/2015,5288.6
2/11/2015,5221.3
3/11/2015,5291.2
4/11/2015,5294.8
5/11/2015,5247.9
6/11/2015,5269.7
9/11/2015,5180.3
10/11/2015,5157.7
11/11/2015,5181.1
12/11/2015,5182.2
13/11/2015,5111.8
16/11/2015,5064.5
17/11/2015,5174.3
18/11/2015,5189.1
19/11/2015,5293.3
20/11/2015,5305.4
23/11/2015,5326.5
24/11/2015,5277
25/11/2015,5245.1
26/11/2015,5259.7
27/11/2015,5251.4
30/11/2015,5218.2
1/12/2015,5312.6
2/12/2015,5304.7
3/12/2015,5276.7
4/12/2015,5201.5
7/12/2015,5205.9
8/12/2015,5158
9/12/2015,5129.9
10/12/2015,5087.5
11/12/2015,5078.6
14/12/2015,4981.9
15/12/2015,4963.9
16/12/2015,5078.7
17/12/2015,5150.6
18/12/2015,5156.5
21/12/2015,5157.8
22/12/2015,5167.7
23/12/2015,5193.5
24/12/2015,5256.1
25/12/2015,5256.1
28/12/2015,5256.1
29/12/2015,5315.6
30/12/2015,5366.4
31/12/2015,5344.6
1/01/2016,5344.6
4/01/2016,5322.8
5/01/2016,5239.2
6/01/2016,5178
7/01/2016,5068.8
8/01/2016,5049.4
11/01/2016,4990.7
12/01/2016,4982.2
13/01/2016,5041.6
14/01/2016,4964.1
15/01/2016,4948.5
18/01/2016,4911.8
19/01/2016,4955.1
20/01/2016,4896.9
21/01/2016,4917.6
22/01/2016,4969.6
25/01/2016,5057.1
26/01/2016,5057.1
27/01/2016,5000.8
28/01/2016,5028.1
29/01/2016,5056.6
1/02/2016,5094.3
2/02/2016,5043.9
3/02/2016,4930.8
4/02/2016,5029.3
5/02/2016,5025.6
8/02/2016,5022.1
9/02/2016,4882.6
10/02/2016,4826.5
11/02/2016,4870.9
12/02/2016,4816.6
15/02/2016,4893.4
16/02/2016,4961.6
17/02/2016,4938.4
18/02/2016,5047.1
19/02/2016,5008.3
22/02/2016,5056.6
23/02/2016,5039.1
24/02/2016,4943.3
25/02/2016,4944.7
26/02/2016,4945.1
29/02/2016,4947.9
1/03/2016,4989.6
2/03/2016,5083.4
3/03/2016,5142.2
4/03/2016,5151.1
7/03/2016,5204.7
8/03/2016,5169.5
9/03/2016,5215.7
10/03/2016,5210.9
11/03/2016,5224.8
14/03/2016,5242.4
15/03/2016,5168.6
16/03/2016,5175.7
17/03/2016,5226.4
18/03/2016,5239.3
21/03/2016,5224.9
22/03/2016,5230.8
23/03/2016,5204.3
24/03/2016,5151.6
25/03/2016,5151.6
28/03/2016,5151.6
29/03/2016,5076.2
30/03/2016,5081.5
31/03/2016,5151.8
1/04/2016,5073.8
4/04/2016,5070.1
5/04/2016,5000.4
6/04/2016,5024.6
7/04/2016,5042.3
8/04/2016,5018
11/04/2016,5013.2
12/04/2016,5053.7
13/04/2016,5127.2
14/04/2016,5187.7
15/04/2016,5224.1
18/04/2016,5204.9
19/04/2016,5254.7
20/04/2016,5281.2
21/04/2016,5336.4
22/04/2016,5299.2
25/04/2016,5299.2
26/04/2016,5283.6
27/04/2016,5250.9
28/04/2016,5289.4
29/04/2016,5316
2/05/2016,5312
3/05/2016,5415
4/05/2016,5335.6
5/05/2016,5344.5
6/05/2016,5358.6
9/05/2016,5387.8
10/05/2016,5403.9
11/05/2016,5434.8
12/05/2016,5423.4
13/05/2016,5396.3
16/05/2016,5420.3
17/05/2016,5458.5
18/05/2016,5420.5
19/05/2016,5385.6
20/05/2016,5415.2
23/05/2016,5384.9
24/05/2016,5361.9
25/05/2016,5436.8
26/05/2016,5451.9
27/05/2016,5469.7
30/05/2016,5473.6
31/05/2016,5447.8
1/06/2016,5395.2
2/06/2016,5354.2
3/06/2016,5392.5
6/06/2016,5431
7/06/2016,5441
8/06/2016,5441.1
9/06/2016,5437.4
10/06/2016,5391.6
13/06/2016,5391.6
14/06/2016,5282.5
15/06/2016,5230.4
16/06/2016,5231.7
17/06/2016,5248.3
20/06/2016,5335.6
21/06/2016,5353.3
22/06/2016,5349.5
23/06/2016,5358.6
24/06/2016,5192.8
27/06/2016,5216.2
28/06/2016,5179.6
29/06/2016,5221
30/06/2016,5310.4
1/07/2016,5327
4/07/2016,5365.2
5/07/2016,5312.8
6/07/2016,5284.7
7/07/2016,5311
8/07/2016,5315.6
11/07/2016,5417.5
12/07/2016,5433.2
13/07/2016,5470.3
14/07/2016,5491.8
15/07/2016,5510.1
18/07/2016,5538.9
19/07/2016,5533.9
20/07/2016,5565.9
21/07/2016,5588.7
22/07/2016,5574.3
25/07/2016,5607.5
26/07/2016,5612.6
27/07/2016,5615
28/07/2016,5636.7
29/07/2016,5644
1/08/2016,5670.1
2/08/2016,5622.1
3/08/2016,5551.3
4/08/2016,5563.4
5/08/2016,5585.6
8/08/2016,5625.7
9/08/2016,5636.7
10/08/2016,5628.2
11/08/2016,5599.4
12/08/2016,5626.3
15/08/2016,5633.8
16/08/2016,5625.7
17/08/2016,5628.1
18/08/2016,5607.3
19/08/2016,5625.4
22/08/2016,5612.3
23/08/2016,5647.1
24/08/2016,5653.6
25/08/2016,5631.4
26/08/2016,5607.4
29/08/2016,5561.5
30/08/2016,5573.5
31/08/2016,5529.4
1/09/2016,5511.2
2/09/2016,5470.6
5/09/2016,5524.4
6/09/2016,5510.4
7/09/2016,5521.1
8/09/2016,5484.6
9/09/2016,5440.4
12/09/2016,5319.1
13/09/2016,5310
14/09/2016,5326.6
15/09/2016,5337.1
16/09/2016,5396.7
19/09/2016,5393.7
20/09/2016,5397.3
21/09/2016,5429.4
22/09/2016,5466.3
23/09/2016,5518.6
26/09/2016,5519.1
27/09/2016,5493.7
28/09/2016,5500.2
29/09/2016,5558.2
30/09/2016,5525.1
3/10/2016,5564.8
4/10/2016,5569.9
5/10/2016,5537
6/10/2016,5564.8
7/10/2016,5548.5
10/10/2016,5555.4
11/10/2016,5562.2
12/10/2016,5555.2
13/10/2016,5518.3
14/10/2016,5518.5
17/10/2016,5470.9
18/10/2016,5492
19/10/2016,5518.4
20/10/2016,5526.2
21/10/2016,5513.9
24/10/2016,5489.1
25/10/2016,5523.3
26/10/2016,5442.1
27/10/2016,5378.4
28/10/2016,5370.9
31/10/2016,5402.4
1/11/2016,5375.2
2/11/2016,5311
3/11/2016,5306.6
4/11/2016,5263.1
7/11/2016,5330.9
8/11/2016,5342.2
9/11/2016,5238.3
10/11/2016,5408.9
11/11/2016,5446.6
14/11/2016,5420.3
15/11/2016,5399.8
16/11/2016,5399.6
17/11/2016,5408.9
18/11/2016,5427.5
21/11/2016,5419.3
22/11/2016,5480.6
23/11/2016,5549.9
24/11/2016,5549
25/11/2016,5570.5
28/11/2016,5532.6
29/11/2016,5520.5
30/11/2016,5502.4
1/12/2016,5560.4
2/12/2016,5502.6
5/12/2016,5458
6/12/2016,5486.6
7/12/2016,5535.4
8/12/2016,5599
9/12/2016,5615.8
12/12/2016,5619.1
13/12/2016,5600.7
14/12/2016,5639.7
15/12/2016,5595
16/12/2016,5589.7
19/12/2016,5612.8
20/12/2016,5640
21/12/2016,5662
22/12/2016,5691.8
23/12/2016,5675.1
26/12/2016,5675.1
27/12/2016,5675.1
28/12/2016,5732.4
29/12/2016,5746.7
30/12/2016,5719.1
2/01/2017,5719.1
3/01/2017,5784.6
4/01/2017,5788.2
5/01/2017,5805.1
6/01/2017,5809
9/01/2017,5857.7
10/01/2017,5813
11/01/2017,5823.7
12/01/2017,5821.6
13/01/2017,5776.8
16/01/2017,5803
17/01/2017,5754.7
18/01/2017,5733.7
19/01/2017,5745.4
20/01/2017,5709.7
23/01/2017,5668
24/01/2017,5706.3
25/01/2017,5726
26/01/2017,5726
27/01/2017,5765.6
30/01/2017,5714.3
31/01/2017,5675
1/02/2017,5704
2/02/2017,5696.4
3/02/2017,5672.5
6/02/2017,5665.4
7/02/2017,5672.6
8/02/2017,5703.4
9/02/2017,5717.7
10/02/2017,5771.6
13/02/2017,5812.9
14/02/2017,5810.9
15/02/2017,5859.1
16/02/2017,5863
17/02/2017,5851
20/02/2017,5840.5
21/02/2017,5835.4
22/02/2017,5850.1
23/02/2017,5832.5
24/02/2017,5786.9
27/02/2017,5773.8
28/02/2017,5761
1/03/2017,5750.9
2/03/2017,5820.7
3/03/2017,5775.4
6/03/2017,5788.5
7/03/2017,5801.9
8/03/2017,5799.5
9/03/2017,5780.5
10/03/2017,5811.2
13/03/2017,5794.6
14/03/2017,5798.1
15/03/2017,5813.7
16/03/2017,5827.5
17/03/2017,5840.8
20/03/2017,5820.5
21/03/2017,5819.5
22/03/2017,5732
23/03/2017,5754
24/03/2017,5796.1
27/03/2017,5789.2
28/03/2017,5860.4
29/03/2017,5910.7
30/03/2017,5931.8
31/03/2017,5903.8
3/04/2017,5909.7
4/04/2017,5895.8
5/04/2017,5915.9
6/04/2017,5897.3
7/04/2017,5902.6
10/04/2017,5948.9
11/04/2017,5964.6
12/04/2017,5968.9
13/04/2017,5925.9
14/04/2017,5925.9
17/04/2017,5925.9
18/04/2017,5868.7
19/04/2017,5839.9
20/04/2017,5854.4
21/04/2017,5885.6
24/04/2017,5900.7
25/04/2017,5900.7
26/04/2017,5936.8
27/04/2017,5944.4
28/04/2017,5947.6
1/05/2017,5976.4
2/05/2017,5971.4
3/05/2017,5919.9
4/05/2017,5904.5
5/05/2017,5863.8
8/05/2017,5897.8
9/05/2017,5874.5
10/05/2017,5911.1
11/05/2017,5912
12/05/2017,5870.9
15/05/2017,5868.4
16/05/2017,5882.2
17/05/2017,5821.2
18/05/2017,5775.5
19/05/2017,5768.9
22/05/2017,5811.2
23/05/2017,5802.8
24/05/2017,5811.5
25/05/2017,5828.8
26/05/2017,5792.1
29/05/2017,5747.7
30/05/2017,5756
31/05/2017,5761.3
1/06/2017,5772.5
2/06/2017,5821.1
5/06/2017,5792.1
6/06/2017,5708.1
7/06/2017,5707.8
8/06/2017,5714.8
9/06/2017,5715.5
12/06/2017,5715.5
13/06/2017,5801.8
14/06/2017,5862.2
15/06/2017,5796.7
16/06/2017,5808
19/06/2017,5835.5
20/06/2017,5792.3
21/06/2017,5703.2
22/06/2017,5742.3
23/06/2017,5754.6
26/06/2017,5758.4
27/06/2017,5752.5
28/06/2017,5796.1
29/06/2017,5855.8
30/06/2017,5764
3/07/2017,5727.5
4/07/2017,5819.6
5/07/2017,5800.9
6/07/2017,5797.5
7/07/2017,5743.9
10/07/2017,5762.9
11/07/2017,5768.5
12/07/2017,5717.7
13/07/2017,5779.1
14/07/2017,5808.7
17/07/2017,5800.8
18/07/2017,5738.1
19/07/2017,5779.4
20/07/2017,5805.7
21/07/2017,5771.2
24/07/2017,5738
25/07/2017,5775.3
26/07/2017,5823.3
27/07/2017,5832.2
28/07/2017,5755.2
31/07/2017,5773.9
1/08/2017,5820.6
2/08/2017,5794.5
3/08/2017,5786.8
4/08/2017,5773.3
7/08/2017,5824.5
8/08/2017,5795.7
9/08/2017,5816.4
10/08/2017,5810.6
11/08/2017,5743.5
14/08/2017,5778.6
15/08/2017,5804
16/08/2017,5830.8
17/08/2017,5827.2
18/08/2017,5798.5
21/08/2017,5780
22/08/2017,5804.8
23/08/2017,5792.7
24/08/2017,5801.7
25/08/2017,5803.4
28/08/2017,5771.2
29/08/2017,5733.6
30/08/2017,5733.8
31/08/2017,5776.3
1/09/2017,5786.1
4/09/2017,5763.8
5/09/2017,5767.8
6/09/2017,5752.9
7/09/2017,5753.8
8/09/2017,5739.4
11/09/2017,5775.1
12/09/2017,5806.4
13/09/2017,5804
14/09/2017,5798.4
15/09/2017,5755.8
18/09/2017,5779
19/09/2017,5772.4
20/09/2017,5769.7
21/09/2017,5716.7
22/09/2017,5740.6
25/09/2017,5741.7
26/09/2017,5729.6
27/09/2017,5725.5
28/09/2017,5731.5
29/09/2017,5744.9
2/10/2017,5791.3
3/10/2017,5764.2
4/10/2017,5719.6
5/10/2017,5720.3
6/10/2017,5777.4
9/10/2017,5805.1
10/10/2017,5807.1
11/10/2017,5840.8
12/10/2017,5864.1
13/10/2017,5884.7
16/10/2017,5917.2
17/10/2017,5958.1
18/10/2017,5954.8
19/10/2017,5959.8
20/10/2017,5968.6
23/10/2017,5957.2
24/10/2017,5962.5
25/10/2017,5972.7
26/10/2017,5982.5
27/10/2017,5969.3
30/10/2017,5983.7
31/10/2017,5976.4
1/11/2017,6005.5
2/11/2017,6002.2
3/11/2017,6030.3
6/11/2017,6027.2
7/11/2017,6087.4
8/11/2017,6089.1
9/11/2017,6122.4
10/11/2017,6104.3
13/11/2017,6097.2
14/11/2017,6048.7
15/11/2017,6012.3
16/11/2017,6023.5
17/11/2017,6038.3
20/11/2017,6028
21/11/2017,6044.2
22/11/2017,6067.6
23/11/2017,6067.5
24/11/2017,6063.1
27/11/2017,6070.4
28/11/2017,6066.7
29/11/2017,6096.1
30/11/2017,6057.2
1/12/2017,6075.5
4/12/2017,6070.6
5/12/2017,6057.3
6/12/2017,6029.9
7/12/2017,6060.8
8/12/2017,6077.4
11/12/2017,6081.9
12/12/2017,6093.1
13/12/2017,6103.1
14/12/2017,6096.4
15/12/2017,6087.1
18/12/2017,6130
19/12/2017,6163.2
20/12/2017,6167.9
21/12/2017,6156.3
22/12/2017,6167.3
25/12/2017,6167.3
26/12/2017,6167.3
27/12/2017,6169.7
28/12/2017,6189.4
29/12/2017,6167.3
1/01/2018,6167.3
2/01/2018,6165.9
3/01/2018,6175.3
4/01/2018,6185.4
5/01/2018,6229.7
8/01/2018,6236.5
9/01/2018,6241.5
10/01/2018,6205.9
11/01/2018,6176.2
12/01/2018,6176.8
15/01/2018,6187.7
16/01/2018,6165.9
17/01/2018,6134.3
18/01/2018,6130.4
19/01/2018,6119.3
22/01/2018,6106.2
23/01/2018,6150.7
24/01/2018,6168.8
25/01/2018,6164.7
26/01/2018,6164.7
29/01/2018,6187.6
30/01/2018,6135.3
31/01/2018,6146.5
1/02/2018,6198.8
2/02/2018,6229.8
5/02/2018,6128.4
6/02/2018,5930.2
7/02/2018,5981.5
8/02/2018,5995.2
9/02/2018,5937.5
12/02/2018,5919.7
13/02/2018,5957
14/02/2018,5940
15/02/2018,6008.7
16/02/2018,6004.8
19/02/2018,6044
20/02/2018,6045.6
21/02/2018,6047.3
22/02/2018,6057.7
23/02/2018,6105.2
26/02/2018,6146.1
27/02/2018,6159.3
28/02/2018,6117.3
1/03/2018,6075.7
2/03/2018,6028.4
5/03/2018,5996.4
6/03/2018,6061.5
7/03/2018,6005.4
8/03/2018,6046.6
9/03/2018,6069.1
12/03/2018,6101.4
13/03/2018,6077.1
14/03/2018,6042.6
15/03/2018,6027.6
16/03/2018,6054.9
19/03/2018,6064.7
20/03/2018,6040.8
21/03/2018,6053.1
22/03/2018,6043.2
23/03/2018,5929
26/03/2018,5901.4
27/03/2018,5943.7
28/03/2018,5899.2
29/03/2018,5868.9
30/03/2018,5868.9
2/04/2018,5868.9
3/04/2018,5859.1
4/04/2018,5863.7
5/04/2018,5888
6/04/2018,5886.9
9/04/2018,5904.7
10/04/2018,5951.8
11/04/2018,5925.8
12/04/2018,5911.4
13/04/2018,5924.7
16/04/2018,5933
17/04/2018,5934.3
18/04/2018,5956.3
19/04/2018,5976.4
20/04/2018,5964.4
23/04/2018,5976
24/04/2018,6009.4
25/04/2018,6009.4
26/04/2018,6003
27/04/2018,6042.9
30/04/2018,6071.6
1/05/2018,6100
2/05/2018,6136.7
3/05/2018,6187
4/05/2018,6155.4
7/05/2018,6175.6
8/05/2018,6183.2
9/05/2018,6204.4
10/05/2018,6215.9
11/05/2018,6216.4
14/05/2018,6235
15/05/2018,6198.7
16/05/2018,6208.1
17/05/2018,6197.2
18/05/2018,6190.9
21/05/2018,6190.2
22/05/2018,6149.9
23/05/2018,6140.3
24/05/2018,6144.1
25/05/2018,6141
28/05/2018,6113.6
29/05/2018,6121.7
30/05/2018,6093.8
31/05/2018,6123.5
1/06/2018,6104
4/06/2018,6138.6
5/06/2018,6108.5
6/06/2018,6137.4
7/06/2018,6169.4
8/06/2018,6156.8
11/06/2018,6156.8
12/06/2018,6164.8
13/06/2018,6133.1
14/06/2018,6129.6
15/06/2018,6205.3
18/06/2018,6212.8
19/06/2018,6208.9
20/06/2018,6274.6
21/06/2018,6332.9
22/06/2018,6322.1
25/06/2018,6308.7
26/06/2018,6292.1
27/06/2018,6290.5
28/06/2018,6305.8
29/06/2018,6289.7
2/07/2018,6273.3
3/07/2018,6302.8
4/07/2018,6273.7
5/07/2018,6302.9
6/07/2018,6355.7
9/07/2018,6366.4
10/07/2018,6342.8
11/07/2018,6300.2
12/07/2018,6349.8
13/07/2018,6351.9
16/07/2018,6326.7
17/07/2018,6288.4
18/07/2018,6329.1
19/07/2018,6355
20/07/2018,6377.4
23/07/2018,6320.1
24/07/2018,6355.2
25/07/2018,6341.7
26/07/2018,6337.6
27/07/2018,6391.5
30/07/2018,6368.8
31/07/2018,6366.2
1/08/2018,6362.1
2/08/2018,6327.7
3/08/2018,6326.4
6/08/2018,6359
7/08/2018,6340.8
8/08/2018,6354.9
9/08/2018,6383.6
10/08/2018,6366.8
13/08/2018,6341.3
14/08/2018,6386.2
15/08/2018,6415.7
16/08/2018,6412.6
17/08/2018,6426.2
20/08/2018,6435.1
21/08/2018,6383
22/08/2018,6373.8
23/08/2018,6360.3
24/08/2018,6357.9
27/08/2018,6381.1
28/08/2018,6413.5
29/08/2018,6457
30/08/2018,6460.5
31/08/2018,6427.8
3/09/2018,6416.5
4/09/2018,6398.9
5/09/2018,6339.2
6/09/2018,6267.8
7/09/2018,6252.3
10/09/2018,6249.7
11/09/2018,6287.6
12/09/2018,6283.9
13/09/2018,6239.9
14/09/2018,6276.3
17/09/2018,6293.9
18/09/2018,6269.5
19/09/2018,6297
20/09/2018,6276.9
21/09/2018,6305.4
24/09/2018,6299.5
25/09/2018,6299.1
26/09/2018,6307.8
27/09/2018,6299.3
28/09/2018,6325.5
1/10/2018,6292.7
2/10/2018,6245.8
3/10/2018,6265.2
4/10/2018,6293.9
5/10/2018,6301.1
8/10/2018,6218.6
9/10/2018,6155.5
10/10/2018,6163.8
11/10/2018,5993.5
12/10/2018,6006.6
15/10/2018,5948
16/10/2018,5977.8
17/10/2018,6047.1
18/10/2018,6050.1
19/10/2018,6042.8
22/10/2018,6006.2
23/10/2018,5944.9
24/10/2018,5926.5
25/10/2018,5759.5
26/10/2018,5759.6
29/10/2018,5813.8
30/10/2018,5887.9
31/10/2018,5913.3
1/11/2018,5925.9
2/11/2018,5935.8
5/11/2018,5904.8
6/11/2018,5958.7
7/11/2018,5982
8/11/2018,6015.9
9/11/2018,6011
12/11/2018,6027.2
13/11/2018,5922.6
14/11/2018,5822.3
15/11/2018,5825.2
16/11/2018,5822.8
19/11/2018,5786.4
20/11/2018,5759.2
21/11/2018,5722.1
22/11/2018,5770.3
23/11/2018,5793.4
26/11/2018,5749.6
27/11/2018,5802.8
28/11/2018,5800.1
29/11/2018,5835.7
30/11/2018,5749.3
3/12/2018,5856.3
4/12/2018,5797.5
5/12/2018,5749.1
6/12/2018,5736.7
7/12/2018,5757.9
10/12/2018,5627.5
11/12/2018,5651.2
12/12/2018,5727.3
13/12/2018,5735.3
14/12/2018,5678.8
17/12/2018,5732.9
18/12/2018,5661.8
19/12/2018,5650
20/12/2018,5572.9
21/12/2018,5533.3
24/12/2018,5559.6
25/12/2018,5559.6
26/12/2018,5559.6
27/12/2018,5662.1
28/12/2018,5716
31/12/2018,5709.4
1/01/2019,5709.4
2/01/2019,5625.6
3/01/2019,5694.6
4/01/2019,5677
7/01/2019,5744.5
8/01/2019,5783.3
9/01/2019,5838.4
10/01/2019,5853.9
11/01/2019,5834.8
14/01/2019,5833.2
15/01/2019,5871.8
16/01/2019,5893.7
17/01/2019,5909.8
18/01/2019,5941.2
21/01/2019,5953.5
22/01/2019,5924.3
23/01/2019,5908.7
24/01/2019,5930.5
25/01/2019,5971.1
28/01/2019,5971.1
29/01/2019,5939.5
30/01/2019,5951.2
31/01/2019,5937.3
1/02/2019,5935.3
4/02/2019,5963
5/02/2019,6068.1
6/02/2019,6091.8
7/02/2019,6159.1
8/02/2019,6136.2
11/02/2019,6128.6
12/02/2019,6148.7
13/02/2019,6140.2
14/02/2019,6139.6
15/02/2019,6148.6
18/02/2019,6170.7
19/02/2019,6184.2
20/02/2019,6175.8
21/02/2019,6214.6
22/02/2019,6241.9
25/02/2019,6263.6
26/02/2019,6209
27/02/2019,6233.6
28/02/2019,6252.7
1/03/2019,6273.8
4/03/2019,6302.5
5/03/2019,6281.4
6/03/2019,6326.8
7/03/2019,6344.2
8/03/2019,6287.1
11/03/2019,6263.3
12/03/2019,6260.6
13/03/2019,6246
14/03/2019,6266.8
15/03/2019,6265.1
18/03/2019,6283.6
19/03/2019,6276.6
20/03/2019,6251.8
21/03/2019,6253.5
22/03/2019,6280.9
25/03/2019,6208.7
26/03/2019,6213.1
27/03/2019,6217.6
28/03/2019,6256.5
29/03/2019,6261.7
1/04/2019,6299.7
2/04/2019,6327.8
3/04/2019,6368.7
4/04/2019,6320.4
5/04/2019,6270.6
8/04/2019,6310.8
9/04/2019,6315.5
10/04/2019,6316.5
11/04/2019,6294.1
12/04/2019,6347
15/04/2019,6347.9
16/04/2019,6372.3
17/04/2019,6350.3
18/04/2019,6349.9
19/04/2019,6349.9
22/04/2019,6349.9
23/04/2019,6411.1
24/04/2019,6470.6
25/04/2019,6470.6
26/04/2019,6473.2
29/04/2019,6449.6
30/04/2019,6418.4
1/05/2019,6466.5
2/05/2019,6430
3/05/2019,6427.2
6/05/2019,6369.9
7/05/2019,6383.5
8/05/2019,6351.8
9/05/2019,6377.3
10/05/2019,6393.1
13/05/2019,6381.3
14/05/2019,6327.2
15/05/2019,6370.9
16/05/2019,6417.5
17/05/2019,6460.2
20/05/2019,6564.7
21/05/2019,6584.4
22/05/2019,6598.1
23/05/2019,6584.3
24/05/2019,6545.6
27/05/2019,6544.8
28/05/2019,6580.4
29/05/2019,6536.6
30/05/2019,6489.2
31/05/2019,6491.8
3/06/2019,6410.8
4/06/2019,6416.7
5/06/2019,6443.6
6/06/2019,6466.4
7/06/2019,6525.2
10/06/2019,6525.2
11/06/2019,6624.4
12/06/2019,6628.9
13/06/2019,6619.1
14/06/2019,6633.6
17/06/2019,6609.4
18/06/2019,6647.9
19/06/2019,6728.5
20/06/2019,6767.9
21/06/2019,6734.3
24/06/2019,6745.5
25/06/2019,6734.5
26/06/2019,6716.1
27/06/2019,6743
28/06/2019,6699.2
1/07/2019,6731.4
2/07/2019,6741.1
3/07/2019,6770.1
4/07/2019,6800.9
5/07/2019,6831.8
8/07/2019,6757.4
9/07/2019,6750.1
10/07/2019,6777.7
11/07/2019,6805.8
12/07/2019,6788.8
15/07/2019,6746.2
16/07/2019,6735.8
17/07/2019,6764
18/07/2019,6735.4
19/07/2019,6786.2
22/07/2019,6781.2
23/07/2019,6812.5
24/07/2019,6862.4
25/07/2019,6901.9
26/07/2019,6879.3
29/07/2019,6911.4
30/07/2019,6928.3
31/07/2019,6896.7
1/08/2019,6871.9
2/08/2019,6846.1
5/08/2019,6710.6
6/08/2019,6546.5
7/08/2019,6588.5
8/08/2019,6642.3
9/08/2019,6663.4
12/08/2019,6670.1
13/08/2019,6648.1
14/08/2019,6677.5
15/08/2019,6490.8
16/08/2019,6485.9
19/08/2019,6550.5
20/08/2019,6627.4
21/08/2019,6572.6
22/08/2019,6593
23/08/2019,6614.3
26/08/2019,6531
27/08/2019,6565.6
28/08/2019,6600.8
29/08/2019,6605.7
30/08/2019,6698.2
2/09/2019,6677.5
3/09/2019,6673.5
4/09/2019,6656.1
5/09/2019,6720.8
6/09/2019,6752.7
9/09/2019,6760.1
10/09/2019,6728
11/09/2019,6752.2
12/09/2019,6765.7
13/09/2019,6777.1
16/09/2019,6782
17/09/2019,6801.7
18/09/2019,6791.2
19/09/2019,6825.2
20/09/2019,6839
23/09/2019,6861.1
24/09/2019,6856.6
25/09/2019,6814.7
26/09/2019,6785.6
27/09/2019,6824.1
30/09/2019,6800.6
1/10/2019,6853
2/10/2019,6753.3
3/10/2019,6611.7
4/10/2019,6636.9
7/10/2019,6686.7
8/10/2019,6713.7
9/10/2019,6667
10/10/2019,6662.9
11/10/2019,6721.9
14/10/2019,6757.9
15/10/2019,6763.3
16/10/2019,6843.2
17/10/2019,6791.5
18/10/2019,6758.4
21/10/2019,6757.7
22/10/2019,6778.6
23/10/2019,6778.2
24/10/2019,6796.7
25/10/2019,6841
28/10/2019,6842.5
29/10/2019,6848.5
30/10/2019,6794.7
31/10/2019,6772.9
1/11/2019,6779.1
4/11/2019,6799.8
5/11/2019,6811.6
6/11/2019,6773.2
7/11/2019,6836.9
8/11/2019,6833.2
11/11/2019,6877
12/11/2019,6857.1
13/11/2019,6805.6
14/11/2019,6840.8
15/11/2019,6898.9
18/11/2019,6871.7
19/11/2019,6914.1
20/11/2019,6828.3
21/11/2019,6777.7
22/11/2019,6816.5
25/11/2019,6835.6
26/11/2019,6889.8
27/11/2019,6950.6
28/11/2019,6965.6
29/11/2019,6948
2/12/2019,6965.3
3/12/2019,6818.4
4/12/2019,6714.4
5/12/2019,6791.1
6/12/2019,6813.5
9/12/2019,6836.4
10/12/2019,6812.1
11/12/2019,6853.2
12/12/2019,6810.8
13/12/2019,6844.6
16/12/2019,6952.3
17/12/2019,6950.5
18/12/2019,6957
19/12/2019,6942.6
20/12/2019,6924.4
23/12/2019,6894.7
24/12/2019,6906.4
25/12/2019,6906.4
26/12/2019,6906.4
27/12/2019,6936.3
30/12/2019,6921.6
31/12/2019,6802.4
1/01/2020,6802.4
2/01/2020,6810
3/01/2020,6855.2
6/01/2020,6857.4
7/01/2020,6943.6
8/01/2020,6930.1
9/01/2020,6991.4
10/01/2020,7041.9
13/01/2020,7020.2
14/01/2020,7078
15/01/2020,7113.5
16/01/2020,7158.6
17/01/2020,7180.3
20/01/2020,7196.3
21/01/2020,7180.5
22/01/2020,7249
23/01/2020,7199
24/01/2020,7203.2
27/01/2020,7203.2
28/01/2020,7098.4
29/01/2020,7135.9
30/01/2020,7108.6
31/01/2020,7121.2
3/02/2020,7019.9
4/02/2020,7047.6
5/02/2020,7080.9
6/02/2020,7148.7
7/02/2020,7121.4
10/02/2020,7108
11/02/2020,7151.4
12/02/2020,7185.3
13/02/2020,7204.6
14/02/2020,7227.1
17/02/2020,7221.2
18/02/2020,7208.3
19/02/2020,7237.4
20/02/2020,7255.2
21/02/2020,7230.4
24/02/2020,7065.4
25/02/2020,6953.8
26/02/2020,6790.7
27/02/2020,6737.4
28/02/2020,6511.5
2/03/2020,6461.1
3/03/2020,6511.6
4/03/2020,6398.5
5/03/2020,6472.4
6/03/2020,6287.5
9/03/2020,5822.4
10/03/2020,5995.8
11/03/2020,5789.3
12/03/2020,5370.9
13/03/2020,5590.7
16/03/2020,5058.2
17/03/2020,5332.8
18/03/2020,4998.8
19/03/2020,4809.4
20/03/2020,4854.3
23/03/2020,4564.1
24/03/2020,4753.3
25/03/2020,5006.2
26/03/2020,5135.2
27/03/2020,4874.2
30/03/2020,5194
31/03/2020,5110.6
1/04/2020,5290.7
2/04/2020,5188.7
3/04/2020,5106.9
6/04/2020,5323.6
7/04/2020,5301.3
8/04/2020,5258.8
9/04/2020,5439.4
10/04/2020,5439.4
13/04/2020,5439.4
14/04/2020,5542.5
15/04/2020,5523.3
16/04/2020,5467.6
17/04/2020,5544.7
20/04/2020,5414.7
21/04/2020,5278.6
22/04/2020,5273.8
23/04/2020,5272.8
24/04/2020,5300.7
27/04/2020,5388.3
28/04/2020,5381.2
29/04/2020,5463.8
30/04/2020,5597.7
1/05/2020,5325
4/05/2020,5389.5
5/05/2020,5478.1
6/05/2020,5464.8
7/05/2020,5449.9
8/05/2020,5488
11/05/2020,5559.1
12/05/2020,5497.3
13/05/2020,5513.7
14/05/2020,5418
15/05/2020,5492.8
18/05/2020,5557.5
19/05/2020,5658.8
20/05/2020,5680.1
21/05/2020,5660.9
22/05/2020,5608.8
25/05/2020,5729.9
26/05/2020,5889.9
27/05/2020,5884.9
28/05/2020,5957.8
29/05/2020,5872.2
1/06/2020,5938.4
2/06/2020,5960.1
3/06/2020,6064.9
4/06/2020,6112
5/06/2020,6116.5
8/06/2020,6116.5
9/06/2020,6262.9
10/06/2020,6269.3
11/06/2020,6079.5
12/06/2020,5959.9
15/06/2020,5830
16/06/2020,6058.1
17/06/2020,6109.1
18/06/2020,6051.9
19/06/2020,6061.6
22/06/2020,6058
23/06/2020,6069.3
24/06/2020,6081.6
25/06/2020,5928
26/06/2020,6011.8
29/06/2020,5915.6
30/06/2020,6001.3
1/07/2020,6041
2/07/2020,6142.3
3/07/2020,6163.7
6/07/2020,6125.9
7/07/2020,6126.7
8/07/2020,6034.3
9/07/2020,6074.9
10/07/2020,6036.3
13/07/2020,6089.3
14/07/2020,6045.5
15/07/2020,6160.4
16/07/2020,6123
17/07/2020,6144.9
20/07/2020,6112.3
21/07/2020,6268.8
22/07/2020,6192.6
23/07/2020,6213.9
24/07/2020,6148
27/07/2020,6169.6
28/07/2020,6146.8
29/07/2020,6128
30/07/2020,6177.5
31/07/2020,6058.3
3/08/2020,6053.9
4/08/2020,6166.5
5/08/2020,6135.9
6/08/2020,6180.3
7/08/2020,6144.9
10/08/2020,6247.1
11/08/2020,6272.1
12/08/2020,6257
13/08/2020,6223.9
14/08/2020,6261.7
17/08/2020,6218.5
18/08/2020,6268.7
19/08/2020,6314.1
20/08/2020,6271.7
21/08/2020,6270.7
24/08/2020,6300.3
25/08/2020,6332
26/08/2020,6294.5
27/08/2020,6310.6
28/08/2020,6260.8
31/08/2020,6245.9
1/09/2020,6143.2
2/09/2020,6251.8
3/09/2020,6301
4/09/2020,6108.8
7/09/2020,6129.9
8/09/2020,6190.2
9/09/2020,6058.9
10/09/2020,6090
11/09/2020,6038.9
14/09/2020,6078.5
15/09/2020,6079.3
16/09/2020,6146.9
17/09/2020,6069.2
18/09/2020,6057.6
21/09/2020,6013.5
22/09/2020,5973.5
23/09/2020,6111.3
24/09/2020,6056.5
25/09/2020,6140.5
28/09/2020,6134.9
29/09/2020,6141.5
30/09/2020,6009.3
1/10/2020,6069.4
2/10/2020,5983.2
5/10/2020,6135.1
6/10/2020,6164.2
7/10/2020,6239.6
8/10/2020,6305.8
9/10/2020,6312.5
12/10/2020,6343.1
13/10/2020,6400.2
14/10/2020,6387.4
15/10/2020,6414.2
16/10/2020,6385
19/10/2020,6435.6
20/10/2020,6396.8
21/10/2020,6403.1
22/10/2020,6383.7
23/10/2020,6373.7
26/10/2020,6357.3
27/10/2020,6247.2
28/10/2020,6261.8
29/10/2020,6168
30/10/2020,6133.2
2/11/2020,6147.4
3/11/2020,6262.8
4/11/2020,6265
5/11/2020,6344
6/11/2020,6395
9/11/2020,6515.7
10/11/2020,6544
11/11/2020,6651.1
12/11/2020,6619.4
13/11/2020,6609.3
16/11/2020,6687
17/11/2020,6697.8
18/11/2020,6726.5
19/11/2020,6742.7
20/11/2020,6739.9
23/11/2020,6772
24/11/2020,6855.5
25/11/2020,6888.2
26/11/2020,6848.8
27/11/2020,6816.8
30/11/2020,6742.1
1/12/2020,6812.2
2/12/2020,6811.3
3/12/2020,6847.3
4/12/2020,6865.3
7/12/2020,6908.9
8/12/2020,6922.2
9/12/2020,6965.4
10/12/2020,6917.1
11/12/2020,6886.4
14/12/2020,6900.3
15/12/2020,6866.7
16/12/2020,6916.7
17/12/2020,7000.1
18/12/2020,6924.1
21/12/2020,6920
22/12/2020,6845.5
23/12/2020,6892.6
24/12/2020,6917.5
25/12/2020,6917.5
28/12/2020,6917.5
29/12/2020,6962.1
30/12/2020,6942.9
31/12/2020,6850.6
1/01/2021,6850.6
4/01/2021,6953.7
5/01/2021,6955.7
6/01/2021,6881.4
7/01/2021,6980.5
8/01/2021,7024.2
11/01/2021,6959.5
12/01/2021,6939.1
13/01/2021,6953.9
14/01/2021,6982.7
15/01/2021,6986.8
18/01/2021,6935.4
19/01/2021,7015
20/01/2021,7051
21/01/2021,7107.1
22/01/2021,7078.9
25/01/2021,7111.4
26/01/2021,7111.4
27/01/2021,7060.2
28/01/2021,6917.6
29/01/2021,6870.9
1/02/2021,6922.8
2/02/2021,7027.5
3/02/2021,7090.9
4/02/2021,7037.9
5/02/2021,7112.9
8/02/2021,7160.8
9/02/2021,7102.1
10/02/2021,7133.8
11/02/2021,7122.1
12/02/2021,7081.3
15/02/2021,7149.7
16/02/2021,7189.3
17/02/2021,7158.8
18/02/2021,7155.5
19/02/2021,7064
22/02/2021,7061.6
23/02/2021,7110.8
24/02/2021,7049.4
25/02/2021,7105.7
26/02/2021,6940.6
1/03/2021,7042.7
2/03/2021,7009.9
3/03/2021,7067.9
4/03/2021,7000.6
5/03/2021,6943
8/03/2021,6971.6
9/03/2021,7000.4
10/03/2021,6947.2
11/03/2021,6952.9
12/03/2021,7014.6
15/03/2021,7019.1
16/03/2021,7079
17/03/2021,7048
18/03/2021,7003.6
19/03/2021,6959.6
22/03/2021,6995
23/03/2021,6986.6
24/03/2021,7013.9
25/03/2021,7022.6
26/03/2021,7063.1
29/03/2021,7036.4
30/03/2021,6969.8
31/03/2021,7017
1/04/2021,7064.2
2/04/2021,7064.2
5/04/2021,7064.2
6/04/2021,7133.9
7/04/2021,7177.4
8/04/2021,7250.3
9/04/2021,7252.3
12/04/2021,7225.2
13/04/2021,7231
14/04/2021,7280.6
15/04/2021,7317.5
16/04/2021,7325.8
19/04/2021,7328
20/04/2021,7282.1
21/04/2021,7258.9
22/04/2021,7312
23/04/2021,7320.7
26/04/2021,7307.8
27/04/2021,7295.5
28/04/2021,7320
29/04/2021,7346
30/04/2021,7290.7
3/05/2021,7286.8
4/05/2021,7323.5
5/05/2021,7344.2
6/05/2021,7306
7/05/2021,7325.2
10/05/2021,7419.8
11/05/2021,7331.6
12/05/2021,7281.1
13/05/2021,7209
14/05/2021,7239.4
17/05/2021,7255.8
18/05/2021,7299.1
19/05/2021,7165.7
20/05/2021,7252.6
21/05/2021,7265.3
24/05/2021,7276
25/05/2021,7349.1
26/05/2021,7331.6
27/05/2021,7344
28/05/2021,7424
31/05/2021,7406.7
1/06/2021,7392.1
2/06/2021,7468.9
3/06/2021,7510.7
4/06/2021,7543.3
7/06/2021,7531.6
8/06/2021,7542.3
9/06/2021,7522
10/06/2021,7558.8
11/06/2021,7577.2
14/06/2021,7577.2
15/06/2021,7633
16/06/2021,7633.4
17/06/2021,7600.5
18/06/2021,7624.3
21/06/2021,7485.2
22/06/2021,7592.7
23/06/2021,7552.1
24/06/2021,7539.1
25/06/2021,7578.6
28/06/2021,7572.5
29/06/2021,7565.5
30/06/2021,7585
1/07/2021,7541.5
2/07/2021,7587.1
5/07/2021,7589
6/07/2021,7531.4
7/07/2021,7599.3
8/07/2021,7614.9
9/07/2021,7545.3
12/07/2021,7604.9
13/07/2021,7612.2
14/07/2021,7631.8
15/07/2021,7616.6
16/07/2021,7630.7
19/07/2021,7559.7
20/07/2021,7525.8
21/07/2021,7580.9
22/07/2021,7658.9
23/07/2021,7670.9
26/07/2021,7670.5
27/07/2021,7704
28/07/2021,7649.6
29/07/2021,7695.2
30/07/2021,7664.2
2/08/2021,7760.5
3/08/2021,7750.5
4/08/2021,7778.7
5/08/2021,7779.6
6/08/2021,7806.5
9/08/2021,7804.3
10/08/2021,7830.4
11/08/2021,7854.6
12/08/2021,7860.5
13/08/2021,7897.7
16/08/2021,7849.6
17/08/2021,7773.3
18/08/2021,7770.7
19/08/2021,7735.3
20/08/2021,7725.1
23/08/2021,7761.1
24/08/2021,7773.7
25/08/2021,7809.6
26/08/2021,7770.4
27/08/2021,7760.1
30/08/2021,7788.6
31/08/2021,7823.3
1/09/2021,7813
2/09/2021,7783.8
3/09/2021,7826.7
6/09/2021,7823.8
7/09/2021,7826.4
8/09/2021,7807.5
9/09/2021,7658.9
10/09/2021,7706.2
13/09/2021,7726.1
14/09/2021,7740.3
15/09/2021,7723.2
16/09/2021,7759.8
17/09/2021,7702.9
20/09/2021,7537.9
21/09/2021,7563.1
22/09/2021,7593.8
23/09/2021,7681.3
24/09/2021,7649.3
27/09/2021,7690.7
28/09/2021,7581.1
29/09/2021,7500.2
30/09/2021,7629.7
1/10/2021,7486.6
4/10/2021,7576.8
5/10/2021,7536.5
6/10/2021,7496.2
7/10/2021,7551.2
8/10/2021,7617.3
11/10/2021,7601.1
12/10/2021,7575.6
13/10/2021,7571.9
14/10/2021,7620.2
15/10/2021,7674.2
18/10/2021,7689.7
19/10/2021,7690.2
20/10/2021,7727.2
21/10/2021,7728.5
22/10/2021,7726.8
25/10/2021,7754.3
26/10/2021,7759.3
27/10/2021,7758
28/10/2021,7739.7
29/10/2021,7639.1
1/11/2021,7692.2
2/11/2021,7646.6
3/11/2021,7713
4/11/2021,7746.3
5/11/2021,7777.2
8/11/2021,7767.9
9/11/2021,7756.3
10/11/2021,7737.4
11/11/2021,7701.2
12/11/2021,7765.8
15/11/2021,7798.2
16/11/2021,7747.1
17/11/2021,7704
18/11/2021,7713.2
19/11/2021,7729.9
22/11/2021,7688.3
23/11/2021,7741.7
24/11/2021,7725.5
25/11/2021,7736.9
26/11/2021,7599.9
29/11/2021,7562.5
30/11/2021,7587.4
1/12/2021,7557.8
2/12/2021,7536.1
3/12/2021,7543.6
6/12/2021,7529
7/12/2021,7605.2
8/12/2021,7707.2
9/12/2021,7689.4
10/12/2021,7667.9
13/12/2021,7697.5
14/12/2021,7698.3
15/12/2021,7636.2
16/12/2021,7618.5
17/12/2021,7626.2
20/12/2021,7602.2
21/12/2021,7666.7
22/12/2021,7682.6
23/12/2021,7707.5
24/12/2021,7744.7
27/12/2021,7744.7
28/12/2021,7744.7
29/12/2021,7840.3
30/12/2021,7843.7
31/12/2021,7779.2
3/01/2022,7779.2
4/01/2022,7926.8
5/01/2022,7899.6
6/01/2022,7679.3
7/01/2022,7774.4
10/01/2022,7766.1
11/01/2022,7710.7
12/01/2022,7762.2
13/01/2022,7797.5
14/01/2022,7717.1
17/01/2022,7739.3
18/01/2022,7735.8
19/01/2022,7656.6
20/01/2022,7668.9
21/01/2022,7490.1
24/01/2022,7441.5
25/01/2022,7248.1
26/01/2022,7248.1
27/01/2022,7114.5
28/01/2022,7266.3
31/01/2022,7268.3
1/02/2022,7312.8
2/02/2022,7399.6
3/02/2022,7374.6
4/02/2022,7418.9
7/02/2022,7414.2
8/02/2022,7489
9/02/2022,7572.8
10/02/2022,7595.5
11/02/2022,7515.8
14/02/2022,7535.1
15/02/2022,7490.3
16/02/2022,7573
17/02/2022,7574.8
18/02/2022,7502.8
21/02/2022,7507
22/02/2022,7422.2
23/02/2022,7473.9
24/02/2022,7253.1
25/02/2022,7273.6
28/02/2022,7323.2
1/03/2022,7385.3
2/03/2022,7406.3
3/03/2022,7446.8
4/03/2022,7395.3
7/03/2022,7321.2
8/03/2022,7252.9
9/03/2022,7331.8
10/03/2022,7410.9
11/03/2022,7339.3
14/03/2022,7422.2
15/03/2022,7356.1
16/03/2022,7435.8
17/03/2022,7521.6
18/03/2022,7571.2
21/03/2022,7558.9
22/03/2022,7620.7
23/03/2022,7665
24/03/2022,7669
25/03/2022,7689.9
28/03/2022,7689.3
29/03/2022,7747
30/03/2022,7799.9
31/03/2022,7789.6
1/04/2022,7785.9
4/04/2022,7818.9
5/04/2022,7833.2
6/04/2022,7788.3
7/04/2022,7734.8
8/04/2022,7772
11/04/2022,7773.2
12/04/2022,7735.5
13/04/2022,7772
14/04/2022,7822.2
15/04/2022,7822.2
18/04/2022,7822.2
19/04/2022,7867.9
20/04/2022,7869.6
21/04/2022,7887.1
22/04/2022,7768.2
25/04/2022,7768.2
26/04/2022,7604
27/04/2022,7547
28/04/2022,7642.4
29/04/2022,7724.8
2/05/2022,7623.6
3/05/2022,7587.6
4/05/2022,7564.8
5/05/2022,7639.2
6/05/2022,7467.6
9/05/2022,7357.9
10/05/2022,7285.2
11/05/2022,7304.4
12/05/2022,7166.6
13/05/2022,7307.7
16/05/2022,7326.2
17/05/2022,7350.6
18/05/2022,7426.6
19/05/2022,7303.3
20/05/2022,7391
23/05/2022,7398.9
24/05/2022,7373.2
25/05/2022,7391.7
26/05/2022,7339.3
27/05/2022,7413.1
30/05/2022,7522.6
31/05/2022,7455.2
1/06/2022,7462.9
2/06/2022,7400.8
3/06/2022,7472.4
6/06/2022,7433.1
7/06/2022,7318.6
8/06/2022,7347
9/06/2022,7240.4
10/06/2022,7145.2
13/06/2022,7145.2
14/06/2022,6881.2
15/06/2022,6785.8
16/06/2022,6783.7
17/06/2022,6663.3
20/06/2022,6609.5
21/06/2022,6700.8
22/06/2022,6682.3
23/06/2022,6691.4
24/06/2022,6762.4
27/06/2022,6893.6
28/06/2022,6953.4
29/06/2022,6877.9
30/06/2022,6746.5
1/07/2022,6720.4
4/07/2022,6796.9
5/07/2022,6818.1
6/07/2022,6784.3
7/07/2022,6836.9
8/07/2022,6877
11/07/2022,6792.6
12/07/2022,6786.8
13/07/2022,6807.8
14/07/2022,6848.6
15/07/2022,6798
18/07/2022,6888
19/07/2022,6853
20/07/2022,6975.2
21/07/2022,7018.4
22/07/2022,7011.8
25/07/2022,7006.4
26/07/2022,7025.2
27/07/2022,7038.1
28/07/2022,7115.9
29/07/2022,7173.8
1/08/2022,7213
2/08/2022,7216.4
3/08/2022,7202.9
4/08/2022,7207.5
5/08/2022,7250.3
8/08/2022,7259.5
9/08/2022,7278.6
10/08/2022,7238.7
11/08/2022,7325.4
12/08/2022,7288.8
15/08/2022,7324.9
16/08/2022,7361.9
17/08/2022,7381.1
18/08/2022,7357.7
19/08/2022,7358.7
22/08/2022,7287.2
23/08/2022,7199.2
24/08/2022,7242.3
25/08/2022,7291.9
26/08/2022,7345.8
29/08/2022,7193.4
30/08/2022,7230.4
31/08/2022,7226.1
1/09/2022,7079.9
2/09/2022,7056.3
5/09/2022,7074.5
6/09/2022,7055.9
7/09/2022,6959.3
8/09/2022,7085.3
9/09/2022,7139
12/09/2022,7208.2
13/09/2022,7253.7
14/09/2022,7071.8
15/09/2022,7082.5
16/09/2022,6975.2
19/09/2022,6948.6
20/09/2022,7030
21/09/2022,6921.4
22/09/2022,6921.4
23/09/2022,6788.7
26/09/2022,6667.5
27/09/2022,6696.5
28/09/2022,6659.8
29/09/2022,6760.6
30/09/2022,6678.7
3/10/2022,6656.4
4/10/2022,6905.3
5/10/2022,7030.9
6/10/2022,7033.5
7/10/2022,6976.1
10/10/2022,6872
11/10/2022,6844.3
