yearmonth,rf
199207,6.55
199207,6.45
199207,6.35
199207,6.35
199207,6.25
199207,6
199207,5.8
199207,5.75
199207,5.75
199207,5.75
199207,5.85
199207,5.8
199207,5.73
199207,5.7
199207,5.7
199207,5.73
199207,5.75
199207,5.75
199207,5.83
199207,5.9
199207,6.1
199207,5.9
199207,5.75
199208,5.75
199208,5.7
199208,5.75
199208,5.65
199208,5.65
199208,5.75
199208,5.85
199208,5.95
199208,6.75
199208,5.9
199208,5.75
199208,5.75
199208,5.7
199208,5.75
199208,5.75
199208,5.9
199208,6.05
199208,6.6
199208,5.8
199208,5.7
199208,5.65
199209,5.65
199209,5.6
199209,5.6
199209,5.5
199209,5.6
199209,5.8
199209,5.77
199209,5.78
199209,5.7
199209,5.75
199209,5.85
199209,5.95
199209,5.88
199209,5.78
199209,5.78
199209,5.75
199209,5.78
199209,5.65
199209,5.7
199209,5.7
199209,5.8
199209,5.93
199210,5.75
199210,5.7
199210,5.75
199210,5.8
199210,5.82
199210,5.78
199210,5.7
199210,5.75
199210,5.78
199210,5.78
199210,5.73
199210,5.71
199210,5.72
199210,5.7
199210,5.68
199210,5.75
199210,5.7
199210,5.71
199210,5.7
199210,5.75
199210,5.75
199210,5.75
199211,5.7
199211,5.7
199211,5.75
199211,5.75
199211,5.75
199211,5.8
199211,5.85
199211,5.8
199211,5.75
199211,5.78
199211,5.75
199211,5.75
199211,5.75
199211,5.8
199211,5.75
199211,5.8
199211,5.8
199211,5.78
199211,5.78
199211,5.8
199211,5.8
199212,5.9
199212,5.95
199212,5.7
199212,5.75
199212,5.83
199212,5.95
199212,5.8
199212,5.8
199212,5.77
199212,5.77
199212,5.8
199212,5.8
199212,5.8
199212,5.75
199212,5.73
199212,5.73
199212,5.82
199212,5.73
199212,5.75
199212,5.7
199212,5.83
199301,5.78
199301,5.75
199301,5.74
199301,5.79
199301,5.77
199301,5.76
199301,5.75
199301,5.75
199301,5.75
199301,5.75
199301,5.75
199301,5.75
199301,5.72
199301,5.7
199301,5.72
199301,5.75
199301,5.75
199301,5.75
199301,5.76
199301,5.78
199302,5.78
199302,5.76
199302,5.73
199302,5.74
199302,5.75
199302,5.75
199302,5.78
199302,5.73
199302,5.73
199302,5.7
199302,5.75
199302,5.71
199302,5.74
199302,5.73
199302,5.74
199302,5.73
199302,5.73
199302,5.78
199302,5.73
199302,5.7
199303,5.71
199303,5.7
199303,5.71
199303,5.7
199303,5.7
199303,5.72
199303,5.73
199303,5.73
199303,5.76
199303,5.76
199303,5.78
199303,5.82
199303,5.8
199303,5.76
199303,5.75
199303,5.8
199303,5.47
199303,5.45
199303,5.25
199303,5.21
199303,5.25
199303,5.28
199303,5.32
199304,5.27
199304,5.21
199304,5.23
199304,5.24
199304,5.26
199304,5.24
199304,5.27
199304,5.27
199304,5.25
199304,5.24
199304,5.25
199304,5.25
199304,5.25
199304,5.23
199304,5.25
199304,5.25
199304,5.25
199304,5.25
199304,5.24
199304,5.25
199305,5.27
199305,5.28
199305,5.25
199305,5.25
199305,5.25
199305,5.23
199305,5.25
199305,5.23
199305,5.23
199305,5.25
199305,5.26
199305,5.3
199305,5.25
199305,5.23
199305,5.24
199305,5.25
199305,5.26
199305,5.28
199305,5.28
199305,5.3
199305,5.29
199306,5.3
199306,5.28
199306,5.28
199306,5.26
199306,5.26
199306,5.26
199306,5.27
199306,5.28
199306,5.29
199306,5.3
199306,5.27
199306,5.28
199306,5.23
199306,5.24
199306,5.26
199306,5.26
199306,5.25
199306,5.25
199306,5.26
199306,5.27
199306,5.35
199307,5.29
199307,5.26
199307,5.28
199307,5.28
199307,5.3
199307,5.27
199307,5.26
199307,5.26
199307,5.24
199307,5.26
199307,5.25
199307,5.26
199307,5.25
199307,5.25
199307,5.26
199307,5.23
199307,5.25
199307,5.25
199307,5.21
199307,5.2
199307,5.25
199307,4.91
199308,4.75
199308,4.83
199308,4.8
199308,4.79
199308,4.78
199308,4.77
199308,4.77
199308,4.82
199308,4.8
199308,4.81
199308,4.81
199308,4.78
199308,4.76
199308,4.72
199308,4.73
199308,4.75
199308,4.72
199308,4.76
199308,4.72
199308,4.76
199308,4.77
199308,4.76
199309,4.76
199309,4.75
199309,4.73
199309,4.75
199309,4.7
199309,4.69
199309,4.72
199309,4.71
199309,4.75
199309,4.73
199309,4.72
199309,4.74
199309,4.7
199309,4.7
199309,4.71
199309,4.68
199309,4.7
199309,4.72
199309,4.74
199309,4.74
199309,4.73
199309,4.73
199310,4.68
199310,4.73
199310,4.73
199310,4.72
199310,4.73
199310,4.73
199310,4.7
199310,4.68
199310,4.7
199310,4.72
199310,4.72
199310,4.68
199310,4.69
199310,4.7
199310,4.71
199310,4.73
199310,4.74
199310,4.7
199310,4.71
199310,4.74
199311,4.73
199311,4.73
199311,4.72
199311,4.73
199311,4.71
199311,4.76
199311,4.77
199311,4.74
199311,4.77
199311,4.75
199311,4.76
199311,4.76
199311,4.75
199311,4.75
199311,4.74
199311,4.78
199311,4.74
199311,4.73
199311,4.78
199311,4.74
199311,4.78
199311,4.76
199312,4.76
199312,4.75
199312,4.75
199312,4.75
199312,4.77
199312,4.8
199312,4.79
199312,4.79
199312,4.78
199312,4.78
199312,4.79
199312,4.82
199312,4.78
199312,4.78
199312,4.82
199312,4.8
199312,4.79
199312,4.77
199312,4.79
199312,4.81
199312,4.82
199401,4.8
199401,4.78
199401,4.73
199401,4.73
199401,4.73
199401,4.73
199401,4.71
199401,4.76
199401,4.75
199401,4.72
199401,4.71
199401,4.7
199401,4.71
199401,4.68
199401,4.68
199401,4.73
199401,4.78
199401,4.78
199401,4.78
199402,4.73
199402,4.73
199402,4.73
199402,4.74
199402,4.74
199402,4.76
199402,4.73
199402,4.73
199402,4.73
199402,4.77
199402,4.73
199402,4.73
199402,4.74
199402,4.76
199402,4.73
199402,4.75
199402,4.75
199402,4.76
199402,4.76
199402,4.75
199403,4.75
199403,4.74
199403,4.78
199403,4.75
199403,4.76
199403,4.76
199403,4.78
199403,4.8
199403,4.78
199403,4.76
199403,4.77
199403,4.79
199403,4.78
199403,4.78
199403,4.78
199403,4.8
199403,4.77
199403,4.78
199403,4.8
199403,4.8
199403,4.85
199403,4.81
199403,4.81
199404,4.79
199404,4.79
199404,4.8
199404,4.74
199404,4.74
199404,4.75
199404,4.73
199404,4.71
199404,4.74
199404,4.74
199404,4.73
199404,4.75
199404,4.74
199404,4.78
199404,4.77
199404,4.79
199404,4.77
199404,4.8
199405,4.8
199405,4.76
199405,4.76
199405,4.73
199405,4.72
199405,4.71
199405,4.73
199405,4.73
199405,4.73
199405,4.72
199405,4.71
199405,4.74
199405,4.69
199405,4.71
199405,4.7
199405,4.73
199405,4.75
199405,4.75
199405,4.78
199405,4.73
199405,4.73
199405,4.8
199406,4.78
199406,4.8
199406,4.78
199406,4.79
199406,4.73
199406,4.72
199406,4.72
199406,4.72
199406,4.77
199406,4.76
199406,4.78
199406,4.72
199406,4.73
199406,4.75
199406,4.75
199406,4.76
199406,4.78
199406,4.78
199406,4.82
199406,4.84
199406,4.84
199407,4.78
199407,4.74
199407,4.72
199407,4.72
199407,4.73
199407,4.72
199407,4.75
199407,4.75
199407,4.74
199407,4.72
199407,4.75
199407,4.72
199407,4.71
199407,4.71
199407,4.71
199407,4.73
199407,4.7
199407,4.77
199407,4.73
199407,4.76
199407,4.81
199408,4.83
199408,4.79
199408,4.78
199408,4.8
199408,4.8
199408,4.78
199408,4.76
199408,4.78
199408,4.78
199408,4.79
199408,4.8
199408,4.81
199408,5.3
199408,5.48
199408,5.51
199408,5.53
199408,5.58
199408,5.52
199408,5.5
199408,5.49
199408,5.52
199408,5.5
199408,5.5
199409,5.5
199409,5.5
199409,5.5
199409,5.47
199409,5.46
199409,5.47
199409,5.49
199409,5.47
199409,5.48
199409,5.47
199409,5.48
199409,5.5
199409,5.49
199409,5.51
199409,5.48
199409,5.49
199409,5.51
199409,5.53
199409,5.51
199409,5.52
199409,5.53
199409,5.6
199410,5.6
199410,5.52
199410,5.5
199410,5.51
199410,5.49
199410,5.49
199410,5.49
199410,5.48
199410,5.47
199410,5.46
199410,5.48
199410,5.48
199410,5.48
199410,5.5
199410,5.54
199410,6.5
199410,6.53
199410,6.53
199410,6.52
199410,6.5
199410,6.51
199411,6.5
199411,6.53
199411,6.51
199411,6.52
199411,6.53
199411,6.52
199411,6.51
199411,6.5
199411,6.5
199411,6.52
199411,6.51
199411,6.49
199411,6.5
199411,6.48
199411,6.5
199411,6.48
199411,6.49
199411,6.48
199411,6.5
199411,6.49
199411,6.53
199411,6.53
199412,6.5
199412,6.44
199412,6.45
199412,6.43
199412,6.47
199412,6.47
199412,6.47
199412,6.5
199412,6.45
199412,7.05
199412,7.52
199412,7.5
199412,7.5
199412,7.51
199412,7.53
199412,7.51
199412,7.59
199412,7.57
199412,7.52
199412,7.6
199501,7.5
199501,7.5
199501,7.46
199501,7.46
199501,7.49
199501,7.49
199501,7.49
199501,7.52
199501,7.52
199501,7.48
199501,7.5
199501,7.47
199501,7.47
199501,7.47
199501,7.47
199501,7.52
199501,7.5
199501,7.51
199501,7.52
199501,7.52
199502,7.5
199502,7.49
199502,7.46
199502,7.49
199502,7.5
199502,7.47
199502,7.48
199502,7.5
199502,7.43
199502,7.48
199502,7.5
199502,7.5
199502,7.47
199502,7.47
199502,7.47
199502,7.48
199502,7.48
199502,7.5
199502,7.46
199502,7.5
199503,7.48
199503,7.47
199503,7.49
199503,7.47
199503,7.47
199503,7.47
199503,7.5
199503,7.5
199503,7.51
199503,7.5
199503,7.5
199503,7.5
199503,7.5
199503,7.52
199503,7.5
199503,7.51
199503,7.5
199503,7.5
199503,7.5
199503,7.47
199503,7.47
199503,7.48
199503,7.5
199504,7.49
199504,7.5
199504,7.49
199504,7.5
199504,7.5
199504,7.5
199504,7.52
199504,7.51
199504,7.51
199504,7.47
199504,7.48
199504,7.52
199504,7.5
199504,7.52
199504,7.52
199504,7.57
199504,7.52
199505,7.5
199505,7.47
199505,7.49
199505,7.51
199505,7.49
199505,7.5
199505,7.5
199505,7.51
199505,7.49
199505,7.5
199505,7.5
199505,7.5
199505,7.5
199505,7.48
199505,7.51
199505,7.5
199505,7.5
199505,7.5
199505,7.5
199505,7.5
199505,7.5
199505,7.5
199505,7.53
199506,7.5
199506,7.5
199506,7.49
199506,7.5
199506,7.5
199506,7.5
199506,7.51
199506,7.5
199506,7.5
199506,7.5
199506,7.5
199506,7.5
199506,7.5
199506,7.5
199506,7.5
199506,7.49
199506,7.5
199506,7.55
199506,7.55
199506,7.5
199506,7.6
199507,7.49
199507,7.49
199507,7.52
199507,7.5
199507,7.5
199507,7.51
199507,7.53
199507,7.5
199507,7.51
199507,7.48
199507,7.5
199507,7.5
199507,7.5
199507,7.5
199507,7.5
199507,7.5
199507,7.5
199507,7.49
199507,7.53
199507,7.53
199507,7.59
199508,7.52
199508,7.5
199508,7.52
199508,7.5
199508,7.5
199508,7.5
199508,7.53
199508,7.59
199508,7.58
199508,7.5
199508,7.49
199508,7.51
199508,7.5
199508,7.5
199508,7.5
199508,7.5
199508,7.5
199508,7.5
199508,7.5
199508,7.5
199508,7.5
199508,7.5
199508,7.5
199509,7.48
199509,7.5
199509,7.5
199509,7.45
199509,7.5
199509,7.52
199509,7.5
199509,7.5
199509,7.5
199509,7.5
199509,7.49
199509,7.49
199509,7.5
199509,7.5
199509,7.48
199509,7.48
199509,7.5
199509,7.5
199509,7.48
199509,7.48
199509,7.5
199510,7.5
199510,7.48
199510,7.45
199510,7.47
199510,7.48
199510,7.49
199510,7.49
199510,7.5
199510,7.49
199510,7.48
199510,7.46
199510,7.44
199510,7.45
199510,7.48
199510,7.45
199510,7.5
199510,7.5
199510,7.5
199510,7.5
199510,7.5
199510,7.5
199510,7.55
199511,7.53
199511,7.5
199511,7.5
199511,7.49
199511,7.48
199511,7.5
199511,7.5
199511,7.5
199511,7.5
199511,7.5
199511,7.5
199511,7.5
199511,7.48
199511,7.5
199511,7.5
199511,7.5
199511,7.5
199511,7.5
199511,7.51
199511,7.5
199511,7.51
199511,7.55
199512,7.5
199512,7.51
199512,7.52
199512,7.51
199512,7.5
199512,7.5
199512,7.5
199512,7.5
199512,7.5
199512,7.5
199512,7.53
199512,7.52
199512,7.5
199512,7.53
199512,7.55
199512,7.49
199512,7.5
199512,7.5
199512,7.5
199601,7.51
199601,7.51
199601,7.51
199601,7.5
199601,7.5
199601,7.51
199601,7.5
199601,7.5
199601,7.49
199601,7.5
199601,7.5
199601,7.49
199601,7.48
199601,7.5
199601,7.5
199601,7.49
199601,7.5
199601,7.5
199601,7.5
199601,7.52
199601,7.5
199602,7.5
199602,7.5
199602,7.5
199602,7.51
199602,7.48
199602,7.49
199602,7.48
199602,7.49
199602,7.51
199602,7.48
199602,7.49
199602,7.52
199602,7.49
199602,7.5
199602,7.5
199602,7.5
199602,7.51
199602,7.52
199602,7.53
199602,7.54
199602,7.53
199603,7.5
199603,7.5
199603,7.51
199603,7.5
199603,7.51
199603,7.51
199603,7.5
199603,7.53
199603,7.53
199603,7.5
199603,7.52
199603,7.53
199603,7.53
199603,7.53
199603,7.53
199603,7.53
199603,7.53
199603,7.51
199603,7.53
199603,7.55
199603,7.51
199604,7.5
199604,7.5
199604,7.5
199604,7.48
199604,7.51
199604,7.52
199604,7.46
199604,7.45
199604,7.5
199604,7.49
199604,7.49
199604,7.49
199604,7.47
199604,7.47
199604,7.5
199604,7.53
199604,7.5
199604,7.5
199604,7.53
199605,7.51
199605,7.54
199605,7.51
199605,7.53
199605,7.53
199605,7.51
199605,7.53
199605,7.53
199605,7.5
199605,7.49
199605,7.53
199605,7.51
199605,7.49
199605,7.5
199605,7.5
199605,7.5
199605,7.49
199605,7.49
199605,7.49
199605,7.51
199605,7.53
199605,7.53
199605,7.53
199606,7.51
199606,7.53
199606,7.55
199606,7.55
199606,7.5
199606,7.51
199606,7.54
199606,7.54
199606,7.49
199606,7.5
199606,7.5
199606,7.45
199606,7.45
199606,7.45
199606,7.53
199606,7.55
199606,7.49
199606,7.49
199606,7.57
199607,7.55
199607,7.56
199607,7.5
199607,7.51
199607,7.5
199607,7.52
199607,7.55
199607,7.55
199607,7.55
199607,7.53
199607,7.5
199607,7.5
199607,7.51
199607,7.5
199607,7.51
199607,7.51
199607,7.55
199607,7.55
199607,7.55
199607,7.55
199607,7.5
199607,7.49
199607,7.09
199608,7.03
199608,7
199608,7
199608,7
199608,7.01
199608,7.03
199608,6.98
199608,7
199608,7.02
199608,7
199608,7
199608,7.01
199608,6.98
199608,7
199608,7
199608,7.01
199608,7
199608,7.01
199608,7.04
199608,7
199608,7.02
199608,6.99
199609,7
199609,7
199609,7
199609,7.05
199609,7.02
199609,7.02
199609,6.98
199609,6.99
199609,7
199609,6.99
199609,7
199609,7
199609,7
199609,7.02
199609,7
199609,7
199609,7
199609,7.02
199609,7.02
199609,7
199609,7.02
199610,7
199610,7
199610,7
199610,7
199610,7
199610,7
199610,7
199610,7.01
199610,7
199610,7
199610,7
199610,7
199610,7
199610,6.99
199610,7
199610,7
199610,7
199610,7
199610,6.98
199610,7
199610,7
199610,7.03
199610,7.05
199611,7
199611,7
199611,7.02
199611,6.49
199611,6.5
199611,6.5
199611,6.53
199611,6.51
199611,6.47
199611,6.52
199611,6.5
199611,6.52
199611,6.5
199611,6.5
199611,6.51
199611,6.5
199611,6.51
199611,6.5
199611,6.5
199611,6.5
199611,6.5
199612,6.55
199612,6.55
199612,6.55
199612,6.51
199612,6.54
199612,6.55
199612,6.56
199612,6.03
199612,6.03
199612,6.03
199612,6.08
199612,6.06
199612,6.06
199612,6.03
199612,6.05
199612,6.05
199612,6.07
199612,6.1
199612,6.1
199612,6.08
199701,6.13
199701,6.08
199701,6.06
199701,6.03
199701,6.03
199701,6.03
199701,6.03
199701,6.04
199701,6.03
199701,6.05
199701,6.05
199701,6.03
199701,6.04
199701,6.03
199701,6.01
199701,6
199701,6
199701,6.05
199701,6.03
199701,5.98
199701,6.03
199702,6.02
199702,6.02
199702,5.97
199702,6.03
199702,5.96
199702,6
199702,6.01
199702,6
199702,6.02
199702,6.03
199702,6
199702,5.98
199702,6.03
199702,6.01
199702,6
199702,6
199702,6.03
199702,6
199702,5.99
199702,6.01
199703,6.01
199703,6.03
199703,6.05
199703,6.05
199703,6.05
199703,6.03
199703,6.03
199703,6.03
199703,6.05
199703,6.04
199703,6.03
199703,6
199703,6.03
199703,6.05
199703,6.03
199703,6
199703,6.05
199703,6.05
199703,6.13
199704,6.08
199704,6.03
199704,6.11
199704,6.06
199704,6.06
199704,6.03
199704,6.11
199704,6.03
199704,6.05
199704,6.04
199704,6.07
199704,6.06
199704,6.01
199704,6.03
199704,6.03
199704,6.05
199704,6.03
199704,6.07
199704,6.05
199704,6.06
199704,6.07
199705,6.06
199705,6.04
199705,6.05
199705,6.03
199705,6.05
199705,6.03
199705,6.09
199705,6.11
199705,6.09
199705,6.05
199705,6.03
199705,6.03
199705,6
199705,6
199705,6.07
199705,6.03
199705,5.54
199705,5.55
199705,5.54
199705,5.55
199705,5.55
199705,5.53
199706,5.57
199706,5.59
199706,5.61
199706,5.58
199706,5.58
199706,5.64
199706,5.58
199706,5.58
199706,5.8
199706,5.75
199706,5.63
199706,5.57
199706,5.52
199706,5.48
199706,5.45
199706,5.44
199706,5.44
199706,5.44
199706,5.5
199706,5.65
199707,5.57
199707,5.58
199707,5.53
199707,5.5
199707,5.49
199707,5.48
199707,5.49
199707,5.45
199707,5.45
199707,5.48
199707,5.45
199707,5.48
199707,5.48
199707,5.48
199707,5.45
199707,5.45
199707,5.5
199707,5.49
199707,5.45
199707,5.47
199707,5.46
199707,5.01
199707,4.99
199708,4.98
199708,5
199708,4.99
199708,5
199708,5
199708,4.98
199708,4.97
199708,4.98
199708,4.95
199708,4.98
199708,4.96
199708,4.98
199708,4.98
199708,5
199708,4.98
199708,4.95
199708,4.97
199708,4.95
199708,4.97
199708,4.95
199708,4.96
199709,4.98
199709,5.02
199709,5.01
199709,4.96
199709,4.98
199709,5
199709,4.99
199709,4.95
199709,5.01
199709,5
199709,5
199709,5
199709,4.98
199709,5
199709,4.95
199709,4.98
199709,4.96
199709,4.93
199709,4.97
199709,4.98
199709,4.99
199709,5
199710,4.92
199710,4.9
199710,4.95
199710,4.95
199710,4.95
199710,5
199710,4.94
199710,5.02
199710,5
199710,4.97
199710,5
199710,4.97
199710,4.93
199710,5
199710,5
199710,4.98
199710,4.98
199710,5.03
199710,5
199710,5.03
199710,5.05
199710,5.03
199710,5.01
199711,4.99
199711,4.99
199711,5.02
199711,4.97
199711,4.97
199711,5
199711,5
199711,5.03
199711,5
199711,4.99
199711,5
199711,5
199711,4.99
199711,5
199711,4.99
199711,5.03
199711,4.98
199711,5.03
199711,5
199711,5.09
199712,5.05
199712,5.03
199712,5
199712,5.01
199712,5
199712,5
199712,4.99
199712,4.98
199712,5.01
199712,5.03
199712,5
199712,5
199712,5
199712,4.99
199712,5
199712,5.02
199712,5.05
199712,5.03
199712,5.1
199712,5.05
199712,5.19
199801,5.07
199801,5.03
199801,5.04
199801,5.02
199801,5
199801,4.93
199801,4.95
199801,4.99
199801,5
199801,5.01
199801,5
199801,4.99
199801,4.98
199801,4.97
199801,4.99
199801,5.02
199801,5
199801,5.03
199801,5
199801,5
199802,5
199802,5
199802,5
199802,4.98
199802,4.97
199802,4.98
199802,4.98
199802,4.95
199802,4.98
199802,4.96
199802,4.99
199802,4.99
199802,4.98
199802,4.98
199802,4.98
199802,4.98
199802,4.97
199802,5
199802,5
199802,4.98
199803,4.99
199803,5
199803,4.99
199803,4.98
199803,4.98
199803,5
199803,5
199803,5
199803,5
199803,4.97
199803,5.02
199803,5
199803,5
199803,5
199803,5
199803,5
199803,5
199803,5
199803,5.01
199803,4.98
199803,5
199803,5
199804,5.03
199804,5
199804,4.97
199804,4.98
199804,4.98
199804,4.98
199804,4.93
199804,4.98
199804,5
199804,5
199804,4.98
199804,4.98
199804,4.97
199804,4.98
199804,4.93
199804,4.94
199804,5
199804,4.98
199804,4.98
199804,5
199805,5
199805,5
199805,5.03
199805,5
199805,4.99
199805,5.03
199805,4.98
199805,5
199805,4.98
199805,5
199805,5.03
199805,5
199805,5
199805,5
199805,5
199805,4.96
199805,5
199805,5.01
199805,5
199805,5
199805,5
199806,5
199806,5
199806,5.03
199806,5
199806,5.02
199806,5.13
199806,5.05
199806,5.05
199806,5.1
199806,5
199806,5.13
199806,5.24
199806,5.2
199806,5.07
199806,5.14
199806,5.1
199806,5.1
199806,5.1
199806,5.04
199806,5.01
199806,5
199807,5.02
199807,4.97
199807,4.97
199807,4.94
199807,4.96
199807,5
199807,5.01
199807,4.97
199807,4.99
199807,5
199807,5.02
199807,4.99
199807,4.97
199807,4.99
199807,4.96
199807,4.97
199807,4.96
199807,4.98
199807,4.97
199807,4.97
199807,5
199807,4.95
199807,4.97
199808,4.97
199808,4.98
199808,4.97
199808,4.97
199808,4.92
199808,4.94
199808,4.92
199808,4.96
199808,5
199808,4.97
199808,4.98
199808,4.94
199808,4.96
199808,4.96
199808,4.95
199808,4.98
199808,4.98
199808,4.99
199808,5.02
199808,5
199808,5.01
199809,4.95
199809,4.98
199809,4.98
199809,4.99
199809,4.99
199809,4.99
199809,4.97
199809,4.97
199809,4.93
199809,4.96
199809,4.93
199809,4.95
199809,4.96
199809,4.99
199809,4.99
199809,4.96
199809,4.95
199809,4.98
199809,4.96
199809,4.98
199809,4.98
199809,5.01
199810,4.98
199810,4.93
199810,4.95
199810,4.96
199810,4.99
199810,4.98
199810,4.96
199810,4.97
199810,4.97
199810,4.97
199810,4.99
199810,4.95
199810,4.99
199810,4.97
199810,4.99
199810,4.99
199810,4.95
199810,4.96
199810,4.95
199810,4.96
199810,4.95
199810,5
199811,5
199811,5
199811,4.98
199811,4.96
199811,4.97
199811,4.98
199811,4.97
199811,5.01
199811,5
199811,4.97
199811,4.98
199811,4.96
199811,4.97
199811,4.98
199811,4.98
199811,4.98
199811,4.96
199811,4.97
199811,4.99
199811,4.99
199811,4.99
199812,5.02
199812,4.81
199812,4.79
199812,4.74
199812,4.73
199812,4.71
199812,4.77
199812,4.74
199812,4.73
199812,4.74
199812,4.74
199812,4.74
199812,4.73
199812,4.73
199812,4.74
199812,4.72
199812,4.74
199812,4.68
199812,4.77
199812,4.71
199812,4.71
199901,4.68
199901,4.71
199901,4.72
199901,4.71
199901,4.7
199901,4.7
199901,4.73
199901,4.69
199901,4.68
199901,4.69
199901,4.73
199901,4.72
199901,4.75
199901,4.73
199901,4.72
199901,4.74
199901,4.74
199901,4.75
199901,4.74
199902,4.74
199902,4.71
199902,4.73
199902,4.74
199902,4.73
199902,4.73
199902,4.72
199902,4.7
199902,4.71
199902,4.71
199902,4.72
199902,4.71
199902,4.72
199902,4.74
199902,4.73
199902,4.71
199902,4.7
199902,4.69
199902,4.72
199902,4.72
199903,4.76
199903,4.73
199903,4.74
199903,4.74
199903,4.73
199903,4.72
199903,4.71
199903,4.71
199903,4.72
199903,4.74
199903,4.82
199903,4.73
199903,4.75
199903,4.74
199903,4.72
199903,4.72
199903,4.74
199903,4.77
199903,4.72
199903,4.73
199903,4.75
199903,4.75
199903,4.76
199904,4.75
199904,4.73
199904,4.72
199904,4.73
199904,4.71
199904,4.77
199904,4.77
199904,4.75
199904,4.79
199904,4.73
199904,4.75
199904,4.76
199904,4.71
199904,4.73
199904,4.74
199904,4.72
199904,4.75
199904,4.76
199904,4.76
199904,4.76
199905,4.76
199905,4.75
199905,4.73
199905,4.76
199905,4.75
199905,4.76
199905,4.73
199905,4.72
199905,4.74
199905,4.77
199905,4.76
199905,4.73
199905,4.74
199905,4.76
199905,4.75
199905,4.75
199905,4.75
199905,4.73
199905,4.76
199905,4.76
199905,4.78
199906,4.78
199906,4.77
199906,4.73
199906,4.73
199906,4.76
199906,4.74
199906,4.73
199906,4.73
199906,4.75
199906,4.77
199906,4.82
199906,4.78
199906,4.8
199906,4.77
199906,4.78
199906,4.8
199906,4.78
199906,4.76
199906,4.76
199906,4.73
199906,4.79
199907,4.76
199907,4.73
199907,4.73
199907,4.72
199907,4.79
199907,4.74
199907,4.75
199907,4.73
199907,4.75
199907,4.74
199907,4.76
199907,4.75
199907,4.75
199907,4.73
199907,4.73
199907,4.73
199907,4.75
199907,4.75
199907,4.74
199907,4.75
199907,4.7
199907,4.74
199908,4.76
199908,4.71
199908,4.73
199908,4.7
199908,4.71
199908,4.69
199908,4.75
199908,4.72
199908,4.73
199908,4.7
199908,4.79
199908,4.77
199908,4.72
199908,4.72
199908,4.74
199908,4.73
199908,4.72
199908,4.73
199908,4.74
199908,4.76
199908,4.76
199908,4.77
199909,4.76
199909,4.74
199909,4.75
199909,4.76
199909,4.76
199909,4.73
199909,4.75
199909,4.75
199909,4.73
199909,4.75
199909,4.76
199909,4.77
199909,4.74
199909,4.76
199909,4.74
199909,4.71
199909,4.72
199909,4.74
199909,4.76
199909,4.74
199909,4.74
199909,4.76
199910,4.77
199910,4.77
199910,4.77
199910,4.75
199910,4.79
199910,4.78
199910,4.76
199910,4.77
199910,4.76
199910,4.77
199910,4.75
199910,4.76
199910,4.71
199910,4.71
199910,4.69
199910,4.66
199910,4.7
199910,4.73
199910,4.74
199910,4.75
199910,4.77
199911,4.78
199911,4.79
199911,5.03
199911,5.02
199911,5.02
199911,5.02
199911,4.99
199911,4.96
199911,4.99
199911,4.99
199911,4.99
199911,5
199911,5
199911,4.99
199911,5
199911,4.99
199911,5
199911,5.03
199911,5.03
199911,4.98
199911,5.01
199911,5.04
199912,4.98
199912,4.98
199912,4.97
199912,4.97
199912,4.96
199912,4.98
199912,4.97
199912,4.95
199912,4.96
199912,4.96
199912,4.99
199912,4.99
199912,4.98
199912,4.96
199912,4.89
199912,4.98
199912,4.99
199912,4.93
199912,4.97
199912,4.94
199912,4.97
200001,4.97
200001,4.96
200001,4.93
200001,4.94
200001,4.94
200001,4.98
200001,4.97
200001,4.99
200001,5.03
200001,5.01
200001,4.99
200001,4.98
200001,4.98
200001,4.96
200001,4.98
200001,4.97
200001,4.98
200001,4.99
200001,5.01
200002,5.01
200002,5.51
200002,5.5
200002,5.47
200002,5.48
200002,5.47
200002,5.48
200002,5.47
200002,5.45
200002,5.5
200002,5.48
200002,5.46
200002,5.46
200002,5.48
200002,5.49
200002,5.48
200002,5.47
200002,5.5
200002,5.49
200002,5.55
200002,5.49
200003,5.5
200003,5.48
200003,5.46
200003,5.48
200003,5.51
200003,5.51
200003,5.49
200003,5.48
200003,5.53
200003,5.52
200003,5.49
200003,5.5
200003,5.49
200003,5.49
200003,5.49
200003,5.49
200003,5.5
200003,5.48
200003,5.51
200003,5.48
200003,5.49
200003,5.5
200003,5.5
200004,5.5
200004,5.49
200004,5.78
200004,5.79
200004,5.76
200004,5.75
200004,5.73
200004,5.73
200004,5.74
200004,5.74
200004,5.76
200004,5.75
200004,5.73
200004,5.74
200004,5.76
200004,5.76
200004,5.76
200005,5.76
200005,5.77
200005,6
200005,6
200005,5.97
200005,6.01
200005,6.01
200005,6.01
200005,5.98
200005,5.99
200005,6.01
200005,6
200005,6.01
200005,5.99
200005,5.99
200005,5.99
200005,6
200005,6
200005,6.01
200005,5.99
200005,6.02
200005,6.02
200005,6.04
200006,6.04
200006,5.99
200006,6
200006,6
200006,6
200006,5.99
200006,5.99
200006,6.01
200006,5.99
200006,5.98
200006,5.99
200006,5.98
200006,5.99
200006,5.99
200006,6
200006,5.98
200006,6.01
200006,6.03
200006,6.03
200006,6.01
200006,6.03
200007,6.01
200007,6.02
200007,6.02
200007,6.02
200007,6.01
200007,5.99
200007,5.97
200007,5.97
200007,6
200007,6.02
200007,5.98
200007,5.97
200007,5.99
200007,5.98
200007,6
200007,5.98
200007,5.98
200007,5.98
200007,5.98
200007,5.99
200007,6.01
200008,6
200008,6.25
200008,6.25
200008,6.23
200008,6.24
200008,6.24
200008,6.25
200008,6.24
200008,6.25
200008,6.25
200008,6.25
200008,6.25
200008,6.24
200008,6.24
200008,6.27
200008,6.25
200008,6.25
200008,6.23
200008,6.24
200008,6.23
200008,6.24
200008,6.25
200008,6.27
200009,6.25
200009,6.25
200009,6.24
200009,6.23
200009,6.23
200009,6.24
200009,6.24
200009,6.24
200009,6.24
200009,6.25
200009,6.23
200009,6.24
200009,6.24
200009,6.23
200009,6.23
200009,6.24
200009,6.24
200009,6.24
200009,6.23
200009,6.24
200009,6.24
200010,6.23
200010,6.25
200010,6.22
200010,6.21
200010,6.23
200010,6.24
200010,6.2
200010,6.23
200010,6.22
200010,6.23
200010,6.25
200010,6.24
200010,6.22
200010,6.21
200010,6.18
200010,6.25
200010,6.24
200010,6.24
200010,6.22
200010,6.23
200010,6.24
200010,6.25
200011,6.25
200011,6.24
200011,6.21
200011,6.25
200011,6.24
200011,6.22
200011,6.22
200011,6.21
200011,6.23
200011,6.22
200011,6.22
200011,6.22
200011,6.2
200011,6.21
200011,6.21
200011,6.23
200011,6.22
200011,6.2
200011,6.21
200011,6.23
200011,6.23
200011,6.23
200012,6.22
200012,6.22
200012,6.22
200012,6.24
200012,6.23
200012,6.22
200012,6.22
200012,6.24
200012,6.27
200012,6.27
200012,6.25
200012,6.25
200012,6.25
200012,6.24
200012,6.22
200012,6.23
200012,6.21
200012,6.24
200012,6.21
200101,6.22
200101,6.23
200101,6.21
200101,6.23
200101,6.23
200101,6.23
200101,6.23
200101,6.23
200101,6.25
200101,6.25
200101,6.26
200101,6.24
200101,6.22
200101,6.23
200101,6.22
200101,6.23
200101,6.25
200101,6.26
200101,6.25
200101,6.25
200101,6.26
200102,6.25
200102,6.24
200102,6.22
200102,6.22
200102,5.74
200102,5.73
200102,5.73
200102,5.74
200102,5.75
200102,5.75
200102,5.76
200102,5.74
200102,5.73
200102,5.73
200102,5.72
200102,5.72
200102,5.73
200102,5.75
200102,5.74
200102,5.75
200103,5.74
200103,5.73
200103,5.75
200103,5.74
200103,5.5
200103,5.5
200103,5.48
200103,5.49
200103,5.51
200103,5.49
200103,5.48
200103,5.49
200103,5.49
200103,5.5
200103,5.49
200103,5.47
200103,5.5
200103,5.49
200103,5.5
200103,5.49
200103,5.5
200103,5.51
200104,5.49
200104,5.49
200104,4.98
200104,5.01
200104,5
200104,5
200104,5.01
200104,5
200104,5.01
200104,5.01
200104,5
200104,5.01
200104,4.98
200104,5
200104,5
200104,5
200104,4.98
200104,4.99
200105,5
200105,5
200105,5
200105,4.98
200105,4.98
200105,4.97
200105,4.99
200105,5
200105,4.99
200105,4.99
200105,4.98
200105,4.99
200105,4.99
200105,5
200105,4.99
200105,4.99
200105,4.97
200105,4.99
200105,4.98
200105,5
200105,5
200105,4.99
200105,5.01
200106,5.01
200106,5.02
200106,4.99
200106,5
200106,4.99
200106,4.99
200106,5
200106,5
200106,5
200106,5
200106,4.99
200106,4.99
200106,5
200106,4.99
200106,4.99
200106,4.99
200106,4.99
200106,5
200106,5
200106,5.01
200107,5.02
200107,5.03
200107,5.02
200107,5
200107,4.99
200107,5
200107,4.99
200107,4.99
200107,5
200107,5
200107,5
200107,4.99
200107,4.99
200107,4.98
200107,4.99
200107,5
200107,4.99
200107,4.98
200107,4.98
200107,4.98
200107,5
200107,4.99
200108,4.98
200108,4.98
200108,4.99
200108,4.99
200108,4.99
200108,4.99
200108,5
200108,5
200108,5
200108,5
200108,4.99
200108,5
200108,5
200108,5
200108,4.98
200108,4.98
200108,4.98
200108,4.98
200108,4.98
200108,4.99
200108,4.97
200108,4.99
200108,4.99
200109,4.99
200109,5
200109,4.74
200109,4.72
200109,4.73
200109,4.73
200109,4.75
200109,4.73
200109,4.74
200109,4.73
200109,4.7
200109,4.7
200109,4.69
200109,4.69
200109,4.7
200109,4.72
200109,4.71
200109,4.73
200109,4.73
200110,4.74
200110,4.49
200110,4.5
200110,4.5
200110,4.49
200110,4.48
200110,4.48
200110,4.49
200110,4.5
200110,4.49
200110,4.48
200110,4.49
200110,4.49
200110,4.48
200110,4.49
200110,4.49
200110,4.49
200110,4.48
200110,4.47
200110,4.46
200110,4.48
200110,4.49
200111,4.48
200111,4.47
200111,4.49
200111,4.49
200111,4.5
200111,4.5
200111,4.5
200111,4.5
200111,4.49
200111,4.48
200111,4.5
200111,4.49
200111,4.5
200111,4.5
200111,4.5
200111,4.5
200111,4.49
200111,4.5
200111,4.5
200111,4.5
200112,4.5
200112,4.49
200112,4.25
200112,4.24
200112,4.25
200112,4.25
200112,4.23
200112,4.25
200112,4.25
200112,4.24
200112,4.26
200112,4.23
200112,4.25
200112,4.24
200112,4.23
200112,4.23
200201,4.24
200201,4.23
200201,4.23
200201,4.25
200201,4.24
200201,4.24
200201,4.25
200201,4.25
200201,4.24
200201,4.24
200201,4.25
200201,4.25
200201,4.24
200201,4.24
200201,4.23
200201,4.24
200201,4.24
200201,4.25
200201,4.24
200201,4.25
200202,4.24
200202,4.23
200202,4.24
200202,4.24
200202,4.24
200202,4.24
200202,4.24
200202,4.25
200202,4.24
200202,4.25
200202,4.24
200202,4.23
200202,4.25
200202,4.25
200202,4.24
200202,4.23
200202,4.23
200202,4.23
200202,4.23
200202,4.24
200203,4.22
200203,4.23
200203,4.23
200203,4.23
200203,4.23
200203,4.22
200203,4.23
200203,4.24
200203,4.24
200203,4.24
200203,4.23
200203,4.23
200203,4.25
200203,4.23
200203,4.25
200203,4.23
200203,4.24
200203,4.24
200203,4.24
200203,4.24
200204,4.25
200204,4.23
200204,4.24
200204,4.24
200204,4.24
200204,4.24
200204,4.24
200204,4.24
200204,4.25
200204,4.25
200204,4.25
200204,4.24
200204,4.25
200204,4.24
200204,4.24
200204,4.24
200204,4.25
200204,4.24
200204,4.25
200204,4.23
200205,4.25
200205,4.25
200205,4.25
200205,4.24
200205,4.25
200205,4.5
200205,4.5
200205,4.5
200205,4.49
200205,4.5
200205,4.51
200205,4.49
200205,4.5
200205,4.49
200205,4.5
200205,4.5
200205,4.5
200205,4.49
200205,4.48
200205,4.49
200205,4.49
200205,4.49
200205,4.5
200206,4.5
200206,4.5
200206,4.74
200206,4.75
200206,4.74
200206,4.75
200206,4.75
200206,4.75
200206,4.74
200206,4.75
200206,4.75
200206,4.75
200206,4.75
200206,4.75
200206,4.75
200206,4.75
200206,4.75
200206,4.75
200206,4.75
200207,4.75
200207,4.75
200207,4.75
200207,4.75
200207,4.75
200207,4.75
200207,4.75
200207,4.75
200207,4.75
200207,4.75
200207,4.75
200207,4.75
200207,4.75
200207,4.75
200207,4.74
200207,4.75
200207,4.74
200207,4.75
200207,4.75
200207,4.75
200207,4.74
200207,4.75
200207,4.75
200208,4.74
200208,4.74
200208,4.75
200208,4.75
200208,4.75
200208,4.75
200208,4.74
200208,4.75
200208,4.74
200208,4.75
200208,4.75
200208,4.75
200208,4.75
200208,4.75
200208,4.75
200208,4.75
200208,4.75
200208,4.75
200208,4.75
200208,4.75
200208,4.75
200208,4.75
200209,4.75
200209,4.75
200209,4.75
200209,4.75
200209,4.75
200209,4.75
200209,4.74
200209,4.75
200209,4.75
200209,4.75
200209,4.75
200209,4.75
200209,4.75
200209,4.75
200209,4.74
200209,4.74
200209,4.74
200209,4.75
200209,4.75
200209,4.75
200209,4.75
200210,4.76
200210,4.76
200210,4.75
200210,4.75
200210,4.74
200210,4.75
200210,4.75
200210,4.75
200210,4.74
200210,4.75
200210,4.75
200210,4.75
200210,4.75
200210,4.74
200210,4.74
200210,4.75
200210,4.75
200210,4.75
200210,4.75
200210,4.75
200210,4.75
200210,4.75
200210,4.75
200211,4.75
200211,4.75
200211,4.75
200211,4.75
200211,4.75
200211,4.74
200211,4.74
200211,4.74
200211,4.75
200211,4.75
200211,4.75
200211,4.75
200211,4.75
200211,4.75
200211,4.75
200211,4.75
200211,4.75
200211,4.75
200211,4.75
200211,4.75
200211,4.75
200212,4.75
200212,4.75
200212,4.75
200212,4.75
200212,4.75
200212,4.75
200212,4.75
200212,4.75
200212,4.75
200212,4.75
200212,4.75
200212,4.75
200212,4.75
200212,4.75
200212,4.75
200212,4.75
200212,4.75
200212,4.75
200212,4.75
200212,4.75
200301,4.75
200301,4.75
200301,4.75
200301,4.75
200301,4.74
200301,4.75
200301,4.75
200301,4.74
200301,4.75
200301,4.75
200301,4.75
200301,4.75
200301,4.75
200301,4.75
200301,4.75
200301,4.75
200301,4.75
200301,4.75
200301,4.75
200301,4.75
200301,4.75
200302,4.75
200302,4.75
200302,4.75
200302,4.75
200302,4.74
200302,4.75
200302,4.75
200302,4.75
200302,4.75
200302,4.75
200302,4.75
200302,4.74
200302,4.75
200302,4.75
200302,4.74
200302,4.75
200302,4.75
200302,4.75
200302,4.75
200302,4.74
200303,4.75
200303,4.75
200303,4.75
200303,4.75
200303,4.75
200303,4.75
200303,4.75
200303,4.75
200303,4.75
200303,4.75
200303,4.75
200303,4.75
200303,4.75
200303,4.75
200303,4.75
200303,4.75
200303,4.75
200303,4.75
200303,4.75
200303,4.75
200303,4.75
200304,4.75
200304,4.75
200304,4.75
200304,4.75
200304,4.75
200304,4.75
200304,4.75
200304,4.75
200304,4.75
200304,4.75
200304,4.75
200304,4.74
200304,4.75
200304,4.75
200304,4.75
200304,4.75
200304,4.75
200304,4.75
200304,4.75
200305,4.75
200305,4.75
200305,4.74
200305,4.75
200305,4.75
200305,4.75
200305,4.75
200305,4.74
200305,4.75
200305,4.75
200305,4.75
200305,4.75
200305,4.75
200305,4.75
200305,4.75
200305,4.75
200305,4.75
200305,4.75
200305,4.75
200305,4.75
200305,4.75
200305,4.75
200306,4.75
200306,4.75
200306,4.75
200306,4.75
200306,4.75
200306,4.75
200306,4.75
200306,4.75
200306,4.75
200306,4.75
200306,4.75
200306,4.76
200306,4.75
200306,4.75
200306,4.75
200306,4.75
200306,4.75
200306,4.75
200306,4.75
200306,4.75
200307,4.75
200307,4.75
200307,4.75
200307,4.75
200307,4.75
200307,4.75
200307,4.75
200307,4.75
200307,4.75
200307,4.75
200307,4.75
200307,4.75
200307,4.75
200307,4.75
200307,4.75
200307,4.75
200307,4.75
200307,4.75
200307,4.75
200307,4.75
200307,4.75
200307,4.75
200307,4.75
200308,4.75
200308,4.75
200308,4.75
200308,4.75
200308,4.75
200308,4.75
200308,4.75
200308,4.75
200308,4.75
200308,4.75
200308,4.75
200308,4.75
200308,4.75
200308,4.75
200308,4.75
200308,4.75
200308,4.75
200308,4.75
200308,4.75
200308,4.75
200308,4.75
200309,4.75
200309,4.75
200309,4.75
200309,4.75
200309,4.75
200309,4.75
200309,4.75
200309,4.75
200309,4.75
200309,4.75
200309,4.75
200309,4.75
200309,4.75
200309,4.75
200309,4.75
200309,4.75
200309,4.75
200309,4.75
200309,4.75
200309,4.75
200309,4.75
200309,4.75
200310,4.75
200310,4.75
200310,4.75
200310,4.75
200310,4.75
200310,4.75
200310,4.75
200310,4.75
200310,4.75
200310,4.75
200310,4.75
200310,4.75
200310,4.75
200310,4.75
200310,4.75
200310,4.75
200310,4.75
200310,4.75
200310,4.75
200310,4.75
200310,4.75
200310,4.75
200310,4.75
200311,4.75
200311,4.75
200311,5
200311,5
200311,5
200311,5
200311,5
200311,5
200311,5
200311,5
200311,5
200311,5
200311,5
200311,5
200311,5
200311,5
200311,5
200311,5
200311,5
200311,5
200312,5
200312,5
200312,5.25
200312,5.25
200312,5.25
200312,5.25
200312,5.25
200312,5.25
200312,5.25
200312,5.25
200312,5.25
200312,5.25
200312,5.25
200312,5.25
200312,5.25
200312,5.25
200312,5.25
200312,5.25
200312,5.25
200312,5.25
200312,5.25
200401,5.25
200401,5.25
200401,5.25
200401,5.25
200401,5.25
200401,5.25
200401,5.25
200401,5.25
200401,5.25
200401,5.25
200401,5.25
200401,5.26
200401,5.25
200401,5.26
200401,5.26
200401,5.25
200401,5.25
200401,5.25
200401,5.25
200401,5.25
200402,5.25
200402,5.25
200402,5.25
200402,5.25
200402,5.25
200402,5.25
200402,5.25
200402,5.25
200402,5.25
200402,5.25
200402,5.25
200402,5.25
200402,5.25
200402,5.25
200402,5.25
200402,5.25
200402,5.25
200402,5.25
200402,5.25
200402,5.25
200403,5.25
200403,5.25
200403,5.25
200403,5.25
200403,5.25
200403,5.25
200403,5.25
200403,5.25
200403,5.25
200403,5.25
200403,5.25
200403,5.25
200403,5.25
200403,5.25
200403,5.25
200403,5.25
200403,5.25
200403,5.25
200403,5.25
200403,5.25
200403,5.25
200403,5.25
200403,5.25
200404,5.25
200404,5.25
200404,5.25
200404,5.25
200404,5.25
200404,5.25
200404,5.25
200404,5.25
200404,5.25
200404,5.25
200404,5.25
200404,5.25
200404,5.25
200404,5.25
200404,5.25
200404,5.26
200404,5.25
200404,5.26
200404,5.25
200404,5.25
200405,5.25
200405,5.25
200405,5.25
200405,5.25
200405,5.25
200405,5.25
200405,5.25
200405,5.25
200405,5.25
200405,5.25
200405,5.25
200405,5.25
200405,5.25
200405,5.25
200405,5.25
200405,5.25
200405,5.25
200405,5.25
200405,5.25
200405,5.25
200405,5.25
200406,5.25
200406,5.25
200406,5.25
200406,5.25
200406,5.25
200406,5.25
200406,5.25
200406,5.25
200406,5.25
200406,5.25
200406,5.25
200406,5.25
200406,5.25
200406,5.25
200406,5.25
200406,5.25
200406,5.25
200406,5.25
200406,5.25
200406,5.25
200406,5.25
200407,5.25
200407,5.25
200407,5.25
200407,5.25
200407,5.25
200407,5.25
200407,5.25
200407,5.25
200407,5.25
200407,5.25
200407,5.25
200407,5.25
200407,5.25
200407,5.25
200407,5.25
200407,5.25
200407,5.25
200407,5.25
200407,5.25
200407,5.25
200407,5.25
200407,5.25
200408,5.25
200408,5.25
200408,5.25
200408,5.25
200408,5.25
200408,5.25
200408,5.25
200408,5.25
200408,5.25
200408,5.25
200408,5.25
200408,5.25
200408,5.25
200408,5.25
200408,5.25
200408,5.25
200408,5.25
200408,5.25
200408,5.25
200408,5.25
200408,5.25
200408,5.25
200409,5.25
200409,5.25
200409,5.25
200409,5.25
200409,5.25
200409,5.25
200409,5.25
200409,5.25
200409,5.25
200409,5.25
200409,5.25
200409,5.25
200409,5.25
200409,5.25
200409,5.25
200409,5.25
200409,5.25
200409,5.25
200409,5.25
200409,5.25
200409,5.25
200409,5.25
200410,5.25
200410,5.25
200410,5.25
200410,5.25
200410,5.25
200410,5.25
200410,5.25
200410,5.25
200410,5.25
200410,5.25
200410,5.25
200410,5.25
200410,5.25
200410,5.25
200410,5.25
200410,5.25
200410,5.25
200410,5.25
200410,5.25
200410,5.25
200410,5.25
200411,5.25
200411,5.25
200411,5.25
200411,5.25
200411,5.25
200411,5.25
200411,5.25
200411,5.25
200411,5.25
200411,5.25
200411,5.25
200411,5.25
200411,5.25
200411,5.25
200411,5.25
200411,5.25
200411,5.25
200411,5.25
200411,5.25
200411,5.25
200411,5.25
200411,5.25
200412,5.25
200412,5.25
200412,5.25
200412,5.25
200412,5.25
200412,5.25
200412,5.25
200412,5.25
200412,5.25
200412,5.25
200412,5.25
200412,5.25
200412,5.25
200412,5.25
200412,5.25
200412,5.5
200412,5.5
200412,5.25
200412,5.25
200412,5.25
200412,5.25
200501,5.25
200501,5.25
200501,5.25
200501,5.25
200501,5.25
200501,5.25
200501,5.25
200501,5.25
200501,5.25
200501,5.25
200501,5.25
200501,5.25
200501,5.25
200501,5.25
200501,5.25
200501,5.25
200501,5.25
200501,5.25
200501,5.25
200502,5.25
200502,5.25
200502,5.25
200502,5.25
200502,5.25
200502,5.25
200502,5.25
200502,5.25
200502,5.25
200502,5.25
200502,5.25
200502,5.25
200502,5.25
200502,5.25
200502,5.25
200502,5.25
200502,5.25
200502,5.25
200502,5.25
200502,5.25
200503,5.25
200503,5.5
200503,5.5
200503,5.5
200503,5.5
200503,5.5
200503,5.5
200503,5.5
200503,5.5
200503,5.5
200503,5.5
200503,5.5
200503,5.5
200503,5.5
200503,5.5
200503,5.5
200503,5.5
200503,5.5
200503,5.5
200503,5.5
200503,5.5
200504,5.5
200504,5.5
200504,5.5
200504,5.5
200504,5.5
200504,5.5
200504,5.5
200504,5.5
200504,5.5
200504,5.5
200504,5.5
200504,5.5
200504,5.5
200504,5.5
200504,5.5
200504,5.5
200504,5.5
200504,5.5
200504,5.5
200504,5.5
200505,5.5
200505,5.5
200505,5.5
200505,5.5
200505,5.5
200505,5.5
200505,5.5
200505,5.5
200505,5.5
200505,5.5
200505,5.5
200505,5.5
200505,5.5
200505,5.5
200505,5.5
200505,5.5
200505,5.5
200505,5.5
200505,5.5
200505,5.5
200505,5.5
200505,5.5
200506,5.5
200506,5.5
200506,5.5
200506,5.5
200506,5.5
200506,5.5
200506,5.5
200506,5.5
200506,5.5
200506,5.5
200506,5.5
200506,5.5
200506,5.5
200506,5.5
200506,5.5
200506,5.5
200506,5.5
200506,5.5
200506,5.5
200506,5.5
200506,5.5
200507,5.5
200507,5.5
200507,5.5
200507,5.5
200507,5.5
200507,5.5
200507,5.5
200507,5.5
200507,5.5
200507,5.5
200507,5.5
200507,5.5
200507,5.5
200507,5.5
200507,5.5
200507,5.5
200507,5.5
200507,5.5
200507,5.5
200507,5.5
200507,5.5
200508,5.5
200508,5.5
200508,5.5
200508,5.5
200508,5.5
200508,5.5
200508,5.5
200508,5.5
200508,5.5
200508,5.5
200508,5.5
200508,5.5
200508,5.5
200508,5.5
200508,5.5
200508,5.5
200508,5.5
200508,5.5
200508,5.5
200508,5.5
200508,5.5
200508,5.5
200508,5.5
200509,5.5
200509,5.5
200509,5.5
200509,5.5
200509,5.5
200509,5.5
200509,5.5
200509,5.5
200509,5.5
200509,5.5
200509,5.5
200509,5.5
200509,5.5
200509,5.5
200509,5.5
200509,5.5
200509,5.5
200509,5.5
200509,5.5
200509,5.5
200509,5.5
200509,5.5
200510,5.5
200510,5.5
200510,5.5
200510,5.5
200510,5.5
200510,5.5
200510,5.5
200510,5.5
200510,5.5
200510,5.5
200510,5.5
200510,5.5
200510,5.5
200510,5.5
200510,5.5
200510,5.5
200510,5.5
200510,5.5
200510,5.5
200510,5.5
200510,5.5
200511,5.5
200511,5.5
200511,5.5
200511,5.5
200511,5.5
200511,5.5
200511,5.5
200511,5.5
200511,5.5
200511,5.5
200511,5.5
200511,5.5
200511,5.5
200511,5.5
200511,5.5
200511,5.5
200511,5.5
200511,5.5
200511,5.5
200511,5.5
200511,5.5
200511,5.5
200512,5.5
200512,5.5
200512,5.5
200512,5.5
200512,5.5
200512,5.5
200512,5.5
200512,5.5
200512,5.5
200512,5.5
200512,5.5
200512,5.5
200512,5.5
200512,5.5
200512,5.5
200512,5.5
200512,5.5
200512,5.5
200512,5.5
200512,5.5
200601,5.5
200601,5.5
200601,5.5
200601,5.5
200601,5.5
200601,5.5
200601,5.5
200601,5.5
200601,5.5
200601,5.5
200601,5.5
200601,5.5
200601,5.5
200601,5.5
200601,5.5
200601,5.5
200601,5.5
200601,5.5
200601,5.5
200601,5.5
200602,5.5
200602,5.5
200602,5.5
200602,5.5
200602,5.5
200602,5.5
200602,5.5
200602,5.5
200602,5.5
200602,5.5
200602,5.5
200602,5.5
200602,5.5
200602,5.5
200602,5.5
200602,5.5
200602,5.5
200602,5.5
200602,5.5
200602,5.5
200603,5.5
200603,5.5
200603,5.5
200603,5.5
200603,5.5
200603,5.5
200603,5.5
200603,5.5
200603,5.5
200603,5.5
200603,5.5
200603,5.5
200603,5.5
200603,5.5
200603,5.5
200603,5.5
200603,5.5
200603,5.5
200603,5.5
200603,5.5
200603,5.5
200603,5.5
200603,5.5
200604,5.5
200604,5.5
200604,5.5
200604,5.5
200604,5.5
200604,5.5
200604,5.5
200604,5.5
200604,5.5
200604,5.5
200604,5.5
200604,5.5
200604,5.5
200604,5.5
200604,5.5
200604,5.5
200604,5.5
200605,5.5
200605,5.5
200605,5.75
200605,5.75
200605,5.75
200605,5.75
200605,5.75
200605,5.75
200605,5.75
200605,5.75
200605,5.75
200605,5.75
200605,5.75
200605,5.75
200605,5.75
200605,5.75
200605,5.75
200605,5.75
200605,5.75
200605,5.75
200605,5.75
200605,5.75
200605,5.75
200606,5.75
200606,5.75
200606,5.75
200606,5.75
200606,5.75
200606,5.75
200606,5.75
200606,5.75
200606,5.75
200606,5.75
200606,5.75
200606,5.75
200606,5.75
200606,5.75
200606,5.75
200606,5.75
200606,5.75
200606,5.75
200606,5.75
200606,5.75
200606,5.75
200607,5.75
200607,5.75
200607,5.75
200607,5.75
200607,5.75
200607,5.75
200607,5.75
200607,5.75
200607,5.75
200607,5.75
200607,5.75
200607,5.75
200607,5.75
200607,5.75
200607,5.75
200607,5.75
200607,5.75
200607,5.75
200607,5.75
200607,5.75
200607,5.75
200608,5.75
200608,6
200608,6
200608,6
200608,6
200608,6
200608,6
200608,6
200608,6
200608,6
200608,6
200608,6
200608,6
200608,6
200608,6
200608,6
200608,6
200608,6
200608,6
200608,6
200608,6
200608,6
200608,6
200609,6
200609,6
200609,6
200609,6
200609,6
200609,6
200609,6
200609,6
200609,6
200609,6
200609,6
200609,6
200609,6
200609,6
200609,6
200609,6
200609,6
200609,6
200609,6
200609,6
200609,6
200610,6
200610,6
200610,6
200610,6
200610,6
200610,6
200610,6
200610,6
200610,6
200610,6
200610,6
200610,6
200610,6
200610,6
200610,6
200610,6
200610,6
200610,6
200610,6
200610,6
200610,6
200610,6
200611,6
200611,6
200611,6
200611,6
200611,6
200611,6.25
200611,6.25
200611,6.25
200611,6.25
200611,6.25
200611,6.25
200611,6.25
200611,6.25
200611,6.25
200611,6.25
200611,6.25
200611,6.25
200611,6.25
200611,6.25
200611,6.25
200611,6.25
200611,6.25
200612,6.25
200612,6.25
200612,6.25
200612,6.25
200612,6.25
200612,6.25
200612,6.25
200612,6.25
200612,6.25
200612,6.25
200612,6.25
200612,6.25
200612,6.25
200612,6.25
200612,6.25
200612,6.25
200612,6.25
200612,6.25
200612,6.25
200701,6.25
200701,6.25
200701,6.25
200701,6.25
200701,6.25
200701,6.25
200701,6.25
200701,6.25
200701,6.25
200701,6.25
200701,6.25
200701,6.25
200701,6.25
200701,6.25
200701,6.25
200701,6.25
200701,6.25
200701,6.25
200701,6.25
200701,6.25
200701,6.25
200702,6.25
200702,6.25
200702,6.25
200702,6.25
200702,6.25
200702,6.25
200702,6.25
200702,6.25
200702,6.25
200702,6.25
200702,6.25
200702,6.25
200702,6.25
200702,6.25
200702,6.25
200702,6.25
200702,6.25
200702,6.25
200702,6.25
200702,6.25
200703,6.25
200703,6.25
200703,6.25
200703,6.25
200703,6.25
200703,6.25
200703,6.25
200703,6.25
200703,6.25
200703,6.25
200703,6.25
200703,6.25
200703,6.25
200703,6.25
200703,6.25
200703,6.25
200703,6.25
200703,6.25
200703,6.25
200703,6.25
200703,6.25
200703,6.25
200704,6.25
200704,6.25
200704,6.25
200704,6.25
200704,6.25
200704,6.25
200704,6.25
200704,6.25
200704,6.25
200704,6.25
200704,6.25
200704,6.25
200704,6.25
200704,6.25
200704,6.25
200704,6.25
200704,6.25
200704,6.25
200705,6.25
200705,6.25
200705,6.25
200705,6.25
200705,6.25
200705,6.25
200705,6.25
200705,6.25
200705,6.25
200705,6.25
200705,6.25
200705,6.25
200705,6.25
200705,6.25
200705,6.25
200705,6.25
200705,6.25
200705,6.25
200705,6.25
200705,6.25
200705,6.25
200705,6.25
200705,6.25
200706,6.25
200706,6.25
200706,6.25
200706,6.25
200706,6.25
200706,6.25
200706,6.25
200706,6.25
200706,6.25
200706,6.25
200706,6.25
200706,6.25
200706,6.25
200706,6.25
200706,6.25
200706,6.25
200706,6.25
200706,6.25
200706,6.25
200706,6.25
200707,6.25
200707,6.25
200707,6.25
200707,6.25
200707,6.25
200707,6.25
200707,6.25
200707,6.25
200707,6.25
200707,6.25
200707,6.25
200707,6.25
200707,6.25
200707,6.25
200707,6.25
200707,6.25
200707,6.25
200707,6.25
200707,6.25
200707,6.25
200707,6.25
200707,6.25
200708,6.25
200708,6.25
200708,6.25
200708,6.25
200708,6.25
200708,6.5
200708,6.5
200708,6.5
200708,6.5
200708,6.5
200708,6.5
200708,6.5
200708,6.5
200708,6.5
200708,6.5
200708,6.5
200708,6.5
200708,6.5
200708,6.5
200708,6.5
200708,6.5
200708,6.5
200708,6.5
200709,6.5
200709,6.5
200709,6.5
200709,6.5
200709,6.5
200709,6.5
200709,6.5
200709,6.5
200709,6.5
200709,6.5
200709,6.5
200709,6.5
200709,6.5
200709,6.5
200709,6.5
200709,6.5
200709,6.5
200709,6.5
200709,6.5
200709,6.5
200710,6.5
200710,6.5
200710,6.5
200710,6.5
200710,6.5
200710,6.5
200710,6.5
200710,6.5
200710,6.5
200710,6.5
200710,6.5
200710,6.5
200710,6.5
200710,6.5
200710,6.5
200710,6.5
200710,6.5
200710,6.5
200710,6.5
200710,6.5
200710,6.5
200710,6.5
200710,6.5
200711,6.5
200711,6.5
200711,6.5
200711,6.5
200711,6.75
200711,6.75
200711,6.75
200711,6.75
200711,6.75
200711,6.75
200711,6.75
200711,6.75
200711,6.75
200711,6.75
200711,6.75
200711,6.75
200711,6.75
200711,6.75
200711,6.75
200711,6.75
200711,6.75
200711,6.75
200712,6.75
200712,6.75
200712,6.75
200712,6.75
200712,6.75
200712,6.75
200712,6.75
200712,6.75
200712,6.75
200712,6.75
200712,6.75
200712,6.75
200712,6.75
200712,6.75
200712,6.75
200712,6.75
200712,6.75
200712,6.75
200712,6.75
200801,6.75
200801,6.75
200801,6.75
200801,6.75
200801,6.75
200801,6.75
200801,6.75
200801,6.75
200801,6.75
200801,6.75
200801,6.75
200801,6.75
200801,6.75
200801,6.75
200801,6.75
200801,6.75
200801,6.75
200801,6.75
200801,6.75
200801,6.75
200801,6.75
200802,6.75
200802,6.75
200802,6.75
200802,7
200802,7
200802,7
200802,7
200802,7
200802,7
200802,7
200802,7
200802,7
200802,7
200802,7
200802,7
200802,7
200802,7
200802,7
200802,7
200802,7
200802,7
200803,7
200803,7
200803,7.25
200803,7.25
200803,7.25
200803,7.25
200803,7.25
200803,7.25
200803,7.25
200803,7.25
200803,7.25
200803,7.25
200803,7.25
200803,7.25
200803,7.25
200803,7.25
200803,7.25
200803,7.25
200803,7.25
200804,7.25
200804,7.25
200804,7.25
200804,7.25
200804,7.25
200804,7.25
200804,7.25
200804,7.25
200804,7.25
200804,7.25
200804,7.25
200804,7.25
200804,7.25
200804,7.25
200804,7.25
200804,7.25
200804,7.25
200804,7.25
200804,7.25
200804,7.25
200804,7.25
200805,7.25
200805,7.25
200805,7.25
200805,7.25
200805,7.25
200805,7.25
200805,7.25
200805,7.25
200805,7.25
200805,7.25
200805,7.25
200805,7.25
200805,7.25
200805,7.25
200805,7.25
200805,7.25
200805,7.25
200805,7.25
200805,7.25
200805,7.25
200805,7.25
200805,7.25
200806,7.25
200806,7.25
200806,7.25
200806,7.25
200806,7.25
200806,7.25
200806,7.25
200806,7.25
200806,7.25
200806,7.25
200806,7.25
200806,7.25
200806,7.25
200806,7.25
200806,7.25
200806,7.25
200806,7.25
200806,7.25
200806,7.25
200806,7.25
200807,7.25
200807,7.25
200807,7.25
200807,7.25
200807,7.25
200807,7.25
200807,7.25
200807,7.25
200807,7.25
200807,7.25
200807,7.25
200807,7.25
200807,7.25
200807,7.25
200807,7.25
200807,7.25
200807,7.25
200807,7.25
200807,7.25
200807,7.25
200807,7.25
200807,7.25
200807,7.25
200808,7.25
200808,7.25
200808,7.25
200808,7.25
200808,7.25
200808,7.25
200808,7.25
200808,7.25
200808,7.25
200808,7.25
200808,7.25
200808,7.25
200808,7.25
200808,7.25
200808,7.25
200808,7.25
200808,7.25
200808,7.25
200808,7.25
200808,7.25
200808,7.25
200809,7.25
200809,7.25
200809,7
200809,7
200809,7
200809,7
200809,7
200809,7
200809,7
200809,7
200809,7
200809,7
200809,7
200809,7
200809,7
200809,7
200809,7
200809,7
200809,7
200809,7
200809,7
200809,7
200810,7
200810,7
200810,7
200810,7
200810,7
200810,6
200810,6
200810,6
200810,6
200810,6
200810,6
200810,6
200810,6
200810,6
200810,6
200810,6
200810,6
200810,6
200810,6
200810,6
200810,6
200810,6
200810,6
200811,6
200811,6
200811,5.25
200811,5.25
200811,5.25
200811,5.25
200811,5.25
200811,5.25
200811,5.25
200811,5.25
200811,5.25
200811,5.25
200811,5.25
200811,5.25
200811,5.25
200811,5.25
200811,5.25
200811,5.25
200811,5.25
200811,5.25
200812,5.25
200812,5.25
200812,4.25
200812,4.25
200812,4.25
200812,4.25
200812,4.25
200812,4.25
200812,4.25
200812,4.25
200812,4.25
200812,4.25
200812,4.25
200812,4.25
200812,4.25
200812,4.25
200812,4.25
200812,4.25
200812,4.25
200812,4.25
200812,4.25
200901,4.25
200901,4.25
200901,4.25
200901,4.25
200901,4.25
200901,4.25
200901,4.25
200901,4.25
200901,4.25
200901,4.25
200901,4.25
200901,4.25
200901,4.25
200901,4.25
200901,4.25
200901,4.25
200901,4.25
200901,4.25
200901,4.25
200901,4.25
200902,4.25
200902,4.25
200902,3.25
200902,3.25
200902,3.25
200902,3.25
200902,3.25
200902,3.25
200902,3.25
200902,3.25
200902,3.25
200902,3.25
200902,3.25
200902,3.25
200902,3.25
200902,3.25
200902,3.25
200902,3.25
200902,3.25
200902,3.25
200903,3.25
200903,3.25
200903,3.25
200903,3.25
200903,3.25
200903,3.25
200903,3.25
200903,3.25
200903,3.25
200903,3.25
200903,3.25
200903,3.25
200903,3.25
200903,3.25
200903,3.25
200903,3.25
200903,3.25
200903,3.25
200903,3.25
200903,3.25
200903,3.25
200903,3.25
200904,3.25
200904,3.25
200904,3.25
200904,3.25
200904,3.25
200904,3
200904,3
200904,3
200904,3
200904,3
200904,3
200904,3
200904,3
200904,3
200904,3
200904,3
200904,3
200904,3
200904,3
200904,3
200905,3
200905,3
200905,3
200905,3
200905,3
200905,3
200905,3
200905,3
200905,3
200905,3
200905,3
200905,3
200905,3
200905,3
200905,3
200905,3
200905,3
200905,3
200905,3
200905,3
200905,3
200906,3
200906,3
200906,3
200906,3
200906,3
200906,3
200906,3
200906,3
200906,3
200906,3
200906,3
200906,3
200906,3
200906,3
200906,3
200906,3
200906,3
200906,3
200906,3
200906,3
200906,3
200907,3
200907,3
200907,3
200907,3
200907,3
200907,3
200907,3
200907,3
200907,3
200907,3
200907,3
200907,3
200907,3
200907,3
200907,3
200907,3
200907,3
200907,3
200907,3
200907,3
200907,3
200907,3
200907,3
200908,3
200908,3
200908,3
200908,3
200908,3
200908,3
200908,3
200908,3
200908,3
200908,3
200908,3
200908,3
200908,3
200908,3
200908,3
200908,3
200908,3
200908,3
200908,3
200908,3
200908,3
200909,3
200909,3
200909,3
200909,3
200909,3
200909,3
200909,3
200909,3
200909,3
200909,3
200909,3
200909,3
200909,3
200909,3
200909,3
200909,3
200909,3
200909,3
200909,3
200909,3
200909,3
200909,3
200910,3
200910,3
200910,3
200910,3
200910,3.25
200910,3.25
200910,3.25
200910,3.25
200910,3.25
200910,3.25
200910,3.25
200910,3.25
200910,3.25
200910,3.25
200910,3.25
200910,3.25
200910,3.25
200910,3.25
200910,3.25
200910,3.25
200910,3.25
200910,3.25
200911,3.25
200911,3.25
200911,3.5
200911,3.5
200911,3.5
200911,3.5
200911,3.5
200911,3.5
200911,3.5
200911,3.5
200911,3.5
200911,3.5
200911,3.5
200911,3.5
200911,3.5
200911,3.5
200911,3.5
200911,3.5
200911,3.5
200911,3.5
200911,3.5
200912,3.5
200912,3.75
200912,3.75
200912,3.75
200912,3.75
200912,3.75
200912,3.75
200912,3.75
200912,3.75
200912,3.75
200912,3.75
200912,3.75
200912,3.75
200912,3.75
200912,3.75
200912,3.75
200912,3.75
200912,3.75
200912,3.75
200912,3.75
200912,3.75
201001,3.75
201001,3.75
201001,3.75
201001,3.75
201001,3.75
201001,3.75
201001,3.75
201001,3.75
201001,3.75
201001,3.75
201001,3.75
201001,3.75
201001,3.75
201001,3.75
201001,3.75
201001,3.75
201001,3.75
201001,3.75
201001,3.75
201002,3.75
201002,3.75
201002,3.75
201002,3.75
201002,3.75
201002,3.75
201002,3.75
201002,3.75
201002,3.75
201002,3.75
201002,3.75
201002,3.75
201002,3.75
201002,3.75
201002,3.75
201002,3.75
201002,3.75
201002,3.75
201002,3.75
201002,3.75
201003,3.75
201003,3.75
201003,4
201003,4
201003,4
201003,4
201003,4
201003,4
201003,4
201003,4
201003,4
201003,4
201003,4
201003,4
201003,4
201003,4
201003,4
201003,4
201003,4
201003,4
201003,4
201003,4
201003,4
201004,4
201004,4
201004,4.25
201004,4.25
201004,4.25
201004,4.25
201004,4.25
201004,4.25
201004,4.25
201004,4.25
201004,4.25
201004,4.25
201004,4.25
201004,4.25
201004,4.25
201004,4.25
201004,4.25
201004,4.25
201004,4.25
201005,4.25
201005,4.25
201005,4.5
201005,4.5
201005,4.5
201005,4.5
201005,4.5
201005,4.5
201005,4.5
201005,4.5
201005,4.5
201005,4.5
201005,4.5
201005,4.5
201005,4.5
201005,4.5
201005,4.5
201005,4.5
201005,4.5
201005,4.5
201005,4.5
201006,4.5
201006,4.5
201006,4.5
201006,4.5
201006,4.5
201006,4.5
201006,4.5
201006,4.5
201006,4.5
201006,4.5
201006,4.5
201006,4.5
201006,4.5
201006,4.5
201006,4.5
201006,4.5
201006,4.5
201006,4.5
201006,4.5
201006,4.5
201006,4.5
201007,4.5
201007,4.5
201007,4.5
201007,4.5
201007,4.5
201007,4.5
201007,4.5
201007,4.5
201007,4.5
201007,4.5
201007,4.5
201007,4.5
201007,4.5
201007,4.5
201007,4.5
201007,4.5
201007,4.5
201007,4.5
201007,4.5
201007,4.5
201007,4.5
201007,4.5
201008,4.5
201008,4.5
201008,4.5
201008,4.5
201008,4.5
201008,4.5
201008,4.5
201008,4.5
201008,4.5
201008,4.5
201008,4.5
201008,4.5
201008,4.5
201008,4.5
201008,4.5
201008,4.5
201008,4.5
201008,4.5
201008,4.5
201008,4.5
201008,4.5
201008,4.5
201009,4.5
201009,4.5
201009,4.5
201009,4.5
201009,4.5
201009,4.5
201009,4.5
201009,4.5
201009,4.5
201009,4.5
201009,4.5
201009,4.5
201009,4.5
201009,4.5
201009,4.5
201009,4.5
201009,4.5
201009,4.5
201009,4.5
201009,4.5
201009,4.5
201009,4.5
201010,4.5
201010,4.5
201010,4.5
201010,4.5
201010,4.5
201010,4.5
201010,4.5
201010,4.5
201010,4.5
201010,4.5
201010,4.5
201010,4.5
201010,4.5
201010,4.5
201010,4.5
201010,4.5
201010,4.5
201010,4.5
201010,4.5
201010,4.5
201010,4.5
201011,4.5
201011,4.75
201011,4.75
201011,4.75
201011,4.75
201011,4.75
201011,4.75
201011,4.75
201011,4.75
201011,4.75
201011,4.75
201011,4.75
201011,4.75
201011,4.75
201011,4.75
201011,4.75
201011,4.75
201011,4.75
201011,4.75
201011,4.75
201011,4.75
201011,4.75
201012,4.75
201012,4.75
201012,4.75
201012,4.75
201012,4.75
201012,4.75
201012,4.75
201012,4.75
201012,4.75
201012,4.75
201012,4.75
201012,4.75
201012,4.75
201012,4.75
201012,4.75
201012,4.75
201012,4.75
201012,4.75
201012,4.75
201012,4.75
201012,4.75
201101,4.75
201101,4.75
201101,4.75
201101,4.75
201101,4.75
201101,4.75
201101,4.75
201101,4.75
201101,4.75
201101,4.75
201101,4.75
201101,4.75
201101,4.75
201101,4.75
201101,4.75
201101,4.75
201101,4.75
201101,4.75
201101,4.75
201102,4.75
201102,4.75
201102,4.75
201102,4.75
201102,4.75
201102,4.75
201102,4.75
201102,4.75
201102,4.75
201102,4.75
201102,4.75
201102,4.75
201102,4.75
201102,4.75
201102,4.75
201102,4.75
201102,4.75
201102,4.75
201102,4.75
201102,4.75
201103,4.75
201103,4.75
201103,4.75
201103,4.75
201103,4.75
201103,4.75
201103,4.75
201103,4.75
201103,4.75
201103,4.75
201103,4.75
201103,4.75
201103,4.75
201103,4.75
201103,4.75
201103,4.75
201103,4.75
201103,4.75
201103,4.75
201103,4.75
201103,4.75
201103,4.75
201103,4.75
201104,4.75
201104,4.75
201104,4.75
201104,4.75
201104,4.75
201104,4.75
201104,4.75
201104,4.75
201104,4.75
201104,4.75
201104,4.75
201104,4.75
201104,4.75
201104,4.75
201104,4.75
201104,4.75
201104,4.75
201104,4.75
201105,4.75
201105,4.75
201105,4.75
201105,4.75
201105,4.75
201105,4.75
201105,4.75
201105,4.75
201105,4.75
201105,4.75
201105,4.75
201105,4.75
201105,4.75
201105,4.75
201105,4.75
201105,4.75
201105,4.75
201105,4.75
201105,4.75
201105,4.75
201105,4.75
201105,4.75
201106,4.75
201106,4.75
201106,4.75
201106,4.75
201106,4.75
201106,4.75
201106,4.75
201106,4.75
201106,4.75
201106,4.75
201106,4.75
201106,4.75
201106,4.75
201106,4.75
201106,4.75
201106,4.75
201106,4.75
201106,4.75
201106,4.75
201106,4.75
201106,4.75
201107,4.75
201107,4.75
201107,4.75
201107,4.75
201107,4.75
201107,4.75
201107,4.75
201107,4.75
201107,4.75
201107,4.75
201107,4.75
201107,4.75
201107,4.75
201107,4.75
201107,4.75
201107,4.75
201107,4.75
201107,4.75
201107,4.75
201107,4.75
201107,4.75
201108,4.75
201108,4.75
201108,4.75
201108,4.75
201108,4.75
201108,4.75
201108,4.75
201108,4.75
201108,4.75
201108,4.75
201108,4.75
201108,4.75
201108,4.75
201108,4.75
201108,4.75
201108,4.75
201108,4.75
201108,4.75
201108,4.75
201108,4.75
201108,4.75
201108,4.75
201109,4.75
201109,4.75
201109,4.75
201109,4.75
201109,4.75
201109,4.75
201109,4.75
201109,4.75
201109,4.75
201109,4.75
201109,4.75
201109,4.75
201109,4.75
201109,4.75
201109,4.75
201109,4.75
201109,4.75
201109,4.75
201109,4.75
201109,4.75
201109,4.75
201109,4.75
201110,4.75
201110,4.75
201110,4.75
201110,4.75
201110,4.75
201110,4.75
201110,4.75
201110,4.75
201110,4.75
201110,4.75
201110,4.75
201110,4.75
201110,4.75
201110,4.75
201110,4.75
201110,4.75
201110,4.75
201110,4.75
201110,4.75
201110,4.75
201111,4.5
201111,4.5
201111,4.5
201111,4.5
201111,4.5
201111,4.5
201111,4.5
201111,4.5
201111,4.5
201111,4.5
201111,4.5
201111,4.5
201111,4.5
201111,4.5
201111,4.5
201111,4.5
201111,4.5
201111,4.5
201111,4.5
201111,4.5
201111,4.5
201111,4.5
201112,4.5
201112,4.5
201112,4.5
201112,4.25
201112,4.25
201112,4.25
201112,4.25
201112,4.25
201112,4.25
201112,4.25
201112,4.25
201112,4.25
201112,4.25
201112,4.25
201112,4.25
201112,4.25
201112,4.25
201112,4.25
201112,4.25
201112,4.25
201201,4.25
201201,4.25
201201,4.25
201201,4.25
201201,4.25
201201,4.25
201201,4.25
201201,4.25
201201,4.25
201201,4.25
201201,4.25
201201,4.25
201201,4.25
201201,4.25
201201,4.25
201201,4.25
201201,4.25
201201,4.25
201201,4.25
201201,4.25
201202,4.25
201202,4.25
201202,4.25
201202,4.25
201202,4.25
201202,4.25
201202,4.25
201202,4.25
201202,4.25
201202,4.25
201202,4.25
201202,4.25
201202,4.25
201202,4.25
201202,4.25
201202,4.25
201202,4.25
201202,4.25
201202,4.25
201202,4.25
201202,4.25
201203,4.25
201203,4.25
201203,4.25
201203,4.25
201203,4.25
201203,4.25
201203,4.25
201203,4.25
201203,4.25
201203,4.25
201203,4.25
201203,4.25
201203,4.25
201203,4.25
201203,4.25
201203,4.25
201203,4.25
201203,4.25
201203,4.25
201203,4.25
201203,4.25
201203,4.25
201204,4.25
201204,4.25
201204,4.25
201204,4.25
201204,4.25
201204,4.25
201204,4.25
201204,4.25
201204,4.25
201204,4.25
201204,4.25
201204,4.25
201204,4.25
201204,4.25
201204,4.25
201204,4.25
201204,4.25
201204,4.25
201205,4.25
201205,3.75
201205,3.75
201205,3.75
201205,3.75
201205,3.75
201205,3.75
201205,3.75
201205,3.75
201205,3.75
201205,3.75
201205,3.75
201205,3.75
201205,3.75
201205,3.75
201205,3.75
201205,3.75
201205,3.75
201205,3.75
201205,3.75
201205,3.75
201205,3.75
201205,3.75
201206,3.75
201206,3.75
201206,3.75
201206,3.5
201206,3.5
201206,3.5
201206,3.5
201206,3.5
201206,3.5
201206,3.5
201206,3.5
201206,3.5
201206,3.5
201206,3.5
201206,3.5
201206,3.5
201206,3.5
201206,3.5
201206,3.5
201206,3.5
201207,3.5
201207,3.5
201207,3.5
201207,3.5
201207,3.5
201207,3.5
201207,3.5
201207,3.5
201207,3.5
201207,3.5
201207,3.5
201207,3.5
201207,3.5
201207,3.5
201207,3.5
201207,3.5
201207,3.5
201207,3.5
201207,3.5
201207,3.5
201207,3.5
201207,3.5
201208,3.5
201208,3.5
201208,3.5
201208,3.5
201208,3.5
201208,3.5
201208,3.5
201208,3.5
201208,3.5
201208,3.5
201208,3.5
201208,3.5
201208,3.5
201208,3.5
201208,3.5
201208,3.5
201208,3.5
201208,3.5
201208,3.5
201208,3.5
201208,3.5
201208,3.5
201208,3.5
201209,3.5
201209,3.5
201209,3.5
201209,3.5
201209,3.5
201209,3.5
201209,3.5
201209,3.5
201209,3.5
201209,3.5
201209,3.5
201209,3.5
201209,3.5
201209,3.5
201209,3.5
201209,3.5
201209,3.5
201209,3.5
201209,3.5
201209,3.5
201210,3.5
201210,3.5
201210,3.25
201210,3.25
201210,3.25
201210,3.25
201210,3.25
201210,3.25
201210,3.25
201210,3.25
201210,3.25
201210,3.25
201210,3.25
201210,3.25
201210,3.25
201210,3.25
201210,3.25
201210,3.25
201210,3.25
201210,3.25
201210,3.25
201210,3.25
201210,3.25
201211,3.25
201211,3.25
201211,3.25
201211,3.25
201211,3.25
201211,3.25
201211,3.25
201211,3.25
201211,3.25
201211,3.25
201211,3.25
201211,3.25
201211,3.25
201211,3.25
201211,3.25
201211,3.25
201211,3.25
201211,3.25
201211,3.25
201211,3.25
201211,3.25
201211,3.25
201212,3.25
201212,3.25
201212,3
201212,3
201212,3
201212,3
201212,3
201212,3
201212,3
201212,3
201212,3
201212,3
201212,3
201212,3
201212,3
201212,3
201212,3
201212,3
201212,3
201301,3
201301,3
201301,3
201301,3
201301,3
201301,3
201301,3
201301,3
201301,3
201301,3
201301,3
201301,3
201301,3
201301,3
201301,3
201301,3
201301,3
201301,3
201301,3
201301,3
201301,3
201302,3
201302,3
201302,3
201302,3
201302,3
201302,3
201302,3
201302,3
201302,3
201302,3
201302,3
201302,3
201302,3
201302,3
201302,3
201302,3
201302,3
201302,3
201302,3
201302,3
201303,3
201303,3
201303,3
201303,3
201303,3
201303,3
201303,3
201303,3
201303,3
201303,3
201303,3
201303,3
201303,3
201303,3
201303,3
201303,3
201303,3
201303,3
201303,3
201303,3
201304,3
201304,3
201304,3
201304,3
201304,3
201304,3
201304,3
201304,3
201304,3
201304,3
201304,3
201304,3
201304,3
201304,3
201304,3
201304,3
201304,3
201304,3
201304,3
201304,3
201305,3
201305,3
201305,3
201305,3
201305,3
201305,2.75
201305,2.75
201305,2.75
201305,2.75
201305,2.75
201305,2.75
201305,2.75
201305,2.75
201305,2.75
201305,2.75
201305,2.75
201305,2.75
201305,2.75
201305,2.75
201305,2.75
201305,2.75
201305,2.75
201305,2.75
201306,2.75
201306,2.75
201306,2.75
201306,2.75
201306,2.75
201306,2.75
201306,2.75
201306,2.75
201306,2.75
201306,2.75
201306,2.75
201306,2.75
201306,2.75
201306,2.75
201306,2.75
201306,2.75
201306,2.75
201306,2.75
201306,2.75
201307,2.75
201307,2.75
201307,2.75
201307,2.75
201307,2.75
201307,2.75
201307,2.75
201307,2.75
201307,2.75
201307,2.75
201307,2.75
201307,2.75
201307,2.75
201307,2.75
201307,2.75
201307,2.75
201307,2.75
201307,2.75
201307,2.75
201307,2.75
201307,2.75
201307,2.75
201307,2.75
201308,2.75
201308,2.75
201308,2.75
201308,2.5
201308,2.5
201308,2.5
201308,2.5
201308,2.5
201308,2.5
201308,2.5
201308,2.5
201308,2.5
201308,2.5
201308,2.5
201308,2.5
201308,2.5
201308,2.5
201308,2.5
201308,2.5
201308,2.5
201308,2.5
201309,2.5
201309,2.5
201309,2.5
201309,2.5
201309,2.5
201309,2.5
201309,2.5
201309,2.5
201309,2.5
201309,2.5
201309,2.5
201309,2.5
201309,2.5
201309,2.5
201309,2.5
201309,2.5
201309,2.5
201309,2.5
201309,2.5
201309,2.5
201309,2.5
201310,2.5
201310,2.5
201310,2.5
201310,2.5
201310,2.5
201310,2.5
201310,2.5
201310,2.5
201310,2.5
201310,2.5
201310,2.5
201310,2.5
201310,2.5
201310,2.5
201310,2.5
201310,2.5
201310,2.5
201310,2.5
201310,2.5
201310,2.5
201310,2.5
201310,2.5
201311,2.5
201311,2.5
201311,2.5
201311,2.5
201311,2.5
201311,2.5
201311,2.5
201311,2.5
201311,2.5
201311,2.5
201311,2.5
201311,2.5
201311,2.5
201311,2.5
201311,2.5
201311,2.5
201311,2.5
201311,2.5
201311,2.5
201311,2.5
201311,2.5
201312,2.5
201312,2.5
201312,2.5
201312,2.5
201312,2.5
201312,2.5
201312,2.5
201312,2.5
201312,2.5
201312,2.5
201312,2.5
201312,2.5
201312,2.5
201312,2.5
201312,2.5
201312,2.5
201312,2.5
201312,2.5
201312,2.5
201312,2.5
201401,2.5
201401,2.5
201401,2.5
201401,2.5
201401,2.5
201401,2.5
201401,2.5
201401,2.5
201401,2.5
201401,2.5
201401,2.5
201401,2.5
201401,2.5
201401,2.5
201401,2.5
201401,2.5
201401,2.5
201401,2.5
201401,2.5
201401,2.5
201401,2.5
201402,2.5
201402,2.5
201402,2.5
201402,2.5
201402,2.5
201402,2.5
201402,2.5
201402,2.5
201402,2.5
201402,2.5
201402,2.5
201402,2.5
201402,2.5
201402,2.5
201402,2.5
201402,2.5
201402,2.5
201402,2.5
201402,2.5
201402,2.5
201403,2.5
201403,2.5
201403,2.5
201403,2.5
201403,2.5
201403,2.5
201403,2.5
201403,2.5
201403,2.5
201403,2.5
201403,2.5
201403,2.5
201403,2.5
201403,2.5
201403,2.5
201403,2.5
201403,2.5
201403,2.5
201403,2.5
201403,2.5
201403,2.5
201404,2.5
201404,2.5
201404,2.5
201404,2.5
201404,2.5
201404,2.5
201404,2.5
201404,2.5
201404,2.5
201404,2.5
201404,2.5
201404,2.5
201404,2.5
201404,2.5
201404,2.5
201404,2.5
201404,2.5
201404,2.5
201404,2.5
201405,2.5
201405,2.5
201405,2.5
201405,2.5
201405,2.5
201405,2.5
201405,2.5
201405,2.5
201405,2.5
201405,2.5
201405,2.5
201405,2.5
201405,2.5
201405,2.5
201405,2.5
201405,2.5
201405,2.5
201405,2.5
201405,2.5
201405,2.5
201405,2.5
201405,2.5
201406,2.5
201406,2.5
201406,2.5
201406,2.5
201406,2.5
201406,2.5
201406,2.5
201406,2.5
201406,2.5
201406,2.5
201406,2.5
201406,2.5
201406,2.5
201406,2.5
201406,2.5
201406,2.5
201406,2.5
201406,2.5
201406,2.5
201406,2.5
201407,2.5
201407,2.5
201407,2.5
201407,2.5
201407,2.5
201407,2.5
201407,2.5
201407,2.5
201407,2.5
201407,2.5
201407,2.5
201407,2.5
201407,2.5
201407,2.5
201407,2.5
201407,2.5
201407,2.5
201407,2.5
201407,2.5
201407,2.5
201407,2.5
201407,2.5
201407,2.5
201408,2.5
201408,2.5
201408,2.5
201408,2.5
201408,2.5
201408,2.5
201408,2.5
201408,2.5
201408,2.5
201408,2.5
201408,2.5
201408,2.5
201408,2.5
201408,2.5
201408,2.5
201408,2.5
201408,2.5
201408,2.5
201408,2.5
201408,2.5
201409,2.5
201409,2.5
201409,2.5
201409,2.5
201409,2.5
201409,2.5
201409,2.5
201409,2.5
201409,2.5
201409,2.5
201409,2.5
201409,2.5
201409,2.5
201409,2.5
201409,2.5
201409,2.5
201409,2.5
201409,2.5
201409,2.5
201409,2.5
201409,2.5
201409,2.5
201410,2.5
201410,2.5
201410,2.5
201410,2.5
201410,2.5
201410,2.5
201410,2.5
201410,2.5
201410,2.5
201410,2.5
201410,2.5
201410,2.5
201410,2.5
201410,2.5
201410,2.5
201410,2.5
201410,2.5
201410,2.5
201410,2.5
201410,2.5
201410,2.5
201410,2.5
201411,2.5
201411,2.5
201411,2.5
201411,2.5
201411,2.5
201411,2.5
201411,2.5
201411,2.5
201411,2.5
201411,2.5
201411,2.5
201411,2.5
201411,2.5
201411,2.5
201411,2.5
201411,2.5
201411,2.5
201411,2.5
201411,2.5
201411,2.5
201412,2.5
201412,2.5
201412,2.5
201412,2.5
201412,2.5
201412,2.5
201412,2.5
201412,2.5
201412,2.5
201412,2.5
201412,2.5
201412,2.5
201412,2.5
201412,2.5
201412,2.5
201412,2.5
201412,2.5
201412,2.5
201412,2.5
201412,2.5
201412,2.5
201501,2.5
201501,2.5
201501,2.5
201501,2.5
201501,2.5
201501,2.5
201501,2.5
201501,2.5
201501,2.5
201501,2.5
201501,2.5
201501,2.5
201501,2.5
201501,2.5
201501,2.5
201501,2.5
201501,2.5
201501,2.5
201501,2.5
201501,2.5
201502,2.5
201502,2.5
201502,2.25
201502,2.25
201502,2.25
201502,2.25
201502,2.25
201502,2.25
201502,2.25
201502,2.25
201502,2.25
201502,2.25
201502,2.25
201502,2.25
201502,2.25
201502,2.25
201502,2.25
201502,2.25
201502,2.25
201502,2.25
201503,2.25
201503,2.25
201503,2.25
201503,2.25
201503,2.25
201503,2.25
201503,2.25
201503,2.25
201503,2.25
201503,2.25
201503,2.25
201503,2.25
201503,2.25
201503,2.25
201503,2.25
201503,2.25
201503,2.25
201503,2.25
201503,2.25
201503,2.25
201503,2.25
201503,2.25
201504,2.25
201504,2.25
201504,2.25
201504,2.25
201504,2.25
201504,2.25
201504,2.25
201504,2.25
201504,2.25
201504,2.25
201504,2.25
201504,2.25
201504,2.25
201504,2.25
201504,2.25
201504,2.25
201504,2.25
201504,2.25
201504,2.25
201504,2.25
201505,2.25
201505,2.25
201505,2.25
201505,2
201505,2
201505,2
201505,2
201505,2
201505,2
201505,2
201505,2
201505,2
201505,2
201505,2
201505,2
201505,2
201505,2
201505,2
201505,2
201505,2
201505,2
201506,2
201506,2
201506,2
201506,2
201506,2
201506,2
201506,2
201506,2
201506,2
201506,2
201506,2
201506,2
201506,2
201506,2
201506,2
201506,2
201506,2
201506,2
201506,2
201506,2
201506,2
201507,2
201507,2
201507,2
201507,2
201507,2
201507,2
201507,2
201507,2
201507,2
201507,2
201507,2
201507,2
201507,2
201507,2
201507,2
201507,2
201507,2
201507,2
201507,2
201507,2
201507,2
201507,2
201507,2
201508,2
201508,2
201508,2
201508,2
201508,2
201508,2
201508,2
201508,2
201508,2
201508,2
201508,2
201508,2
201508,2
201508,2
201508,2
201508,2
201508,2
201508,2
201508,2
201508,2
201509,2
201509,2
201509,2
201509,2
201509,2
201509,2
201509,2
201509,2
201509,2
201509,2
201509,2
201509,2
201509,2
201509,2
201509,2
201509,2
201509,2
201509,2
201509,2
201509,2
201509,2
201509,2
201510,2
201510,2
201510,2
201510,2
201510,2
201510,2
201510,2
201510,2
201510,2
201510,2
201510,2
201510,2
201510,2
201510,2
201510,2
201510,2
201510,2
201510,2
201510,2
201510,2
201510,2
201511,2
201511,2
201511,2
201511,2
201511,2
201511,2
201511,2
201511,2
201511,2
201511,2
201511,2
201511,2
201511,2
201511,2
201511,2
201511,2
201511,2
201511,2
201511,2
201511,2
201511,2
201512,2
201512,2
201512,2
201512,2
201512,2
201512,2
201512,2
201512,2
201512,2
201512,2
201512,2
201512,2
201512,2
201512,2
201512,2
201512,2
201512,2
201512,2
201512,2
201512,2
201512,2
201601,2
201601,2
201601,2
201601,2
201601,2
201601,2
201601,2
201601,2
201601,2
201601,2
201601,2
201601,2
201601,2
201601,2
201601,2
201601,2
201601,2
201601,2
201601,2
201602,2
201602,2
201602,2
201602,2
201602,2
201602,2
201602,2
201602,2
201602,2
201602,2
201602,2
201602,2
201602,2
201602,2
201602,2
201602,2
201602,2
201602,2
201602,2
201602,2
201602,2
201603,2
201603,2
201603,2
201603,2
201603,2
201603,2
201603,2
201603,2
201603,2
201603,2
201603,2
201603,2
201603,2
201603,2
201603,2
201603,2
201603,2
201603,2
201603,2
201603,2
201603,2
201604,2
201604,2
201604,2
201604,2
201604,2
201604,2
201604,2
201604,2
201604,2
201604,2
201604,2
201604,2
201604,2
201604,2
201604,2
201604,2
201604,2
201604,2
201604,2
201604,2
201605,2
201605,2
201605,1.75
201605,1.75
201605,1.75
201605,1.75
201605,1.75
201605,1.75
201605,1.75
201605,1.75
201605,1.75
201605,1.75
201605,1.75
201605,1.75
201605,1.75
201605,1.75
201605,1.75
201605,1.75
201605,1.75
201605,1.75
201605,1.75
201605,1.75
201606,1.75
201606,1.75
201606,1.75
201606,1.75
201606,1.75
201606,1.75
201606,1.75
201606,1.75
201606,1.75
201606,1.75
201606,1.75
201606,1.75
201606,1.75
201606,1.75
201606,1.75
201606,1.75
201606,1.75
201606,1.75
201606,1.75
201606,1.75
201606,1.75
201607,1.75
201607,1.75
201607,1.75
201607,1.75
201607,1.75
201607,1.75
201607,1.75
201607,1.75
201607,1.75
201607,1.75
201607,1.75
201607,1.75
201607,1.75
201607,1.75
201607,1.75
201607,1.75
201607,1.75
201607,1.75
201607,1.75
201607,1.75
201607,1.75
201608,1.75
201608,1.75
201608,1.5
201608,1.5
201608,1.5
201608,1.5
201608,1.5
201608,1.5
201608,1.5
201608,1.5
201608,1.5
201608,1.5
201608,1.5
201608,1.5
201608,1.5
201608,1.5
201608,1.5
201608,1.5
201608,1.5
201608,1.5
201608,1.5
201608,1.5
201608,1.5
201609,1.5
201609,1.5
201609,1.5
201609,1.5
201609,1.5
201609,1.5
201609,1.5
201609,1.5
201609,1.5
201609,1.5
201609,1.5
201609,1.5
201609,1.5
201609,1.5
201609,1.5
201609,1.5
201609,1.5
201609,1.5
201609,1.5
201609,1.5
201609,1.5
201609,1.5
201610,1.5
201610,1.5
201610,1.5
201610,1.5
201610,1.5
201610,1.5
201610,1.5
201610,1.5
201610,1.5
201610,1.5
201610,1.5
201610,1.5
201610,1.5
201610,1.5
201610,1.5
201610,1.5
201610,1.5
201610,1.5
201610,1.5
201610,1.5
201610,1.5
201611,1.5
201611,1.5
201611,1.5
201611,1.5
201611,1.5
201611,1.5
201611,1.5
201611,1.5
201611,1.5
201611,1.5
201611,1.5
201611,1.5
201611,1.5
201611,1.5
201611,1.5
201611,1.5
201611,1.5
201611,1.5
201611,1.5
201611,1.5
201611,1.5
201611,1.5
201612,1.5
201612,1.5
201612,1.5
201612,1.5
201612,1.5
201612,1.5
201612,1.5
201612,1.5
201612,1.5
201612,1.5
201612,1.5
201612,1.5
201612,1.5
201612,1.5
201612,1.5
201612,1.5
201612,1.5
201612,1.5
201612,1.5
201612,1.5
201701,1.5
201701,1.5
201701,1.5
201701,1.5
201701,1.5
201701,1.5
201701,1.5
201701,1.5
201701,1.5
201701,1.5
201701,1.5
201701,1.5
201701,1.5
201701,1.5
201701,1.5
201701,1.5
201701,1.5
201701,1.5
201701,1.5
201701,1.5
201702,1.5
201702,1.5
201702,1.5
201702,1.5
201702,1.5
201702,1.5
201702,1.5
201702,1.5
201702,1.5
201702,1.5
201702,1.5
201702,1.5
201702,1.5
201702,1.5
201702,1.5
201702,1.5
201702,1.5
201702,1.5
201702,1.5
201702,1.5
201703,1.5
201703,1.5
201703,1.5
201703,1.5
201703,1.5
201703,1.5
201703,1.5
201703,1.5
201703,1.5
201703,1.5
201703,1.5
201703,1.5
201703,1.5
201703,1.5
201703,1.5
201703,1.5
201703,1.5
201703,1.5
201703,1.5
201703,1.5
201703,1.5
201703,1.5
201703,1.5
201704,1.5
201704,1.5
201704,1.5
201704,1.5
201704,1.5
201704,1.5
201704,1.5
201704,1.5
201704,1.5
201704,1.5
201704,1.5
201704,1.5
201704,1.5
201704,1.5
201704,1.5
201704,1.5
201704,1.5
201705,1.5
201705,1.5
201705,1.5
201705,1.5
201705,1.5
201705,1.5
201705,1.5
201705,1.5
201705,1.5
201705,1.5
201705,1.5
201705,1.5
201705,1.5
201705,1.5
201705,1.5
201705,1.5
201705,1.5
201705,1.5
201705,1.5
201705,1.5
201705,1.5
201705,1.5
201705,1.5
201706,1.5
201706,1.5
201706,1.5
201706,1.5
201706,1.5
201706,1.5
201706,1.5
201706,1.5
201706,1.5
201706,1.5
201706,1.5
201706,1.5
201706,1.5
201706,1.5
201706,1.5
201706,1.5
201706,1.5
201706,1.5
201706,1.5
201706,1.5
201706,1.5
201707,1.5
201707,1.5
201707,1.5
201707,1.5
201707,1.5
201707,1.5
201707,1.5
201707,1.5
201707,1.5
201707,1.5
201707,1.5
201707,1.5
201707,1.5
201707,1.5
201707,1.5
201707,1.5
201707,1.5
201707,1.5
201707,1.5
201707,1.5
201707,1.5
201708,1.5
201708,1.5
201708,1.5
201708,1.5
201708,1.5
201708,1.5
201708,1.5
201708,1.5
201708,1.5
201708,1.5
201708,1.5
201708,1.5
201708,1.5
201708,1.5
201708,1.5
201708,1.5
201708,1.5
201708,1.5
201708,1.5
201708,1.5
201708,1.5
201708,1.5
201708,1.5
201709,1.5
201709,1.5
201709,1.5
201709,1.5
201709,1.5
201709,1.5
201709,1.5
201709,1.5
201709,1.5
201709,1.5
201709,1.5
201709,1.5
201709,1.5
201709,1.5
201709,1.5
201709,1.5
201709,1.5
201709,1.5
201709,1.5
201709,1.5
201709,1.5
201710,1.5
201710,1.5
201710,1.5
201710,1.5
201710,1.5
201710,1.5
201710,1.5
201710,1.5
201710,1.5
201710,1.5
201710,1.5
201710,1.5
201710,1.5
201710,1.5
201710,1.5
201710,1.5
201710,1.5
201710,1.5
201710,1.5
201710,1.5
201710,1.5
201710,1.5
201711,1.5
201711,1.5
201711,1.5
201711,1.5
201711,1.5
201711,1.5
201711,1.5
201711,1.5
201711,1.5
201711,1.5
201711,1.5
201711,1.5
201711,1.5
201711,1.5
201711,1.5
201711,1.5
201711,1.5
201711,1.5
201711,1.5
201711,1.5
201711,1.5
201711,1.5
201712,1.5
201712,1.5
201712,1.5
201712,1.5
201712,1.5
201712,1.5
201712,1.5
201712,1.5
201712,1.5
201712,1.5
201712,1.5
201712,1.5
201712,1.5
201712,1.5
201712,1.5
201712,1.5
201712,1.5
201712,1.5
201712,1.5
201801,1.5
201801,1.5
201801,1.5
201801,1.5
201801,1.5
201801,1.5
201801,1.5
201801,1.5
201801,1.5
201801,1.5
201801,1.5
201801,1.5
201801,1.5
201801,1.5
201801,1.5
201801,1.5
201801,1.5
201801,1.5
201801,1.5
201801,1.5
201801,1.5
201802,1.5
201802,1.5
201802,1.5
201802,1.5
201802,1.5
201802,1.5
201802,1.5
201802,1.5
201802,1.5
201802,1.5
201802,1.5
201802,1.5
201802,1.5
201802,1.5
201802,1.5
201802,1.5
201802,1.5
201802,1.5
201802,1.5
201802,1.5
201803,1.5
201803,1.5
201803,1.5
201803,1.5
201803,1.5
201803,1.5
201803,1.5
201803,1.5
201803,1.5
201803,1.5
201803,1.5
201803,1.5
201803,1.5
201803,1.5
201803,1.5
201803,1.5
201803,1.5
201803,1.5
201803,1.5
201803,1.5
201803,1.5
201804,1.5
201804,1.5
201804,1.5
201804,1.5
201804,1.5
201804,1.5
201804,1.5
201804,1.5
201804,1.5
201804,1.5
201804,1.5
201804,1.5
201804,1.5
201804,1.5
201804,1.5
201804,1.5
201804,1.5
201804,1.5
201804,1.5
201805,1.5
201805,1.5
201805,1.5
201805,1.5
201805,1.5
201805,1.5
201805,1.5
201805,1.5
201805,1.5
201805,1.5
201805,1.5
201805,1.5
201805,1.5
201805,1.5
201805,1.5
201805,1.5
201805,1.5
201805,1.5
201805,1.5
201805,1.5
201805,1.5
201805,1.5
201805,1.5
201806,1.5
201806,1.5
201806,1.5
201806,1.5
201806,1.5
201806,1.5
201806,1.5
201806,1.5
201806,1.5
201806,1.5
201806,1.5
201806,1.5
201806,1.5
201806,1.5
201806,1.5
201806,1.5
201806,1.5
201806,1.5
201806,1.5
201806,1.5
201807,1.5
201807,1.5
201807,1.5
201807,1.5
201807,1.5
201807,1.5
201807,1.5
201807,1.5
201807,1.5
201807,1.5
201807,1.5
201807,1.5
201807,1.5
201807,1.5
201807,1.5
201807,1.5
201807,1.5
201807,1.5
201807,1.5
201807,1.5
201807,1.5
201807,1.5
201808,1.5
201808,1.5
201808,1.5
201808,1.5
201808,1.5
201808,1.5
201808,1.5
201808,1.5
201808,1.5
201808,1.5
201808,1.5
201808,1.5
201808,1.5
201808,1.5
201808,1.5
201808,1.5
201808,1.5
201808,1.5
201808,1.5
201808,1.5
201808,1.5
201808,1.5
201808,1.5
201809,1.5
201809,1.5
201809,1.5
201809,1.5
201809,1.5
201809,1.5
201809,1.5
201809,1.5
201809,1.5
201809,1.5
201809,1.5
201809,1.5
201809,1.5
201809,1.5
201809,1.5
201809,1.5
201809,1.5
201809,1.5
201809,1.5
201809,1.5
201810,1.5
201810,1.5
201810,1.5
201810,1.5
201810,1.5
201810,1.5
201810,1.5
201810,1.5
201810,1.5
201810,1.5
201810,1.5
201810,1.5
201810,1.5
201810,1.5
201810,1.5
201810,1.5
201810,1.5
201810,1.5
201810,1.5
201810,1.5
201810,1.5
201810,1.5
201810,1.5
201811,1.5
201811,1.5
201811,1.5
201811,1.5
201811,1.5
201811,1.5
201811,1.5
201811,1.5
201811,1.5
201811,1.5
201811,1.5
201811,1.5
201811,1.5
201811,1.5
201811,1.5
201811,1.5
201811,1.5
201811,1.5
201811,1.5
201811,1.5
201811,1.5
201811,1.5
201812,1.5
201812,1.5
201812,1.5
201812,1.5
201812,1.5
201812,1.5
201812,1.5
201812,1.5
201812,1.5
201812,1.5
201812,1.5
201812,1.5
201812,1.5
201812,1.5
201812,1.5
201812,1.5
201812,1.5
201812,1.5
201812,1.5
201901,1.5
201901,1.5
201901,1.5
201901,1.5
201901,1.5
201901,1.5
201901,1.5
201901,1.5
201901,1.5
201901,1.5
201901,1.5
201901,1.5
201901,1.5
201901,1.5
201901,1.5
201901,1.5
201901,1.5
201901,1.5
201901,1.5
201901,1.5
201901,1.5
201902,1.5
201902,1.5
201902,1.5
201902,1.5
201902,1.5
201902,1.5
201902,1.5
201902,1.5
201902,1.5
201902,1.5
201902,1.5
201902,1.5
201902,1.5
201902,1.5
201902,1.5
201902,1.5
201902,1.5
201902,1.5
201902,1.5
201902,1.5
201903,1.5
201903,1.5
201903,1.5
201903,1.5
201903,1.5
201903,1.5
201903,1.5
201903,1.5
201903,1.5
201903,1.5
201903,1.5
201903,1.5
201903,1.5
201903,1.5
201903,1.5
201903,1.5
201903,1.5
201903,1.5
201903,1.5
201903,1.5
201903,1.5
201904,1.5
201904,1.5
201904,1.5
201904,1.5
201904,1.5
201904,1.5
201904,1.5
201904,1.5
201904,1.5
201904,1.5
201904,1.5
201904,1.5
201904,1.5
201904,1.5
201904,1.5
201904,1.5
201904,1.5
201904,1.5
201904,1.5
201905,1.5
201905,1.5
201905,1.5
201905,1.5
201905,1.5
201905,1.5
201905,1.5
201905,1.5
201905,1.5
201905,1.5
201905,1.5
201905,1.5
201905,1.5
201905,1.5
201905,1.5
201905,1.5
201905,1.5
201905,1.5
201905,1.5
201905,1.5
201905,1.5
201905,1.5
201905,1.5
201906,1.5
201906,1.5
201906,1.25
201906,1.25
201906,1.25
201906,1.25
201906,1.25
201906,1.25
201906,1.25
201906,1.25
201906,1.25
201906,1.25
201906,1.25
201906,1.25
201906,1.25
201906,1.25
201906,1.25
201906,1.25
201906,1.25
201907,1.25
201907,1.25
201907,1
201907,1
201907,1
201907,1
201907,1
201907,1
201907,1
201907,1
201907,1
201907,1
201907,1
201907,1
201907,1
201907,1
201907,1
201907,1
201907,1
201907,1
201907,1
201907,1
201907,1
201908,1
201908,1
201908,1
201908,1
201908,1
201908,1
201908,1
201908,1
201908,1
201908,1
201908,1
201908,1
201908,1
201908,1
201908,1
201908,1
201908,1
201908,1
201908,1
201908,1
201908,1
201908,1
201909,1
201909,1
201909,1
201909,1
201909,1
201909,1
201909,1
201909,1
201909,1
201909,1
201909,1
201909,1
201909,1
201909,1
201909,1
201909,1
201909,1
201909,1
201909,1
201909,1
201909,1
201910,1
201910,0.75
201910,0.75
201910,0.75
201910,0.75
201910,0.75
201910,0.75
201910,0.75
201910,0.75
201910,0.75
201910,0.75
201910,0.75
201910,0.75
201910,0.75
201910,0.75
201910,0.75
201910,0.75
201910,0.75
201910,0.75
201910,0.75
201910,0.75
201910,0.75
201910,0.75
201911,0.75
201911,0.75
201911,0.75
201911,0.75
201911,0.75
201911,0.75
201911,0.75
201911,0.75
201911,0.75
201911,0.75
201911,0.75
201911,0.75
201911,0.75
201911,0.75
201911,0.75
201911,0.75
201911,0.75
201911,0.75
201911,0.75
201911,0.75
201911,0.75
201912,0.75
201912,0.75
201912,0.75
201912,0.75
201912,0.75
201912,0.75
201912,0.75
201912,0.75
201912,0.75
201912,0.75
201912,0.75
201912,0.75
201912,0.75
201912,0.75
201912,0.75
201912,0.75
201912,0.75
201912,0.75
201912,0.75
201912,0.75
202001,0.75
202001,0.75
202001,0.75
202001,0.75
202001,0.75
202001,0.75
202001,0.75
202001,0.75
202001,0.75
202001,0.75
202001,0.75
202001,0.75
202001,0.75
202001,0.75
202001,0.75
202001,0.75
202001,0.75
202001,0.75
202001,0.75
202001,0.75
202001,0.75
202002,0.75
202002,0.75
202002,0.75
202002,0.75
202002,0.75
202002,0.75
202002,0.75
202002,0.75
202002,0.75
202002,0.75
202002,0.75
202002,0.75
202002,0.75
202002,0.75
202002,0.75
202002,0.75
202002,0.75
202002,0.75
202002,0.75
202002,0.75
202003,0.75
202003,0.75
202003,0.5
202003,0.5
202003,0.5
202003,0.5
202003,0.5
202003,0.5
202003,0.5
202003,0.5
202003,0.5
202003,0.5
202003,0.5
202003,0.5
202003,0.25
202003,0.25
202003,0.25
202003,0.24
202003,0.23
202003,0.22
202003,0.23
202003,0.2
202004,0.2
202004,0.19
202004,0.18
202004,0.18
202004,0.17
202004,0.17
202004,0.17
202004,0.17
202004,0.16
202004,0.15
202004,0.15
202004,0.15
202004,0.14
202004,0.14
202004,0.14
202004,0.14
202004,0.13
202004,0.13
202004,0.13
202004,0.14
202005,0.14
202005,0.14
202005,0.14
202005,0.14
202005,0.14
202005,0.14
202005,0.14
202005,0.14
202005,0.14
202005,0.13
202005,0.13
202005,0.13
202005,0.13
202005,0.13
202005,0.13
202005,0.13
202005,0.13
202005,0.13
202005,0.13
202005,0.14
202005,0.14
202006,0.15
202006,0.15
202006,0.14
202006,0.14
202006,0.14
202006,0.14
202006,0.14
202006,0.14
202006,0.14
202006,0.13
202006,0.13
202006,0.13
202006,0.13
202006,0.13
202006,0.13
202006,0.13
202006,0.13
202006,0.13
202006,0.13
202006,0.13
202006,0.14
202007,0.14
202007,0.14
202007,0.13
202007,0.13
202007,0.13
202007,0.13
202007,0.13
202007,0.13
202007,0.13
202007,0.13
202007,0.13
202007,0.13
202007,0.13
202007,0.13
202007,0.13
202007,0.13
202007,0.13
202007,0.13
202007,0.13
202007,0.13
202007,0.13
202007,0.13
202007,0.13
202008,0.13
202008,0.14
202008,0.14
202008,0.14
202008,0.13
202008,0.13
202008,0.13
202008,0.13
202008,0.13
202008,0.13
202008,0.13
202008,0.13
202008,0.13
202008,0.13
202008,0.13
202008,0.13
202008,0.13
202008,0.13
202008,0.13
202008,0.13
202009,0.13
202009,0.13
202009,0.13
202009,0.13
202009,0.13
202009,0.13
202009,0.13
202009,0.13
202009,0.13
202009,0.13
202009,0.13
202009,0.13
202009,0.13
202009,0.13
202009,0.13
202009,0.13
202009,0.13
202009,0.13
202009,0.13
202009,0.13
202009,0.13
202009,0.13
202010,0.13
202010,0.13
202010,0.13
202010,0.13
202010,0.13
202010,0.13
202010,0.13
202010,0.13
202010,0.13
202010,0.13
202010,0.13
202010,0.13
202010,0.13
202010,0.13
202010,0.13
202010,0.13
202010,0.13
202010,0.13
202010,0.13
202010,0.13
202010,0.13
202011,0.13
202011,0.13
202011,0.04
202011,0.04
202011,0.04
202011,0.05
202011,0.05
202011,0.05
202011,0.05
202011,0.05
202011,0.05
202011,0.05
202011,0.05
202011,0.05
202011,0.05
202011,0.05
202011,0.05
202011,0.05
202011,0.05
202011,0.05
202011,0.05
202012,0.05
202012,0.04
202012,0.04
202012,0.04
202012,0.04
202012,0.04
202012,0.04
202012,0.04
202012,0.04
202012,0.04
202012,0.04
202012,0.04
202012,0.04
202012,0.04
202012,0.04
202012,0.04
202012,0.04
202012,0.04
202012,0.04
202012,0.04
202012,0.04
202101,0.04
202101,0.04
202101,0.03
202101,0.03
202101,0.03
202101,0.03
202101,0.03
202101,0.03
202101,0.03
202101,0.03
202101,0.03
202101,0.03
202101,0.03
202101,0.03
202101,0.03
202101,0.03
202101,0.03
202101,0.03
202101,0.03
202102,0.03
202102,0.03
202102,0.03
202102,0.03
202102,0.03
202102,0.03
202102,0.03
202102,0.03
202102,0.03
202102,0.03
202102,0.03
202102,0.03
202102,0.03
202102,0.03
202102,0.03
202102,0.03
202102,0.03
202102,0.03
202102,0.03
202102,0.03
202103,0.03
202103,0.03
202103,0.03
202103,0.03
202103,0.03
202103,0.03
202103,0.03
202103,0.03
202103,0.03
202103,0.03
202103,0.03
202103,0.03
202103,0.03
202103,0.03
202103,0.03
202103,0.03
202103,0.03
202103,0.03
202103,0.03
202103,0.03
202103,0.03
202103,0.03
202103,0.03
202104,0.03
202104,0.03
202104,0.03
202104,0.03
202104,0.03
202104,0.03
202104,0.03
202104,0.03
202104,0.03
202104,0.03
202104,0.03
202104,0.03
202104,0.03
202104,0.03
202104,0.03
202104,0.03
202104,0.03
202104,0.03
202104,0.03
202104,0.03
202105,0.03
202105,0.03
202105,0.03
202105,0.03
202105,0.03
202105,0.03
202105,0.03
202105,0.03
202105,0.03
202105,0.03
202105,0.03
202105,0.03
202105,0.03
202105,0.03
202105,0.03
202105,0.03
202105,0.03
202105,0.03
202105,0.03
202105,0.03
202105,0.03
202106,0.03
202106,0.03
202106,0.03
202106,0.03
202106,0.03
202106,0.03
202106,0.03
202106,0.03
202106,0.03
202106,0.03
202106,0.03
202106,0.03
202106,0.03
202106,0.03
202106,0.03
202106,0.03
202106,0.03
202106,0.03
202106,0.03
202106,0.03
202106,0.03
202107,0.03
202107,0.03
202107,0.03
202107,0.03
202107,0.03
202107,0.03
202107,0.03
202107,0.03
202107,0.03
202107,0.03
202107,0.03
202107,0.03
202107,0.03
202107,0.03
202107,0.03
202107,0.03
202107,0.03
202107,0.03
202107,0.03
202107,0.03
202107,0.03
202107,0.03
202108,0.03
202108,0.03
202108,0.03
202108,0.03
202108,0.03
202108,0.03
202108,0.03
202108,0.03
202108,0.03
202108,0.03
202108,0.03
202108,0.03
202108,0.03
202108,0.03
202108,0.03
202108,0.03
202108,0.03
202108,0.03
202108,0.03
202108,0.03
202108,0.03
202109,0.03
202109,0.03
202109,0.03
202109,0.03
202109,0.03
202109,0.03
202109,0.03
202109,0.03
202109,0.03
202109,0.03
202109,0.03
202109,0.03
202109,0.03
202109,0.03
202109,0.03
202109,0.03
202109,0.03
202109,0.03
202109,0.03
202109,0.03
202109,0.03
202109,0.03
202110,0.03
202110,0.03
202110,0.03
202110,0.03
202110,0.03
202110,0.03
202110,0.03
202110,0.03
202110,0.03
202110,0.03
202110,0.03
202110,0.03
202110,0.03
202110,0.03
202110,0.03
202110,0.03
202110,0.03
202110,0.03
202110,0.03
202110,0.03
202111,0.03
202111,0.03
202111,0.03
202111,0.03
202111,0.03
202111,0.03
202111,0.03
202111,0.03
202111,0.03
202111,0.04
202111,0.04
202111,0.04
202111,0.04
202111,0.04
202111,0.04
202111,0.04
202111,0.04
202111,0.04
202111,0.04
202111,0.04
202111,0.04
202111,0.04
202112,0.04
202112,0.04
202112,0.04
202112,0.04
202112,0.04
202112,0.04
202112,0.04
202112,0.04
202112,0.04
202112,0.04
202112,0.04
202112,0.04
202112,0.04
202112,0.04
202112,0.04
202112,0.04
202112,0.04
202112,0.04
202112,0.04
202112,0.04
202112,0.04
202201,0.04
202201,0.04
202201,0.04
202201,0.04
202201,0.04
202201,0.04
202201,0.04
202201,0.05
202201,0.05
202201,0.05
202201,0.05
202201,0.05
202201,0.05
202201,0.05
202201,0.05
202201,0.05
202201,0.05
202201,0.05
202201,0.05
202202,0.05
202202,0.05
202202,0.05
202202,0.05
202202,0.05
202202,0.05
202202,0.05
202202,0.05
202202,0.05
202202,0.05
202202,0.05
202202,0.05
202202,0.05
202202,0.05
202202,0.05
202202,0.05
202202,0.05
202202,0.05
202202,0.05
202202,0.05
202203,0.05
202203,0.05
202203,0.05
202203,0.05
202203,0.05
202203,0.05
202203,0.05
202203,0.05
202203,0.05
202203,0.05
202203,0.05
202203,0.05
202203,0.05
202203,0.05
202203,0.05
202203,0.05
202203,0.05
202203,0.05
202203,0.05
202203,0.05
202203,0.05
202203,0.05
202203,0.09
202204,0.07
202204,0.06
202204,0.06
202204,0.06
202204,0.06
202204,0.06
202204,0.06
202204,0.06
202204,0.06
202204,0.06
202204,0.06
202204,0.06
202204,0.06
202204,0.06
202204,0.06
202204,0.06
202204,0.06
202204,0.06
202205,0.06
202205,0.07
202205,0.31
202205,0.31
202205,0.31
202205,0.31
202205,0.31
202205,0.31
202205,0.31
202205,0.31
202205,0.31
202205,0.31
202205,0.31
202205,0.31
202205,0.31
202205,0.31
202205,0.31
202205,0.31
202205,0.31
202205,0.31
202205,0.31
202205,0.31
202206,0.31
202206,0.31
202206,0.31
202206,0.31
202206,0.31
202206,0.81
202206,0.82
202206,0.81
202206,0.81
202206,0.81
202206,0.81
202206,0.81
202206,0.81
202206,0.81
202206,0.81
202206,0.81
202206,0.81
202206,0.81
202206,0.81
202206,0.81
202206,0.81
202207,0.81
202207,0.81
202207,0.81
202207,1.31
202207,1.31
202207,1.31
202207,1.31
202207,1.31
202207,1.31
202207,1.31
202207,1.31
202207,1.31
202207,1.31
202207,1.31
202207,1.31
202207,1.31
202207,1.31
202207,1.31
202207,1.31
202207,1.31
202207,1.31
202208,1.31
202208,1.81
202208,1.81
202208,1.81
202208,1.81
202208,1.81
202208,1.81
202208,1.81
202208,1.81
202208,1.81
202208,1.81
202208,1.81
202208,1.81
202208,1.81
202208,1.81
202208,1.81
202208,1.81
202208,1.81
202208,1.81
202208,1.81
202208,1.81
202208,1.81
202209,1.81
202209,1.81
202209,1.81
202209,1.81
202209,2.31
202209,2.31
202209,2.31
202209,2.31
202209,2.31
202209,2.31
202209,2.31
202209,2.31
202209,2.31
202209,2.31
202209,2.31
202209,2.31
202209,2.31
202209,2.31
202209,2.31
202209,2.31
202209,2.31
